-- Ubicaciones
CREATE TABLE Ubicaciones (
    id_ubicacion SERIAL PRIMARY KEY,
    nombre_ubicacion VARCHAR(255) NOT NULL,
    id_padre INTEGER REFERENCES Ubicaciones(id_ubicacion)
);

-- Generos
CREATE TABLE Generos (
    id_genero SERIAL PRIMARY KEY,
    nombre_genero VARCHAR(100) UNIQUE NOT NULL,
    descripcion_genero TEXT
);

-- Peliculas
CREATE TABLE Peliculas (
    id_pelicula SERIAL PRIMARY KEY,
    nombre_pelicula VARCHAR(255) NOT NULL,
    sinopsis_pelicula TEXT,
    id_genero INTEGER REFERENCES Generos(id_genero),
    duracion_pelicula Integer NOT NULL,
    idioma VARCHAR(50),
    thumbnail VARCHAR(255)
);

-- Cines
CREATE TABLE Cines (
    id_cine SERIAL PRIMARY KEY,
    id_ubicacion INTEGER REFERENCES Ubicaciones(id_ubicacion),
    nombre_cine VARCHAR(255) NOT NULL,
    telefono_cine VARCHAR(50)
);

-- Tipos_salas
CREATE TABLE Tipos_salas (
    id_tipo_sala SERIAL PRIMARY KEY,
    nombre VARCHAR(100) NOT NULL,
    descripcion VARCHAR(255)
);

-- Salas
CREATE TABLE Salas (
    id_sala SERIAL PRIMARY KEY,
    nombre_sala VARCHAR(100) NOT NULL,
    id_tipo_sala INTEGER REFERENCES Tipos_salas(id_tipo_sala),
    sala_capacidad INTEGER NOT NULL,
    id_cine INTEGER REFERENCES Cines(id_cine)
);

-- Funciones
CREATE TABLE Funciones (
    id_funcion SERIAL PRIMARY KEY,
    id_sala INTEGER REFERENCES Salas(id_sala),
    id_pelicula INTEGER REFERENCES Peliculas(id_pelicula),
    fecha_funcion DATE NOT NULL,
    hora_inicio_funcion TIME NOT NULL
);


-- Cargos
CREATE TABLE Cargos (
    id_cargo SERIAL PRIMARY KEY,
    nombre_cargo VARCHAR(100) UNIQUE NOT NULL,
    descripcion_cargo TEXT
);

-- Usuarios
CREATE TABLE Usuarios (
    id_usuario SERIAL PRIMARY KEY,
    nombre_usuario VARCHAR(50) NOT NULL,
    contrasena_usuario VARCHAR(255) NOT NULL,
    fecha_creacion DATE NOT NULL,
    apellido_usuario VARCHAR(100) NOT NULL,
    fecha_nacimiento_usuario DATE,
    id_cine INTEGER REFERENCES Cines(id_cine),
    id_cargo INTEGER REFERENCES Cargos(id_cargo),
    email_usuario VARCHAR(255) UNIQUE NOT NULL
);

-- Reservaciones
CREATE TABLE Reservaciones (
    id_reservacion SERIAL PRIMARY KEY,
    id_funcion INTEGER REFERENCES Funciones(id_funcion),
    id_usuario INTEGER REFERENCES Usuarios(id_usuario),
    cantidad_boletas INTEGER NOT NULL,
    fecha_reserva DATE NOT NULL
);

-- Sillas
CREATE TABLE Sillas (
    id_silla SERIAL PRIMARY KEY,
    id_sala INTEGER REFERENCES Salas(id_sala),
    nombre_silla VARCHAR(50) NOT NULL
);

-- Sillas_reservadas
CREATE TABLE Sillas_reservadas (
    id_silla_reservada SERIAL PRIMARY KEY,
    id_reservacion INTEGER REFERENCES Reservaciones(id_reservacion),
    id_silla INTEGER REFERENCES Sillas(id_silla)
);

-- Metodos_de_pago
CREATE TABLE Metodos_de_pago (
    id_metodo_pago SERIAL PRIMARY KEY,
    nombre_pago VARCHAR(100) NOT NULL,
    descripcion_pago TEXT
);

-- Pagos
CREATE TABLE Pagos (
    id_pago SERIAL PRIMARY KEY,
    id_reserva INTEGER REFERENCES Reservaciones(id_reservacion),
    id_metodo_pago INTEGER REFERENCES Metodos_de_pago(id_metodo_pago),
    fecha_pago DATE NOT NULL,
    valor_pago NUMERIC(10, 2) NOT NULL
);

-- Comidas
CREATE TABLE Comidas (
    id_comida SERIAL PRIMARY KEY,
    nombre_comida VARCHAR(100) NOT NULL
);

-- Menu_cine
CREATE TABLE Menu_cine (
    id_menu_cine SERIAL PRIMARY KEY,
    id_comida INTEGER REFERENCES Comidas(id_comida),
    id_cine INTEGER REFERENCES Cines(id_cine),
    precio NUMERIC(10, 2) NOT NULL,
    disponibilidad BOOLEAN DEFAULT true
);

insert into Ubicaciones (id_ubicacion, nombre_ubicacion, id_padre) values (1, 'France', null);
insert into Ubicaciones (id_ubicacion, nombre_ubicacion, id_padre) values (2, 'Australia', null);
insert into Ubicaciones (id_ubicacion, nombre_ubicacion, id_padre) values (3, 'Sydney', 2);
insert into Ubicaciones (id_ubicacion, nombre_ubicacion, id_padre) values (4, 'Australia', 3);
insert into Ubicaciones (id_ubicacion, nombre_ubicacion, id_padre) values (5, 'Japan', null);
insert into Ubicaciones (id_ubicacion, nombre_ubicacion, id_padre) values (6, 'USA', 5);
insert into Ubicaciones (id_ubicacion, nombre_ubicacion, id_padre) values (7, 'Sydney', null);
insert into Ubicaciones (id_ubicacion, nombre_ubicacion, id_padre) values (8, 'Japan', 7);
insert into Ubicaciones (id_ubicacion, nombre_ubicacion, id_padre) values (9, 'Sydney', 8);
insert into Ubicaciones (id_ubicacion, nombre_ubicacion, id_padre) values (10, 'Paris', null);
insert into Ubicaciones (id_ubicacion, nombre_ubicacion, id_padre) values (11, 'Brazil', 10);
insert into Ubicaciones (id_ubicacion, nombre_ubicacion, id_padre) values (12, 'Japan', 11);
insert into Ubicaciones (id_ubicacion, nombre_ubicacion, id_padre) values (13, 'USA', null);
insert into Ubicaciones (id_ubicacion, nombre_ubicacion, id_padre) values (14, 'New York', 13);
insert into Ubicaciones (id_ubicacion, nombre_ubicacion, id_padre) values (15, 'Australia', 14);
insert into Ubicaciones (id_ubicacion, nombre_ubicacion, id_padre) values (16, 'Paris', 15);
insert into Ubicaciones (id_ubicacion, nombre_ubicacion, id_padre) values (17, 'Brazil', null);
insert into Ubicaciones (id_ubicacion, nombre_ubicacion, id_padre) values (18, 'Paris', null);
insert into Ubicaciones (id_ubicacion, nombre_ubicacion, id_padre) values (19, 'France', 18);
insert into Ubicaciones (id_ubicacion, nombre_ubicacion, id_padre) values (20, 'Japan', 19);
insert into Ubicaciones (id_ubicacion, nombre_ubicacion, id_padre) values (21, 'Tokyo', 20);
insert into Ubicaciones (id_ubicacion, nombre_ubicacion, id_padre) values (22, 'Rio de Janeiro', null);
insert into Ubicaciones (id_ubicacion, nombre_ubicacion, id_padre) values (23, 'France', null);
insert into Ubicaciones (id_ubicacion, nombre_ubicacion, id_padre) values (24, 'USA', 23);
insert into Ubicaciones (id_ubicacion, nombre_ubicacion, id_padre) values (25, 'Sydney', 24);
insert into Ubicaciones (id_ubicacion, nombre_ubicacion, id_padre) values (26, 'Sydney', null);
insert into Ubicaciones (id_ubicacion, nombre_ubicacion, id_padre) values (27, 'Australia', 26);
insert into Ubicaciones (id_ubicacion, nombre_ubicacion, id_padre) values (28, 'New York', null);
insert into Ubicaciones (id_ubicacion, nombre_ubicacion, id_padre) values (29, 'Japan', 28);
insert into Ubicaciones (id_ubicacion, nombre_ubicacion, id_padre) values (30, 'Brazil', null);
insert into Ubicaciones (id_ubicacion, nombre_ubicacion, id_padre) values (31, 'Australia', null);
insert into Ubicaciones (id_ubicacion, nombre_ubicacion, id_padre) values (32, 'Sydney', 31);
insert into Ubicaciones (id_ubicacion, nombre_ubicacion, id_padre) values (33, 'Brazil', 32);
insert into Ubicaciones (id_ubicacion, nombre_ubicacion, id_padre) values (34, 'France', 33);
insert into Ubicaciones (id_ubicacion, nombre_ubicacion, id_padre) values (35, 'Rio de Janeiro', null);
insert into Ubicaciones (id_ubicacion, nombre_ubicacion, id_padre) values (36, 'France', null);
insert into Ubicaciones (id_ubicacion, nombre_ubicacion, id_padre) values (37, 'France', 36);
insert into Ubicaciones (id_ubicacion, nombre_ubicacion, id_padre) values (38, 'New York', 37);
insert into Ubicaciones (id_ubicacion, nombre_ubicacion, id_padre) values (39, 'Paris', 38);
insert into Ubicaciones (id_ubicacion, nombre_ubicacion, id_padre) values (40, 'France', null);
insert into Ubicaciones (id_ubicacion, nombre_ubicacion, id_padre) values (41, 'Japan', null);
insert into Ubicaciones (id_ubicacion, nombre_ubicacion, id_padre) values (42, 'New York', null);
insert into Ubicaciones (id_ubicacion, nombre_ubicacion, id_padre) values (43, 'Tokyo', null);
insert into Ubicaciones (id_ubicacion, nombre_ubicacion, id_padre) values (44, 'New York', 43);
insert into Ubicaciones (id_ubicacion, nombre_ubicacion, id_padre) values (45, 'USA', 44);
insert into Ubicaciones (id_ubicacion, nombre_ubicacion, id_padre) values (46, 'France', 45);
insert into Ubicaciones (id_ubicacion, nombre_ubicacion, id_padre) values (47, 'Paris', null);
insert into Ubicaciones (id_ubicacion, nombre_ubicacion, id_padre) values (48, 'France', 47);
insert into Ubicaciones (id_ubicacion, nombre_ubicacion, id_padre) values (49, 'Australia', 48);
insert into Ubicaciones (id_ubicacion, nombre_ubicacion, id_padre) values (50, 'Paris', 49);
insert into Ubicaciones (id_ubicacion, nombre_ubicacion, id_padre) values (51, 'Rio de Janeiro', null);
insert into Ubicaciones (id_ubicacion, nombre_ubicacion, id_padre) values (52, 'Paris', 51);
insert into Ubicaciones (id_ubicacion, nombre_ubicacion, id_padre) values (53, 'Sydney', null);
insert into Ubicaciones (id_ubicacion, nombre_ubicacion, id_padre) values (54, 'Sydney', 53);
insert into Ubicaciones (id_ubicacion, nombre_ubicacion, id_padre) values (55, 'New York', null);
insert into Ubicaciones (id_ubicacion, nombre_ubicacion, id_padre) values (56, 'Paris', 55);
insert into Ubicaciones (id_ubicacion, nombre_ubicacion, id_padre) values (57, 'Australia', 56);
insert into Ubicaciones (id_ubicacion, nombre_ubicacion, id_padre) values (58, 'Australia', 57);
insert into Ubicaciones (id_ubicacion, nombre_ubicacion, id_padre) values (59, 'Tokyo', null);
insert into Ubicaciones (id_ubicacion, nombre_ubicacion, id_padre) values (60, 'Brazil', 59);
insert into Ubicaciones (id_ubicacion, nombre_ubicacion, id_padre) values (61, 'Brazil', null);
insert into Ubicaciones (id_ubicacion, nombre_ubicacion, id_padre) values (62, 'Japan', null);
insert into Ubicaciones (id_ubicacion, nombre_ubicacion, id_padre) values (63, 'Brazil', null);
insert into Ubicaciones (id_ubicacion, nombre_ubicacion, id_padre) values (64, 'Japan', null);
insert into Ubicaciones (id_ubicacion, nombre_ubicacion, id_padre) values (65, 'France', 64);
insert into Ubicaciones (id_ubicacion, nombre_ubicacion, id_padre) values (66, 'France', 65);
insert into Ubicaciones (id_ubicacion, nombre_ubicacion, id_padre) values (67, 'New York', 66);
insert into Ubicaciones (id_ubicacion, nombre_ubicacion, id_padre) values (68, 'France', 67);
insert into Ubicaciones (id_ubicacion, nombre_ubicacion, id_padre) values (69, 'Australia', 68);
insert into Ubicaciones (id_ubicacion, nombre_ubicacion, id_padre) values (70, 'Rio de Janeiro', 69);
insert into Ubicaciones (id_ubicacion, nombre_ubicacion, id_padre) values (71, 'Rio de Janeiro', 70);
insert into Ubicaciones (id_ubicacion, nombre_ubicacion, id_padre) values (72, 'Australia', 71);
insert into Ubicaciones (id_ubicacion, nombre_ubicacion, id_padre) values (73, 'Paris', null);
insert into Ubicaciones (id_ubicacion, nombre_ubicacion, id_padre) values (74, 'France', 73);
insert into Ubicaciones (id_ubicacion, nombre_ubicacion, id_padre) values (75, 'France', null);
insert into Ubicaciones (id_ubicacion, nombre_ubicacion, id_padre) values (76, 'New York', null);
insert into Ubicaciones (id_ubicacion, nombre_ubicacion, id_padre) values (77, 'France', 76);
insert into Ubicaciones (id_ubicacion, nombre_ubicacion, id_padre) values (78, 'Japan', 77);
insert into Ubicaciones (id_ubicacion, nombre_ubicacion, id_padre) values (79, 'Sydney', 78);
insert into Ubicaciones (id_ubicacion, nombre_ubicacion, id_padre) values (80, 'France', 79);
insert into Ubicaciones (id_ubicacion, nombre_ubicacion, id_padre) values (81, 'Japan', null);
insert into Ubicaciones (id_ubicacion, nombre_ubicacion, id_padre) values (82, 'Japan', null);
insert into Ubicaciones (id_ubicacion, nombre_ubicacion, id_padre) values (83, 'Japan', null);
insert into Ubicaciones (id_ubicacion, nombre_ubicacion, id_padre) values (84, 'Rio de Janeiro', 83);
insert into Ubicaciones (id_ubicacion, nombre_ubicacion, id_padre) values (85, 'Paris', null);
insert into Ubicaciones (id_ubicacion, nombre_ubicacion, id_padre) values (86, 'Paris', null);
insert into Ubicaciones (id_ubicacion, nombre_ubicacion, id_padre) values (87, 'Japan', 86);
insert into Ubicaciones (id_ubicacion, nombre_ubicacion, id_padre) values (88, 'France', 87);
insert into Ubicaciones (id_ubicacion, nombre_ubicacion, id_padre) values (89, 'Paris', null);
insert into Ubicaciones (id_ubicacion, nombre_ubicacion, id_padre) values (90, 'Rio de Janeiro', 89);
insert into Ubicaciones (id_ubicacion, nombre_ubicacion, id_padre) values (91, 'France', null);
insert into Ubicaciones (id_ubicacion, nombre_ubicacion, id_padre) values (92, 'USA', 91);
insert into Ubicaciones (id_ubicacion, nombre_ubicacion, id_padre) values (93, 'Brazil', 92);
insert into Ubicaciones (id_ubicacion, nombre_ubicacion, id_padre) values (94, 'USA', null);
insert into Ubicaciones (id_ubicacion, nombre_ubicacion, id_padre) values (95, 'Rio de Janeiro', 94);
insert into Ubicaciones (id_ubicacion, nombre_ubicacion, id_padre) values (96, 'France', 95);
insert into Ubicaciones (id_ubicacion, nombre_ubicacion, id_padre) values (97, 'New York', 96);
insert into Ubicaciones (id_ubicacion, nombre_ubicacion, id_padre) values (98, 'Brazil', null);
insert into Ubicaciones (id_ubicacion, nombre_ubicacion, id_padre) values (99, 'New York', null);
insert into Ubicaciones (id_ubicacion, nombre_ubicacion, id_padre) values (100, 'Rio de Janeiro', 99);

insert into Generos (id_genero, nombre_genero, descripcion_genero) values (1, 'Crime|Documentary', 'Burns involving 20-29% of body surface with 20-29% third degree burns');
insert into Generos (id_genero, nombre_genero, descripcion_genero) values (2, 'Drama', 'Partial traumatic amputation of one unspecified lesser toe');
insert into Generos (id_genero, nombre_genero, descripcion_genero) values (3, 'Crime|Drama|Film-Noir|Romance|Thriller', 'Pedestrian on skateboard injured in collision with other nonmotor vehicle, unspecified whether traffic or nontraffic accident, subsequent encounter');
insert into Generos (id_genero, nombre_genero, descripcion_genero) values (4, 'Action|Crime|Thriller', 'Displaced fracture of body of left calcaneus, subsequent encounter for fracture with routine healing');
insert into Generos (id_genero, nombre_genero, descripcion_genero) values (5, 'Drama 2', 'Atherosclerosis of native arteries of extremities with intermittent claudication, right leg');
insert into Generos (id_genero, nombre_genero, descripcion_genero) values (6, 'Horror', 'Burn of second degree of left knee, subsequent encounter');
insert into Generos (id_genero, nombre_genero, descripcion_genero) values (7, 'Action|Crime|Drama', 'Vibratory urticaria');
insert into Generos (id_genero, nombre_genero, descripcion_genero) values (8, 'Comedy|Romance', 'Displaced supracondylar fracture without intracondylar extension of lower end of right femur, subsequent encounter for closed fracture with nonunion');
insert into Generos (id_genero, nombre_genero, descripcion_genero) values (9, 'Animation', 'Unspecified fracture of facial bones');
insert into Generos (id_genero, nombre_genero, descripcion_genero) values (10, 'Drama 3', 'Toxic effect of venom of caterpillars, intentional self-harm, sequela');
insert into Generos (id_genero, nombre_genero, descripcion_genero) values (11, 'Action|Crime|Thriller 2', 'Varicose veins of unspecified lower extremity with both ulcer of ankle and inflammation');
insert into Generos (id_genero, nombre_genero, descripcion_genero) values (12, 'Action', 'Rheumatoid lung disease with rheumatoid arthritis of unspecified hip');
insert into Generos (id_genero, nombre_genero, descripcion_genero) values (13, 'Adventure|War', 'Fracture of orbital floor, right side, subsequent encounter for fracture with routine healing');
insert into Generos (id_genero, nombre_genero, descripcion_genero) values (14, 'Children|Comedy', 'Superficial frostbite of neck, subsequent encounter');
insert into Generos (id_genero, nombre_genero, descripcion_genero) values (15, 'Crime|Drama', 'Rett''s syndrome');
insert into Generos (id_genero, nombre_genero, descripcion_genero) values (16, 'Drama 4', 'Forced landing of glider (nonpowered) injuring occupant, initial encounter');
insert into Generos (id_genero, nombre_genero, descripcion_genero) values (17, 'Drama 5', 'Person boarding or alighting a pedal cycle injured in collision with other nonmotor vehicle in nontraffic accident');
insert into Generos (id_genero, nombre_genero, descripcion_genero) values (18, 'Action 2', 'Corrosion of third degree of female genital region');
insert into Generos (id_genero, nombre_genero, descripcion_genero) values (19, 'Thriller', 'Displaced fracture of lateral condyle of unspecified humerus, initial encounter for open fracture');
insert into Generos (id_genero, nombre_genero, descripcion_genero) values (20, 'Drama|Thriller', 'Breakdown (mechanical) of unspecified cardiac electronic device, subsequent encounter');
insert into Generos (id_genero, nombre_genero, descripcion_genero) values (21, 'Comedy|Horror|Mystery', 'Subluxation of proximal interphalangeal joint of right middle finger, initial encounter');
insert into Generos (id_genero, nombre_genero, descripcion_genero) values (22, 'Horror|Thriller', 'Acute and subacute allergic otitis media (mucoid) (sanguinous) (serous), recurrent, unspecified ear');
insert into Generos (id_genero, nombre_genero, descripcion_genero) values (23, 'Children|Comedy|Fantasy', 'Toxic effect of contact with other venomous marine animals, undetermined, initial encounter');
insert into Generos (id_genero, nombre_genero, descripcion_genero) values (24, 'Drama 6', 'Supervision of pregnancy with history of molar pregnancy, third trimester');
insert into Generos (id_genero, nombre_genero, descripcion_genero) values (25, 'Drama 7', 'Other injury of superior mesenteric artery, sequela');
insert into Generos (id_genero, nombre_genero, descripcion_genero) values (26, 'Drama 8', 'Other specified congenital malformations of peripheral vascular system');
insert into Generos (id_genero, nombre_genero, descripcion_genero) values (27, 'Drama 9', 'Major depressive disorder, single episode, unspecified');
insert into Generos (id_genero, nombre_genero, descripcion_genero) values (28, 'Drama 10', 'Other mechanical complication of unspecified cardiac and vascular devices and implants, subsequent encounter');
insert into Generos (id_genero, nombre_genero, descripcion_genero) values (29, 'Drama|Romance', 'Panniculitis affecting regions of neck and back, thoracic region');
insert into Generos (id_genero, nombre_genero, descripcion_genero) values (30, 'Drama 11', 'Deficiency of other specified nutrient elements');
insert into Generos (id_genero, nombre_genero, descripcion_genero) values (31, 'Drama 12', 'Strain of extensor or abductor muscles, fascia and tendons of unspecified thumb at forearm level, initial encounter');
insert into Generos (id_genero, nombre_genero, descripcion_genero) values (32, 'Documentary', 'Displaced fracture of lesser trochanter of unspecified femur, subsequent encounter for open fracture type I or II with routine healing');
insert into Generos (id_genero, nombre_genero, descripcion_genero) values (33, 'Documentary 2', 'Military operations involving other explosions and fragments, civilian, subsequent encounter');
insert into Generos (id_genero, nombre_genero, descripcion_genero) values (34, 'Comedy|Romance 2', 'Strain of muscle, fascia and tendon of other parts of biceps, unspecified arm, sequela');
insert into Generos (id_genero, nombre_genero, descripcion_genero) values (35, 'Crime|Mystery|Thriller', 'Other myeloid leukemia');
insert into Generos (id_genero, nombre_genero, descripcion_genero) values (36, 'Comedy|Romance 3', 'Displaced spiral fracture of shaft of right fibula, subsequent encounter for open fracture type I or II with routine healing');
insert into Generos (id_genero, nombre_genero, descripcion_genero) values (37, 'Drama|Romance 2', 'Open bite of left eyelid and periocular area, subsequent encounter');
insert into Generos (id_genero, nombre_genero, descripcion_genero) values (38, 'Crime|Drama|Thriller', 'Other viral diseases complicating pregnancy, third trimester');
insert into Generos (id_genero, nombre_genero, descripcion_genero) values (39, 'Drama|Thriller 2', 'Malignant neoplasm of right ovary');
insert into Generos (id_genero, nombre_genero, descripcion_genero) values (40, 'Horror|Thriller 2', 'Other subluxation of left ulnohumeral joint, subsequent encounter');
insert into Generos (id_genero, nombre_genero, descripcion_genero) values (41, 'Comedy|Drama|Western', 'Superficial foreign body of nose');
insert into Generos (id_genero, nombre_genero, descripcion_genero) values (42, 'Action|Western', 'Poisoning by keratolytics, keratoplastics, and other hair treatment drugs and preparations, intentional self-harm, initial encounter');
insert into Generos (id_genero, nombre_genero, descripcion_genero) values (43, 'Drama 13', 'Stress fracture, unspecified toe(s), initial encounter for fracture');
insert into Generos (id_genero, nombre_genero, descripcion_genero) values (44, 'Western 4', 'Other fracture of upper and lower end of right fibula, subsequent encounter for closed fracture with delayed healing');
insert into Generos (id_genero, nombre_genero, descripcion_genero) values (45, 'Drama 14', 'Nondisplaced bicondylar fracture of left tibia, subsequent encounter for open fracture type I or II with nonunion');
insert into Generos (id_genero, nombre_genero, descripcion_genero) values (46, 'Comedy|Drama', 'Poisoning by immunoglobulin, accidental (unintentional), sequela');
insert into Generos (id_genero, nombre_genero, descripcion_genero) values (47, 'Comedy', 'Burn of unspecified degree of buttock');
insert into Generos (id_genero, nombre_genero, descripcion_genero) values (48, 'Comedy|Western', 'Prolapse and hernia of left ovary and fallopian tube');
insert into Generos (id_genero, nombre_genero, descripcion_genero) values (49, 'Documentary|Musical', 'Acute posterior multifocal placoid pigment epitheliopathy, left eye');
insert into Generos (id_genero, nombre_genero, descripcion_genero) values (50, 'Animation 2', 'Unspecified injury of ulnar artery at forearm level, unspecified arm');
insert into Generos (id_genero, nombre_genero, descripcion_genero) values (51, 'Animation|Comedy|Fantasy|Sci-Fi', 'Complication of inhalation therapy, initial encounter');
insert into Generos (id_genero, nombre_genero, descripcion_genero) values (52, 'Comedy|Horror|Musical|Western', 'Displaced fracture of shaft of second metacarpal bone, right hand, subsequent encounter for fracture with nonunion');
insert into Generos (id_genero, nombre_genero, descripcion_genero) values (53, 'Crime|Drama 2', 'Unspecified myringitis');
insert into Generos (id_genero, nombre_genero, descripcion_genero) values (54, 'Comedy|Musical', 'Corrosion of cornea and conjunctival sac, left eye, initial encounter');
insert into Generos (id_genero, nombre_genero, descripcion_genero) values (55, 'Drama|Thriller 3', 'Poisoning by ganglionic blocking drugs, accidental (unintentional), sequela');
insert into Generos (id_genero, nombre_genero, descripcion_genero) values (56, 'Comedy 2', 'Fracture of unspecified phalanx of right thumb, sequela');
insert into Generos (id_genero, nombre_genero, descripcion_genero) values (57, 'Documentary|Thriller', 'Malignant neoplasm of gum');
insert into Generos (id_genero, nombre_genero, descripcion_genero) values (58, 'Comedy|Drama|Romance', 'Poisoning by other nonopioid analgesics and antipyretics, not elsewhere classified, intentional self-harm, sequela');
insert into Generos (id_genero, nombre_genero, descripcion_genero) values (59, 'Fantasy|Romance', 'Unspecified injury of unspecified blood vessel at forearm level, right arm, sequela');
insert into Generos (id_genero, nombre_genero, descripcion_genero) values (60, 'Drama|Musical|Romance', 'Unspecified injury of muscle, fascia and tendon of the posterior muscle group at thigh level, left thigh, initial encounter');
insert into Generos (id_genero, nombre_genero, descripcion_genero) values (61, 'Drama|Romance 3', 'Poisoning by mixed bacterial vaccines without a pertussis component, intentional self-harm, subsequent encounter');
insert into Generos (id_genero, nombre_genero, descripcion_genero) values (62, 'Comedy 3', 'Displaced oblique fracture of shaft of right femur, sequela');
insert into Generos (id_genero, nombre_genero, descripcion_genero) values (63, 'Crime|Drama|Thriller 2', 'Unspecified occupant of bus injured in noncollision transport accident in nontraffic accident, initial encounter');
insert into Generos (id_genero, nombre_genero, descripcion_genero) values (64, 'Documentary|Fantasy', 'Nezelof''s syndrome');
insert into Generos (id_genero, nombre_genero, descripcion_genero) values (65, 'Comedy 4', 'Personal history of other diseases of male genital organs');
insert into Generos (id_genero, nombre_genero, descripcion_genero) values (66, 'Adventure|Children|Musical', 'Glycogen storage disease, unspecified');
insert into Generos (id_genero, nombre_genero, descripcion_genero) values (67, 'Documentary 3', 'Toxic effect of phenol and phenol homologues, assault, subsequent encounter');
insert into Generos (id_genero, nombre_genero, descripcion_genero) values (68, 'Documentary 4', 'Pathological fracture in other disease, left radius, subsequent encounter for fracture with delayed healing');
insert into Generos (id_genero, nombre_genero, descripcion_genero) values (69, 'Adventure|Animation|Children', 'Displaced unspecified condyle fracture of lower end of left femur, subsequent encounter for closed fracture with nonunion');
insert into Generos (id_genero, nombre_genero, descripcion_genero) values (70, 'Comedy 5', 'Toxic effect of carbon tetrachloride, undetermined, initial encounter');
insert into Generos (id_genero, nombre_genero, descripcion_genero) values (71, 'Comedy|Musical 2', 'Fracture of unspecified tarsal bone(s) of unspecified foot, initial encounter for open fracture');
insert into Generos (id_genero, nombre_genero, descripcion_genero) values (72, 'Comedy|Drama 2', 'Traumatic rupture of other ligament of left ring finger at metacarpophalangeal and interphalangeal joint');
insert into Generos (id_genero, nombre_genero, descripcion_genero) values (73, 'Comedy 6', 'Other intraoperative and postprocedural complications of the spleen');
insert into Generos (id_genero, nombre_genero, descripcion_genero) values (74, 'Drama|Mystery', 'Nondisplaced oblique fracture of shaft of left fibula, subsequent encounter for open fracture type IIIA, IIIB, or IIIC with delayed healing');
insert into Generos (id_genero, nombre_genero, descripcion_genero) values (75, 'Documentary 5', 'Human immunodeficiency virus [HIV] disease complicating pregnancy, second trimester');
insert into Generos (id_genero, nombre_genero, descripcion_genero) values (76, 'Adventure|War 2', 'Penetrating wound of orbit with or without foreign body, right eye');
insert into Generos (id_genero, nombre_genero, descripcion_genero) values (77, 'Comedy|Drama|Romance 2', 'Laceration of flexor muscle, fascia and tendon of left little finger at forearm level, subsequent encounter');
insert into Generos (id_genero, nombre_genero, descripcion_genero) values (78, 'Adventure|Children|Comedy', 'Other physeal fracture of upper end of unspecified tibia, subsequent encounter for fracture with delayed healing');
insert into Generos (id_genero, nombre_genero, descripcion_genero) values (79, 'Action|Mystery|Thriller', 'Displaced bicondylar fracture of right tibia, subsequent encounter for open fracture type IIIA, IIIB, or IIIC with malunion');
insert into Generos (id_genero, nombre_genero, descripcion_genero) values (80, 'Action|Adventure|Fantasy', 'Unspecified traumatic nondisplaced spondylolisthesis of fifth cervical vertebra, subsequent encounter for fracture with delayed healing');
insert into Generos (id_genero, nombre_genero, descripcion_genero) values (81, 'Drama 15', 'Other mechanical complication of other specified internal prosthetic devices, implants and grafts');
insert into Generos (id_genero, nombre_genero, descripcion_genero) values (82, 'Crime|Sci-Fi', 'Retained (nonmagnetic) (old) foreign body in anterior chamber, right eye');
insert into Generos (id_genero, nombre_genero, descripcion_genero) values (83, 'Documentary 6', 'Motorcycle driver injured in collision with other nonmotor vehicle in traffic accident, subsequent encounter');
insert into Generos (id_genero, nombre_genero, descripcion_genero) values (84, 'Comedy|Drama|Romance 3', 'Fall from sled, subsequent encounter');
insert into Generos (id_genero, nombre_genero, descripcion_genero) values (85, 'Comedy|Drama|Romance 4', 'Unspecified complication of foreign body accidentally left in body following kidney dialysis, subsequent encounter');
insert into Generos (id_genero, nombre_genero, descripcion_genero) values (86, 'Horror 2', 'Age-related osteoporosis with current pathological fracture, unspecified humerus, subsequent encounter for fracture with malunion');
insert into Generos (id_genero, nombre_genero, descripcion_genero) values (87, 'Documentary 7', 'Unspecified open wound of left middle finger without damage to nail, sequela');
insert into Generos (id_genero, nombre_genero, descripcion_genero) values (88, 'Sci-Fi', 'Unspecified atrial flutter');
insert into Generos (id_genero, nombre_genero, descripcion_genero) values (89, 'Documentary 8', 'Congenital aphakia');
insert into Generos (id_genero, nombre_genero, descripcion_genero) values (90, 'Crime|Drama 3', 'Bather struck by nonpowered watercraft, initial encounter');
insert into Generos (id_genero, nombre_genero, descripcion_genero) values (91, 'Drama|Thriller 4', 'Unspecified fracture of right forearm, subsequent encounter for closed fracture with nonunion');
insert into Generos (id_genero, nombre_genero, descripcion_genero) values (92, 'Drama 16', 'Displaced longitudinal fracture of unspecified patella, subsequent encounter for open fracture type IIIA, IIIB, or IIIC with nonunion');
insert into Generos (id_genero, nombre_genero, descripcion_genero) values (93, 'Action|Comedy|Romance', 'Rupture of synovium, right foot');
insert into Generos (id_genero, nombre_genero, descripcion_genero) values (94, 'Comedy|Drama|Romance 5', 'Driver of heavy transport vehicle injured in collision with pedestrian or animal in traffic accident, sequela');
insert into Generos (id_genero, nombre_genero, descripcion_genero) values (95, 'Action|Adventure|Crime|Thriller', 'Obturator dislocation of unspecified hip, initial encounter');
insert into Generos (id_genero, nombre_genero, descripcion_genero) values (96, 'Comedy|Romance 4', 'Penetrating wound of orbit with or without foreign body, unspecified eye');
insert into Generos (id_genero, nombre_genero, descripcion_genero) values (97, 'Comedy|Fantasy|Thriller', 'Poisoning by methadone, accidental (unintentional), subsequent encounter');
insert into Generos (id_genero, nombre_genero, descripcion_genero) values (98, 'Comedy|Documentary|Musical', 'Torus fracture of lower end of left fibula, subsequent encounter for fracture with nonunion');
insert into Generos (id_genero, nombre_genero, descripcion_genero) values (99, 'Comedy|Drama 3', 'Disproportion of reconstructed breast');
insert into Generos (id_genero, nombre_genero, descripcion_genero) values (100, 'Action 3', 'Medial dislocation of left ulnohumeral joint, subsequent encounter');

insert into peliculas (nombre_pelicula, sinopsis_pelicula, id_genero, duracion_pelicula, idioma, thumbnail) values ('White Mane (Crin blanc: Le cheval sauvage)', 'Mauris enim leo, rhoncus sed, vestibulum sit amet, cursus id, turpis. Integer aliquet, massa id lobortis convallis, tortor risus dapibus augue, vel accumsan tellus nisi eu orci. Mauris lacinia sapien quis libero.', 34, 104, 'Tswana', 'http://dummyimage.com/102x100.png/cc0000/ffffff');
insert into peliculas (nombre_pelicula, sinopsis_pelicula, id_genero, duracion_pelicula, idioma, thumbnail) values ('In a Year with 13 Moons (In einem Jahr mit 13 Monden)', 'In hac habitasse platea dictumst. Morbi vestibulum, velit id pretium iaculis, diam erat fermentum justo, nec condimentum neque sapien placerat ante. Nulla justo.', 38, 115, 'Italian', 'http://dummyimage.com/100x100.png/dddddd/000000');
insert into peliculas (nombre_pelicula, sinopsis_pelicula, id_genero, duracion_pelicula, idioma, thumbnail) values ('Spud', 'In hac habitasse platea dictumst. Etiam faucibus cursus urna. Ut tellus.', 86, 116, 'Thai', 'http://dummyimage.com/229x100.png/dddddd/000000');
insert into peliculas (nombre_pelicula, sinopsis_pelicula, id_genero, duracion_pelicula, idioma, thumbnail) values ('Square, The (Al Midan)', 'Phasellus sit amet erat. Nulla tempus. Vivamus in felis eu sapien cursus vestibulum.', 68, 113, 'Bengali', 'http://dummyimage.com/186x100.png/cc0000/ffffff');
insert into peliculas (nombre_pelicula, sinopsis_pelicula, id_genero, duracion_pelicula, idioma, thumbnail) values ('Thursday', 'Sed ante. Vivamus tortor. Duis mattis egestas metus.', 17, 135, 'Tamil', 'http://dummyimage.com/240x100.png/cc0000/ffffff');
insert into peliculas (nombre_pelicula, sinopsis_pelicula, id_genero, duracion_pelicula, idioma, thumbnail) values ('Zombie Honeymoon', 'Vestibulum ac est lacinia nisi venenatis tristique. Fusce congue, diam id ornare imperdiet, sapien urna pretium nisl, ut volutpat sapien arcu sed augue. Aliquam erat volutpat.', 42, 139, 'Ndebele', 'http://dummyimage.com/158x100.png/dddddd/000000');
insert into peliculas (nombre_pelicula, sinopsis_pelicula, id_genero, duracion_pelicula, idioma, thumbnail) values ('Casual Sex?', 'Maecenas leo odio, condimentum id, luctus nec, molestie sed, justo. Pellentesque viverra pede ac diam. Cras pellentesque volutpat dui.', 76, 150, 'Irish Gaelic', 'http://dummyimage.com/164x100.png/ff4444/ffffff');
insert into peliculas (nombre_pelicula, sinopsis_pelicula, id_genero, duracion_pelicula, idioma, thumbnail) values ('Chance', 'Phasellus in felis. Donec semper sapien a libero. Nam dui.', 72, 117, 'Filipino', 'http://dummyimage.com/117x100.png/cc0000/ffffff');
insert into peliculas (nombre_pelicula, sinopsis_pelicula, id_genero, duracion_pelicula, idioma, thumbnail) values ('Metroland', 'Duis consequat dui nec nisi volutpat eleifend. Donec ut dolor. Morbi vel lectus in quam fringilla rhoncus.', 90, 121, 'Japanese', 'http://dummyimage.com/153x100.png/5fa2dd/ffffff');
insert into peliculas (nombre_pelicula, sinopsis_pelicula, id_genero, duracion_pelicula, idioma, thumbnail) values ('Puccini for Beginners', 'In congue. Etiam justo. Etiam pretium iaculis justo.', 20, 149, 'Swati', 'http://dummyimage.com/188x100.png/cc0000/ffffff');
insert into peliculas (nombre_pelicula, sinopsis_pelicula, id_genero, duracion_pelicula, idioma, thumbnail) values ('Sex and Lucia (Lucía y el sexo)', 'Nullam porttitor lacus at turpis. Donec posuere metus vitae ipsum. Aliquam non mauris.', 65, 122, 'Armenian', 'http://dummyimage.com/121x100.png/ff4444/ffffff');
insert into peliculas (nombre_pelicula, sinopsis_pelicula, id_genero, duracion_pelicula, idioma, thumbnail) values ('Claim, The', 'Pellentesque at nulla. Suspendisse potenti. Cras in purus eu magna vulputate luctus.', 73, 134, 'Malagasy', 'http://dummyimage.com/204x100.png/dddddd/000000');
insert into peliculas (nombre_pelicula, sinopsis_pelicula, id_genero, duracion_pelicula, idioma, thumbnail) values ('H-Man, The (Bijo to Ekitainingen)', 'Duis bibendum, felis sed interdum venenatis, turpis enim blandit mi, in porttitor pede justo eu massa. Donec dapibus. Duis at velit eu est congue elementum.', 84, 106, 'Norwegian', 'http://dummyimage.com/170x100.png/cc0000/ffffff');
insert into peliculas (nombre_pelicula, sinopsis_pelicula, id_genero, duracion_pelicula, idioma, thumbnail) values ('Love Serenade', 'Quisque porta volutpat erat. Quisque erat eros, viverra eget, congue eget, semper rutrum, nulla. Nunc purus.', 77, 100, 'Gujarati', 'http://dummyimage.com/208x100.png/dddddd/000000');
insert into peliculas (nombre_pelicula, sinopsis_pelicula, id_genero, duracion_pelicula, idioma, thumbnail) values ('Eye for an Eye, An', 'Quisque id justo sit amet sapien dignissim vestibulum. Vestibulum ante ipsum primis in faucibus orci luctus et ultrices posuere cubilia Curae; Nulla dapibus dolor vel est. Donec odio justo, sollicitudin ut, suscipit a, feugiat et, eros.', 76, 125, 'Papiamento', 'http://dummyimage.com/193x100.png/5fa2dd/ffffff');
insert into peliculas (nombre_pelicula, sinopsis_pelicula, id_genero, duracion_pelicula, idioma, thumbnail) values ('In Good Company', 'Donec diam neque, vestibulum eget, vulputate ut, ultrices vel, augue. Vestibulum ante ipsum primis in faucibus orci luctus et ultrices posuere cubilia Curae; Donec pharetra, magna vestibulum aliquet ultrices, erat tortor sollicitudin mi, sit amet lobortis sapien sapien non mi. Integer ac neque.', 19, 107, 'Azeri', 'http://dummyimage.com/134x100.png/cc0000/ffffff');
insert into peliculas (nombre_pelicula, sinopsis_pelicula, id_genero, duracion_pelicula, idioma, thumbnail) values ('Manson', 'Proin interdum mauris non ligula pellentesque ultrices. Phasellus id sapien in sapien iaculis congue. Vivamus metus arcu, adipiscing molestie, hendrerit at, vulputate vitae, nisl.', 94, 132, 'Filipino', 'http://dummyimage.com/136x100.png/5fa2dd/ffffff');
insert into peliculas (nombre_pelicula, sinopsis_pelicula, id_genero, duracion_pelicula, idioma, thumbnail) values ('It''s Kind of a Funny Story', 'Quisque id justo sit amet sapien dignissim vestibulum. Vestibulum ante ipsum primis in faucibus orci luctus et ultrices posuere cubilia Curae; Nulla dapibus dolor vel est. Donec odio justo, sollicitudin ut, suscipit a, feugiat et, eros.', 94, 126, 'Korean', 'http://dummyimage.com/224x100.png/5fa2dd/ffffff');
insert into peliculas (nombre_pelicula, sinopsis_pelicula, id_genero, duracion_pelicula, idioma, thumbnail) values ('Battery, The', 'In hac habitasse platea dictumst. Etiam faucibus cursus urna. Ut tellus.', 6, 123, 'Zulu', 'http://dummyimage.com/240x100.png/cc0000/ffffff');
insert into peliculas (nombre_pelicula, sinopsis_pelicula, id_genero, duracion_pelicula, idioma, thumbnail) values ('Call, The', 'Maecenas leo odio, condimentum id, luctus nec, molestie sed, justo. Pellentesque viverra pede ac diam. Cras pellentesque volutpat dui.', 88, 133, 'Armenian', 'http://dummyimage.com/246x100.png/5fa2dd/ffffff');
insert into peliculas (nombre_pelicula, sinopsis_pelicula, id_genero, duracion_pelicula, idioma, thumbnail) values ('2 + 2 (Dos más dos)', 'Duis aliquam convallis nunc. Proin at turpis a pede posuere nonummy. Integer non velit.', 20, 140, 'Zulu', 'http://dummyimage.com/144x100.png/5fa2dd/ffffff');
insert into peliculas (nombre_pelicula, sinopsis_pelicula, id_genero, duracion_pelicula, idioma, thumbnail) values ('Le crocodile du Botswanga', 'Praesent id massa id nisl venenatis lacinia. Aenean sit amet justo. Morbi ut odio.', 66, 112, 'Spanish', 'http://dummyimage.com/219x100.png/cc0000/ffffff');
insert into peliculas (nombre_pelicula, sinopsis_pelicula, id_genero, duracion_pelicula, idioma, thumbnail) values ('Desperado', 'Curabitur gravida nisi at nibh. In hac habitasse platea dictumst. Aliquam augue quam, sollicitudin vitae, consectetuer eget, rutrum at, lorem.', 69, 105, 'Estonian', 'http://dummyimage.com/208x100.png/5fa2dd/ffffff');
insert into peliculas (nombre_pelicula, sinopsis_pelicula, id_genero, duracion_pelicula, idioma, thumbnail) values ('Morgen', 'Quisque porta volutpat erat. Quisque erat eros, viverra eget, congue eget, semper rutrum, nulla. Nunc purus.', 59, 119, 'Malagasy', 'http://dummyimage.com/103x100.png/dddddd/000000');
insert into peliculas (nombre_pelicula, sinopsis_pelicula, id_genero, duracion_pelicula, idioma, thumbnail) values ('Four more years (Fyra år till)', 'Morbi non lectus. Aliquam sit amet diam in magna bibendum imperdiet. Nullam orci pede, venenatis non, sodales sed, tincidunt eu, felis.', 43, 101, 'Nepali', 'http://dummyimage.com/242x100.png/cc0000/ffffff');
insert into peliculas (nombre_pelicula, sinopsis_pelicula, id_genero, duracion_pelicula, idioma, thumbnail) values ('Man I Love, The', 'Morbi porttitor lorem id ligula. Suspendisse ornare consequat lectus. In est risus, auctor sed, tristique in, tempus sit amet, sem.', 77, 114, 'Somali', 'http://dummyimage.com/242x100.png/5fa2dd/ffffff');
insert into peliculas (nombre_pelicula, sinopsis_pelicula, id_genero, duracion_pelicula, idioma, thumbnail) values ('Scandal Sheet', 'Proin leo odio, porttitor id, consequat in, consequat ut, nulla. Sed accumsan felis. Ut at dolor quis odio consequat varius.', 61, 110, 'Yiddish', 'http://dummyimage.com/229x100.png/cc0000/ffffff');
insert into peliculas (nombre_pelicula, sinopsis_pelicula, id_genero, duracion_pelicula, idioma, thumbnail) values ('Scarlet Letter, The (Der scharlachrote Buchstabe)', 'Nam ultrices, libero non mattis pulvinar, nulla pede ullamcorper augue, a suscipit nulla elit ac nulla. Sed vel enim sit amet nunc viverra dapibus. Nulla suscipit ligula in lacus.', 74, 90, 'Korean', 'http://dummyimage.com/123x100.png/cc0000/ffffff');
insert into peliculas (nombre_pelicula, sinopsis_pelicula, id_genero, duracion_pelicula, idioma, thumbnail) values ('Brain Dead', 'Suspendisse potenti. In eleifend quam a odio. In hac habitasse platea dictumst.', 36, 134, 'Armenian', 'http://dummyimage.com/236x100.png/ff4444/ffffff');
insert into peliculas (nombre_pelicula, sinopsis_pelicula, id_genero, duracion_pelicula, idioma, thumbnail) values ('Cazuza - O Tempo Não Pára', 'Phasellus in felis. Donec semper sapien a libero. Nam dui.', 25, 112, 'Danish', 'http://dummyimage.com/120x100.png/5fa2dd/ffffff');
insert into peliculas (nombre_pelicula, sinopsis_pelicula, id_genero, duracion_pelicula, idioma, thumbnail) values ('We Are What We Are (Somos lo que hay)', 'Curabitur gravida nisi at nibh. In hac habitasse platea dictumst. Aliquam augue quam, sollicitudin vitae, consectetuer eget, rutrum at, lorem.', 77, 145, 'Guaraní', 'http://dummyimage.com/109x100.png/ff4444/ffffff');
insert into peliculas (nombre_pelicula, sinopsis_pelicula, id_genero, duracion_pelicula, idioma, thumbnail) values ('Silence of the Lambs, The', 'Mauris enim leo, rhoncus sed, vestibulum sit amet, cursus id, turpis. Integer aliquet, massa id lobortis convallis, tortor risus dapibus augue, vel accumsan tellus nisi eu orci. Mauris lacinia sapien quis libero.', 96, 142, 'Hebrew', 'http://dummyimage.com/193x100.png/ff4444/ffffff');
insert into peliculas (nombre_pelicula, sinopsis_pelicula, id_genero, duracion_pelicula, idioma, thumbnail) values ('Mata Hari', 'Morbi non lectus. Aliquam sit amet diam in magna bibendum imperdiet. Nullam orci pede, venenatis non, sodales sed, tincidunt eu, felis.', 65, 144, 'English', 'http://dummyimage.com/171x100.png/ff4444/ffffff');
insert into peliculas (nombre_pelicula, sinopsis_pelicula, id_genero, duracion_pelicula, idioma, thumbnail) values ('Mask of Fu Manchu, The', 'Fusce consequat. Nulla nisl. Nunc nisl.', 18, 114, 'Estonian', 'http://dummyimage.com/139x100.png/cc0000/ffffff');
insert into peliculas (nombre_pelicula, sinopsis_pelicula, id_genero, duracion_pelicula, idioma, thumbnail) values ('Painless (Insensibles) ', 'Nam ultrices, libero non mattis pulvinar, nulla pede ullamcorper augue, a suscipit nulla elit ac nulla. Sed vel enim sit amet nunc viverra dapibus. Nulla suscipit ligula in lacus.', 26, 134, 'Dari', 'http://dummyimage.com/154x100.png/cc0000/ffffff');
insert into peliculas (nombre_pelicula, sinopsis_pelicula, id_genero, duracion_pelicula, idioma, thumbnail) values ('Stealing Home', 'Maecenas tristique, est et tempus semper, est quam pharetra magna, ac consequat metus sapien ut nunc. Vestibulum ante ipsum primis in faucibus orci luctus et ultrices posuere cubilia Curae; Mauris viverra diam vitae quam. Suspendisse potenti.', 49, 97, 'Thai', 'http://dummyimage.com/157x100.png/ff4444/ffffff');
insert into peliculas (nombre_pelicula, sinopsis_pelicula, id_genero, duracion_pelicula, idioma, thumbnail) values ('Double Team', 'Curabitur at ipsum ac tellus semper interdum. Mauris ullamcorper purus sit amet nulla. Quisque arcu libero, rutrum ac, lobortis vel, dapibus at, diam.', 18, 122, 'Malagasy', 'http://dummyimage.com/121x100.png/dddddd/000000');
insert into peliculas (nombre_pelicula, sinopsis_pelicula, id_genero, duracion_pelicula, idioma, thumbnail) values ('Betrayed, The', 'Donec diam neque, vestibulum eget, vulputate ut, ultrices vel, augue. Vestibulum ante ipsum primis in faucibus orci luctus et ultrices posuere cubilia Curae; Donec pharetra, magna vestibulum aliquet ultrices, erat tortor sollicitudin mi, sit amet lobortis sapien sapien non mi. Integer ac neque.', 23, 140, 'French', 'http://dummyimage.com/115x100.png/cc0000/ffffff');
insert into peliculas (nombre_pelicula, sinopsis_pelicula, id_genero, duracion_pelicula, idioma, thumbnail) values ('009 Re: Cyborg', 'Duis bibendum, felis sed interdum venenatis, turpis enim blandit mi, in porttitor pede justo eu massa. Donec dapibus. Duis at velit eu est congue elementum.', 57, 133, 'Luxembourgish', 'http://dummyimage.com/228x100.png/dddddd/000000');
insert into peliculas (nombre_pelicula, sinopsis_pelicula, id_genero, duracion_pelicula, idioma, thumbnail) values ('Bass Ackwards', 'Curabitur gravida nisi at nibh. In hac habitasse platea dictumst. Aliquam augue quam, sollicitudin vitae, consectetuer eget, rutrum at, lorem.', 5, 118, 'Gujarati', 'http://dummyimage.com/242x100.png/ff4444/ffffff');
insert into peliculas (nombre_pelicula, sinopsis_pelicula, id_genero, duracion_pelicula, idioma, thumbnail) values ('Complicit', 'Aenean lectus. Pellentesque eget nunc. Donec quis orci eget orci vehicula condimentum.', 84, 149, 'Hebrew', 'http://dummyimage.com/125x100.png/5fa2dd/ffffff');
insert into peliculas (nombre_pelicula, sinopsis_pelicula, id_genero, duracion_pelicula, idioma, thumbnail) values ('Longest Yard, The', 'Maecenas leo odio, condimentum id, luctus nec, molestie sed, justo. Pellentesque viverra pede ac diam. Cras pellentesque volutpat dui.', 15, 132, 'German', 'http://dummyimage.com/163x100.png/5fa2dd/ffffff');
insert into peliculas (nombre_pelicula, sinopsis_pelicula, id_genero, duracion_pelicula, idioma, thumbnail) values ('102 Minutes That Changed America', 'Aenean lectus. Pellentesque eget nunc. Donec quis orci eget orci vehicula condimentum.', 43, 133, 'Nepali', 'http://dummyimage.com/173x100.png/5fa2dd/ffffff');
insert into peliculas (nombre_pelicula, sinopsis_pelicula, id_genero, duracion_pelicula, idioma, thumbnail) values ('Tepenin Ardi', 'Maecenas tristique, est et tempus semper, est quam pharetra magna, ac consequat metus sapien ut nunc. Vestibulum ante ipsum primis in faucibus orci luctus et ultrices posuere cubilia Curae; Mauris viverra diam vitae quam. Suspendisse potenti.', 26, 136, 'Tamil', 'http://dummyimage.com/115x100.png/ff4444/ffffff');
insert into peliculas (nombre_pelicula, sinopsis_pelicula, id_genero, duracion_pelicula, idioma, thumbnail) values ('Exotica', 'In hac habitasse platea dictumst. Morbi vestibulum, velit id pretium iaculis, diam erat fermentum justo, nec condimentum neque sapien placerat ante. Nulla justo.', 82, 137, 'Tetum', 'http://dummyimage.com/157x100.png/ff4444/ffffff');
insert into peliculas (nombre_pelicula, sinopsis_pelicula, id_genero, duracion_pelicula, idioma, thumbnail) values ('Mystery Street', 'Integer ac leo. Pellentesque ultrices mattis odio. Donec vitae nisi.', 78, 150, 'Ndebele', 'http://dummyimage.com/192x100.png/ff4444/ffffff');
insert into peliculas (nombre_pelicula, sinopsis_pelicula, id_genero, duracion_pelicula, idioma, thumbnail) values ('Win a Date with Tad Hamilton!', 'Duis bibendum, felis sed interdum venenatis, turpis enim blandit mi, in porttitor pede justo eu massa. Donec dapibus. Duis at velit eu est congue elementum.', 90, 145, 'Norwegian', 'http://dummyimage.com/125x100.png/5fa2dd/ffffff');
insert into peliculas (nombre_pelicula, sinopsis_pelicula, id_genero, duracion_pelicula, idioma, thumbnail) values ('Beast from Haunted Cave', 'Maecenas leo odio, condimentum id, luctus nec, molestie sed, justo. Pellentesque viverra pede ac diam. Cras pellentesque volutpat dui.', 25, 147, 'Fijian', 'http://dummyimage.com/120x100.png/dddddd/000000');
insert into peliculas (nombre_pelicula, sinopsis_pelicula, id_genero, duracion_pelicula, idioma, thumbnail) values ('Witch''s Night Out', 'Duis bibendum. Morbi non quam nec dui luctus rutrum. Nulla tellus.', 21, 142, 'Burmese', 'http://dummyimage.com/134x100.png/cc0000/ffffff');
insert into peliculas (nombre_pelicula, sinopsis_pelicula, id_genero, duracion_pelicula, idioma, thumbnail) values ('Precious', 'Nulla ut erat id mauris vulputate elementum. Nullam varius. Nulla facilisi.', 76, 110, 'Norwegian', 'http://dummyimage.com/141x100.png/5fa2dd/ffffff');
insert into peliculas (nombre_pelicula, sinopsis_pelicula, id_genero, duracion_pelicula, idioma, thumbnail) values ('Girls Rock!', 'Aenean fermentum. Donec ut mauris eget massa tempor convallis. Nulla neque libero, convallis eget, eleifend luctus, ultricies eu, nibh.', 93, 105, 'Sotho', 'http://dummyimage.com/191x100.png/dddddd/000000');
insert into peliculas (nombre_pelicula, sinopsis_pelicula, id_genero, duracion_pelicula, idioma, thumbnail) values ('Samson & Sally', 'Duis consequat dui nec nisi volutpat eleifend. Donec ut dolor. Morbi vel lectus in quam fringilla rhoncus.', 94, 109, 'Icelandic', 'http://dummyimage.com/186x100.png/5fa2dd/ffffff');
insert into peliculas (nombre_pelicula, sinopsis_pelicula, id_genero, duracion_pelicula, idioma, thumbnail) values ('Gainsbourg (Vie Héroïque)', 'Etiam vel augue. Vestibulum rutrum rutrum neque. Aenean auctor gravida sem.', 68, 120, 'Gagauz', 'http://dummyimage.com/109x100.png/dddddd/000000');
insert into peliculas (nombre_pelicula, sinopsis_pelicula, id_genero, duracion_pelicula, idioma, thumbnail) values ('Bullies', 'Proin leo odio, porttitor id, consequat in, consequat ut, nulla. Sed accumsan felis. Ut at dolor quis odio consequat varius.', 64, 130, 'Irish Gaelic', 'http://dummyimage.com/246x100.png/ff4444/ffffff');
insert into peliculas (nombre_pelicula, sinopsis_pelicula, id_genero, duracion_pelicula, idioma, thumbnail) values ('Jumpin'' Jack Flash', 'Phasellus in felis. Donec semper sapien a libero. Nam dui.', 6, 91, 'West Frisian', 'http://dummyimage.com/138x100.png/ff4444/ffffff');
insert into peliculas (nombre_pelicula, sinopsis_pelicula, id_genero, duracion_pelicula, idioma, thumbnail) values ('Limey, The', 'Sed ante. Vivamus tortor. Duis mattis egestas metus.', 18, 148, 'Icelandic', 'http://dummyimage.com/250x100.png/5fa2dd/ffffff');
insert into peliculas (nombre_pelicula, sinopsis_pelicula, id_genero, duracion_pelicula, idioma, thumbnail) values ('Frenchmen 2', 'Proin interdum mauris non ligula pellentesque ultrices. Phasellus id sapien in sapien iaculis congue. Vivamus metus arcu, adipiscing molestie, hendrerit at, vulputate vitae, nisl.', 60, 124, 'Papiamento', 'http://dummyimage.com/146x100.png/dddddd/000000');
insert into peliculas (nombre_pelicula, sinopsis_pelicula, id_genero, duracion_pelicula, idioma, thumbnail) values ('Cowboy Way, The', 'Sed ante. Vivamus tortor. Duis mattis egestas metus.', 75, 105, 'Marathi', 'http://dummyimage.com/137x100.png/5fa2dd/ffffff');
insert into peliculas (nombre_pelicula, sinopsis_pelicula, id_genero, duracion_pelicula, idioma, thumbnail) values ('Tremors', 'Duis bibendum. Morbi non quam nec dui luctus rutrum. Nulla tellus.', 21, 105, 'Macedonian', 'http://dummyimage.com/210x100.png/5fa2dd/ffffff');
insert into peliculas (nombre_pelicula, sinopsis_pelicula, id_genero, duracion_pelicula, idioma, thumbnail) values ('La Belle équipe', 'Suspendisse potenti. In eleifend quam a odio. In hac habitasse platea dictumst.', 78, 93, 'German', 'http://dummyimage.com/247x100.png/dddddd/000000');
insert into peliculas (nombre_pelicula, sinopsis_pelicula, id_genero, duracion_pelicula, idioma, thumbnail) values ('Crime Lords of Tokyo', 'Cras non velit nec nisi vulputate nonummy. Maecenas tincidunt lacus at velit. Vivamus vel nulla eget eros elementum pellentesque.', 55, 109, 'Swati', 'http://dummyimage.com/185x100.png/ff4444/ffffff');
insert into peliculas (nombre_pelicula, sinopsis_pelicula, id_genero, duracion_pelicula, idioma, thumbnail) values ('Transformers: Revenge of the Fallen', 'Duis bibendum. Morbi non quam nec dui luctus rutrum. Nulla tellus.', 55, 109, 'Greek', 'http://dummyimage.com/243x100.png/dddddd/000000');
insert into peliculas (nombre_pelicula, sinopsis_pelicula, id_genero, duracion_pelicula, idioma, thumbnail) values ('Coup de grâce (Der Fangschuß)', 'In congue. Etiam justo. Etiam pretium iaculis justo.', 31, 129, 'Gujarati', 'http://dummyimage.com/196x100.png/5fa2dd/ffffff');
insert into peliculas (nombre_pelicula, sinopsis_pelicula, id_genero, duracion_pelicula, idioma, thumbnail) values ('Grand, The', 'Vestibulum quam sapien, varius ut, blandit non, interdum in, ante. Vestibulum ante ipsum primis in faucibus orci luctus et ultrices posuere cubilia Curae; Duis faucibus accumsan odio. Curabitur convallis.', 48, 101, 'Thai', 'http://dummyimage.com/226x100.png/cc0000/ffffff');
insert into peliculas (nombre_pelicula, sinopsis_pelicula, id_genero, duracion_pelicula, idioma, thumbnail) values ('Twilight Saga: Breaking Dawn - Part 1, The', 'Duis aliquam convallis nunc. Proin at turpis a pede posuere nonummy. Integer non velit.', 58, 109, 'Albanian', 'http://dummyimage.com/150x100.png/dddddd/000000');
insert into peliculas (nombre_pelicula, sinopsis_pelicula, id_genero, duracion_pelicula, idioma, thumbnail) values ('Happy End', 'Pellentesque at nulla. Suspendisse potenti. Cras in purus eu magna vulputate luctus.', 63, 143, 'Azeri', 'http://dummyimage.com/175x100.png/dddddd/000000');
insert into peliculas (nombre_pelicula, sinopsis_pelicula, id_genero, duracion_pelicula, idioma, thumbnail) values ('Cirque du Soleil: Varekai', 'Quisque porta volutpat erat. Quisque erat eros, viverra eget, congue eget, semper rutrum, nulla. Nunc purus.', 49, 134, 'Guaraní', 'http://dummyimage.com/108x100.png/ff4444/ffffff');
insert into peliculas (nombre_pelicula, sinopsis_pelicula, id_genero, duracion_pelicula, idioma, thumbnail) values ('Stuart Little 2', 'Quisque porta volutpat erat. Quisque erat eros, viverra eget, congue eget, semper rutrum, nulla. Nunc purus.', 27, 99, 'Pashto', 'http://dummyimage.com/239x100.png/dddddd/000000');
insert into peliculas (nombre_pelicula, sinopsis_pelicula, id_genero, duracion_pelicula, idioma, thumbnail) values ('Rusty Knife (Sabita naifu)', 'Duis consequat dui nec nisi volutpat eleifend. Donec ut dolor. Morbi vel lectus in quam fringilla rhoncus.', 35, 99, 'German', 'http://dummyimage.com/185x100.png/ff4444/ffffff');
insert into peliculas (nombre_pelicula, sinopsis_pelicula, id_genero, duracion_pelicula, idioma, thumbnail) values ('Too Hot to Handle', 'Maecenas ut massa quis augue luctus tincidunt. Nulla mollis molestie lorem. Quisque ut erat.', 66, 133, 'Malay', 'http://dummyimage.com/172x100.png/dddddd/000000');
insert into peliculas (nombre_pelicula, sinopsis_pelicula, id_genero, duracion_pelicula, idioma, thumbnail) values ('Man Who Left His Will on Film, The (Tôkyô sensô sengo hiwa)', 'Sed sagittis. Nam congue, risus semper porta volutpat, quam pede lobortis ligula, sit amet eleifend pede libero quis orci. Nullam molestie nibh in lectus.', 94, 133, 'Swati', 'http://dummyimage.com/202x100.png/5fa2dd/ffffff');
insert into peliculas (nombre_pelicula, sinopsis_pelicula, id_genero, duracion_pelicula, idioma, thumbnail) values ('Most Likely to Succeed', 'In hac habitasse platea dictumst. Etiam faucibus cursus urna. Ut tellus.', 56, 95, 'Mongolian', 'http://dummyimage.com/243x100.png/cc0000/ffffff');
insert into peliculas (nombre_pelicula, sinopsis_pelicula, id_genero, duracion_pelicula, idioma, thumbnail) values ('5 Centimeters per Second (Byôsoku 5 senchimêtoru)', 'In hac habitasse platea dictumst. Etiam faucibus cursus urna. Ut tellus.', 7, 142, 'Moldovan', 'http://dummyimage.com/202x100.png/dddddd/000000');
insert into peliculas (nombre_pelicula, sinopsis_pelicula, id_genero, duracion_pelicula, idioma, thumbnail) values ('Restless Blood (Levoton veri)', 'Etiam vel augue. Vestibulum rutrum rutrum neque. Aenean auctor gravida sem.', 1, 98, 'Bislama', 'http://dummyimage.com/156x100.png/cc0000/ffffff');
insert into peliculas (nombre_pelicula, sinopsis_pelicula, id_genero, duracion_pelicula, idioma, thumbnail) values ('Partly Cloudy', 'Proin leo odio, porttitor id, consequat in, consequat ut, nulla. Sed accumsan felis. Ut at dolor quis odio consequat varius.', 87, 144, 'Belarusian', 'http://dummyimage.com/154x100.png/cc0000/ffffff');
insert into peliculas (nombre_pelicula, sinopsis_pelicula, id_genero, duracion_pelicula, idioma, thumbnail) values ('Marriage Circle, The', 'Cras non velit nec nisi vulputate nonummy. Maecenas tincidunt lacus at velit. Vivamus vel nulla eget eros elementum pellentesque.', 34, 148, 'Amharic', 'http://dummyimage.com/231x100.png/ff4444/ffffff');
insert into peliculas (nombre_pelicula, sinopsis_pelicula, id_genero, duracion_pelicula, idioma, thumbnail) values ('Sleeping Car, The', 'Integer ac leo. Pellentesque ultrices mattis odio. Donec vitae nisi.', 66, 135, 'Khmer', 'http://dummyimage.com/107x100.png/ff4444/ffffff');
insert into peliculas (nombre_pelicula, sinopsis_pelicula, id_genero, duracion_pelicula, idioma, thumbnail) values ('Love''s Enduring Promise', 'Duis bibendum, felis sed interdum venenatis, turpis enim blandit mi, in porttitor pede justo eu massa. Donec dapibus. Duis at velit eu est congue elementum.', 22, 93, 'Polish', 'http://dummyimage.com/124x100.png/ff4444/ffffff');
insert into peliculas (nombre_pelicula, sinopsis_pelicula, id_genero, duracion_pelicula, idioma, thumbnail) values ('Desperate Journey', 'Integer tincidunt ante vel ipsum. Praesent blandit lacinia erat. Vestibulum sed magna at nunc commodo placerat.', 73, 99, 'Czech', 'http://dummyimage.com/133x100.png/5fa2dd/ffffff');
insert into peliculas (nombre_pelicula, sinopsis_pelicula, id_genero, duracion_pelicula, idioma, thumbnail) values ('And Then Came Lola', 'Duis aliquam convallis nunc. Proin at turpis a pede posuere nonummy. Integer non velit.', 46, 103, 'Czech', 'http://dummyimage.com/227x100.png/5fa2dd/ffffff');
insert into peliculas (nombre_pelicula, sinopsis_pelicula, id_genero, duracion_pelicula, idioma, thumbnail) values ('Avalon', 'Maecenas ut massa quis augue luctus tincidunt. Nulla mollis molestie lorem. Quisque ut erat.', 88, 145, 'Somali', 'http://dummyimage.com/219x100.png/5fa2dd/ffffff');
insert into peliculas (nombre_pelicula, sinopsis_pelicula, id_genero, duracion_pelicula, idioma, thumbnail) values ('Cemetery Junction', 'Phasellus in felis. Donec semper sapien a libero. Nam dui.', 3, 143, 'Italian', 'http://dummyimage.com/204x100.png/dddddd/000000');
insert into peliculas (nombre_pelicula, sinopsis_pelicula, id_genero, duracion_pelicula, idioma, thumbnail) values ('Bête humaine, La', 'Morbi porttitor lorem id ligula. Suspendisse ornare consequat lectus. In est risus, auctor sed, tristique in, tempus sit amet, sem.', 76, 140, 'Norwegian', 'http://dummyimage.com/166x100.png/cc0000/ffffff');
insert into peliculas (nombre_pelicula, sinopsis_pelicula, id_genero, duracion_pelicula, idioma, thumbnail) values ('Shadowzone', 'Vestibulum ac est lacinia nisi venenatis tristique. Fusce congue, diam id ornare imperdiet, sapien urna pretium nisl, ut volutpat sapien arcu sed augue. Aliquam erat volutpat.', 86, 91, 'Maltese', 'http://dummyimage.com/228x100.png/ff4444/ffffff');
insert into peliculas (nombre_pelicula, sinopsis_pelicula, id_genero, duracion_pelicula, idioma, thumbnail) values ('Resolution', 'Suspendisse potenti. In eleifend quam a odio. In hac habitasse platea dictumst.', 11, 131, 'Dutch', 'http://dummyimage.com/183x100.png/dddddd/000000');
insert into peliculas (nombre_pelicula, sinopsis_pelicula, id_genero, duracion_pelicula, idioma, thumbnail) values ('Gravedancers, The', 'Quisque porta volutpat erat. Quisque erat eros, viverra eget, congue eget, semper rutrum, nulla. Nunc purus.', 25, 105, 'Papiamento', 'http://dummyimage.com/230x100.png/5fa2dd/ffffff');
insert into peliculas (nombre_pelicula, sinopsis_pelicula, id_genero, duracion_pelicula, idioma, thumbnail) values ('The Gold Spinners', 'Proin leo odio, porttitor id, consequat in, consequat ut, nulla. Sed accumsan felis. Ut at dolor quis odio consequat varius.', 14, 119, 'Portuguese', 'http://dummyimage.com/200x100.png/cc0000/ffffff');
insert into peliculas (nombre_pelicula, sinopsis_pelicula, id_genero, duracion_pelicula, idioma, thumbnail) values ('Major Dundee', 'Nulla ut erat id mauris vulputate elementum. Nullam varius. Nulla facilisi.', 69, 148, 'Dhivehi', 'http://dummyimage.com/205x100.png/ff4444/ffffff');
insert into peliculas (nombre_pelicula, sinopsis_pelicula, id_genero, duracion_pelicula, idioma, thumbnail) values ('George Lopez: It''s Not Me, It''s You', 'Cum sociis natoque penatibus et magnis dis parturient montes, nascetur ridiculus mus. Vivamus vestibulum sagittis sapien. Cum sociis natoque penatibus et magnis dis parturient montes, nascetur ridiculus mus.', 56, 95, 'Swahili', 'http://dummyimage.com/125x100.png/cc0000/ffffff');
insert into peliculas (nombre_pelicula, sinopsis_pelicula, id_genero, duracion_pelicula, idioma, thumbnail) values ('Iceman Tapes: Conversations with a Killer, The', 'Duis bibendum. Morbi non quam nec dui luctus rutrum. Nulla tellus.', 88, 123, 'Gujarati', 'http://dummyimage.com/137x100.png/dddddd/000000');
insert into peliculas (nombre_pelicula, sinopsis_pelicula, id_genero, duracion_pelicula, idioma, thumbnail) values ('Jimmy Hollywood', 'Aliquam quis turpis eget elit sodales scelerisque. Mauris sit amet eros. Suspendisse accumsan tortor quis turpis.', 71, 100, 'Luxembourgish', 'http://dummyimage.com/227x100.png/dddddd/000000');
insert into peliculas (nombre_pelicula, sinopsis_pelicula, id_genero, duracion_pelicula, idioma, thumbnail) values ('Dragonphoenix Chronicles: Indomitable, The', 'Cras non velit nec nisi vulputate nonummy. Maecenas tincidunt lacus at velit. Vivamus vel nulla eget eros elementum pellentesque.', 59, 105, 'Amharic', 'http://dummyimage.com/190x100.png/dddddd/000000');
insert into peliculas (nombre_pelicula, sinopsis_pelicula, id_genero, duracion_pelicula, idioma, thumbnail) values ('Phantasm IV: Oblivion', 'Duis aliquam convallis nunc. Proin at turpis a pede posuere nonummy. Integer non velit.', 44, 118, 'Hindi', 'http://dummyimage.com/197x100.png/dddddd/000000');
insert into peliculas (nombre_pelicula, sinopsis_pelicula, id_genero, duracion_pelicula, idioma, thumbnail) values ('Terrace, The (Terrazza, La)', 'Integer tincidunt ante vel ipsum. Praesent blandit lacinia erat. Vestibulum sed magna at nunc commodo placerat.', 96, 145, 'Irish Gaelic', 'http://dummyimage.com/215x100.png/ff4444/ffffff');
insert into peliculas (nombre_pelicula, sinopsis_pelicula, id_genero, duracion_pelicula, idioma, thumbnail) values ('Great McGinty, The', 'Lorem ipsum dolor sit amet, consectetuer adipiscing elit. Proin risus. Praesent lectus.', 16, 139, 'Dutch', 'http://dummyimage.com/242x100.png/5fa2dd/ffffff');
insert into peliculas (nombre_pelicula, sinopsis_pelicula, id_genero, duracion_pelicula, idioma, thumbnail) values ('Being Cyrus', 'Maecenas leo odio, condimentum id, luctus nec, molestie sed, justo. Pellentesque viverra pede ac diam. Cras pellentesque volutpat dui.', 53, 109, 'Swahili', 'http://dummyimage.com/170x100.png/ff4444/ffffff');
insert into peliculas (nombre_pelicula, sinopsis_pelicula, id_genero, duracion_pelicula, idioma, thumbnail) values ('Drift', 'Proin eu mi. Nulla ac enim. In tempor, turpis nec euismod scelerisque, quam turpis adipiscing lorem, vitae mattis nibh ligula nec sem.', 23, 120, 'Icelandic', 'http://dummyimage.com/135x100.png/dddddd/000000');
insert into peliculas (nombre_pelicula, sinopsis_pelicula, id_genero, duracion_pelicula, idioma, thumbnail) values ('Theatre of Blood', 'In hac habitasse platea dictumst. Morbi vestibulum, velit id pretium iaculis, diam erat fermentum justo, nec condimentum neque sapien placerat ante. Nulla justo.', 65, 150, 'Finnish', 'http://dummyimage.com/172x100.png/ff4444/ffffff');
insert into peliculas (nombre_pelicula, sinopsis_pelicula, id_genero, duracion_pelicula, idioma, thumbnail) values ('My Dog Skip', 'Maecenas leo odio, condimentum id, luctus nec, molestie sed, justo. Pellentesque viverra pede ac diam. Cras pellentesque volutpat dui.', 92, 97, 'Italian', 'http://dummyimage.com/123x100.png/5fa2dd/ffffff');
insert into peliculas (nombre_pelicula, sinopsis_pelicula, id_genero, duracion_pelicula, idioma, thumbnail) values ('Stranded', 'Integer ac leo. Pellentesque ultrices mattis odio. Donec vitae nisi.', 60, 131, 'Croatian', 'http://dummyimage.com/207x100.png/dddddd/000000');


insert into Cines (id_cine, id_ubicacion, nombre_cine, telefono_cine) values (1, 13, 'Sodium Fluoride and Hydrofluoric Acid', '391-278-6201');
insert into Cines (id_cine, id_ubicacion, nombre_cine, telefono_cine) values (2, 67, 'Ciprofloxacin', '411-434-9971');
insert into Cines (id_cine, id_ubicacion, nombre_cine, telefono_cine) values (3, 74, 'Laxative', '318-135-9459');
insert into Cines (id_cine, id_ubicacion, nombre_cine, telefono_cine) values (4, 95, 'Diphenhydramine HCl', '532-267-8086');
insert into Cines (id_cine, id_ubicacion, nombre_cine, telefono_cine) values (5, 25, 'marcaine, lidocaine, kenalog, povidone iodine', '874-939-3963');
insert into Cines (id_cine, id_ubicacion, nombre_cine, telefono_cine) values (6, 77, 'BENZALKONIUM CHLORIDE', '600-918-4140');
insert into Cines (id_cine, id_ubicacion, nombre_cine, telefono_cine) values (7, 8, 'benztropine mesylate', '277-738-7296');
insert into Cines (id_cine, id_ubicacion, nombre_cine, telefono_cine) values (8, 10, 'Phenylephrine Hydrochloride', '784-532-5663');
insert into Cines (id_cine, id_ubicacion, nombre_cine, telefono_cine) values (9, 45, 'Bacitracin', '921-598-0675');
insert into Cines (id_cine, id_ubicacion, nombre_cine, telefono_cine) values (10, 11, 'TITANIUMDIOXIDE', '946-874-9113');
insert into Cines (id_cine, id_ubicacion, nombre_cine, telefono_cine) values (11, 64, 'Etodolac', '169-654-0878');
insert into Cines (id_cine, id_ubicacion, nombre_cine, telefono_cine) values (12, 24, 'Aspirin', '284-293-4982');
insert into Cines (id_cine, id_ubicacion, nombre_cine, telefono_cine) values (13, 5, 'repaglinide', '506-208-9782');
insert into Cines (id_cine, id_ubicacion, nombre_cine, telefono_cine) values (14, 84, 'Aspirin', '748-503-3318');
insert into Cines (id_cine, id_ubicacion, nombre_cine, telefono_cine) values (15, 9, 'Verticillium', '873-331-2607');
insert into Cines (id_cine, id_ubicacion, nombre_cine, telefono_cine) values (16, 9, 'Hydrocodone Bitartrate and Acetaminophen', '281-710-3133');
insert into Cines (id_cine, id_ubicacion, nombre_cine, telefono_cine) values (17, 8, 'TITANIUM DIOXIDE', '738-917-9647');
insert into Cines (id_cine, id_ubicacion, nombre_cine, telefono_cine) values (18, 70, 'Apis Aconitum', '147-604-7911');
insert into Cines (id_cine, id_ubicacion, nombre_cine, telefono_cine) values (19, 49, 'Lorazepam', '113-561-2250');
insert into Cines (id_cine, id_ubicacion, nombre_cine, telefono_cine) values (20, 70, 'Ceftazidime', '804-514-7675');
insert into Cines (id_cine, id_ubicacion, nombre_cine, telefono_cine) values (21, 29, 'Cocculus indicus, Colchicum autumnale, gelsemium sempervirens, Juniperus communis, Kali carbonicum, Kali phosphoricum, Nux vomica, Passiflora incarnata, Phosphoricum acidum, Phosphorus', '354-133-4744');
insert into Cines (id_cine, id_ubicacion, nombre_cine, telefono_cine) values (22, 16, 'Menthol Methyl Salicylate', '990-705-3655');
insert into Cines (id_cine, id_ubicacion, nombre_cine, telefono_cine) values (23, 81, 'ACETAMINOPHEN, PHENYLEPHRINE HYDROCHLORIDE', '131-160-4435');
insert into Cines (id_cine, id_ubicacion, nombre_cine, telefono_cine) values (24, 35, 'Acetaminophen', '327-659-4442');
insert into Cines (id_cine, id_ubicacion, nombre_cine, telefono_cine) values (25, 3, 'Fluconazole', '136-990-9281');
insert into Cines (id_cine, id_ubicacion, nombre_cine, telefono_cine) values (26, 28, 'varenicline tartrate', '548-688-8121');
insert into Cines (id_cine, id_ubicacion, nombre_cine, telefono_cine) values (27, 49, 'Chrysosplenium Chamomilla', '701-183-2947');
insert into Cines (id_cine, id_ubicacion, nombre_cine, telefono_cine) values (28, 71, 'ambrosia trifida pollen and ambrosia artemisiifolia pollen', '146-855-8666');
insert into Cines (id_cine, id_ubicacion, nombre_cine, telefono_cine) values (29, 17, 'Octinoxate, Zinc Oxide, Octisalate, Oxybenzone', '757-973-8722');
insert into Cines (id_cine, id_ubicacion, nombre_cine, telefono_cine) values (30, 63, 'DEXTROMETHORPHAN HYDROBROMIDE, DOXYLAMINE SUCCINATE', '528-898-1939');
insert into Cines (id_cine, id_ubicacion, nombre_cine, telefono_cine) values (31, 90, 'Hydroxychloroquine Sulfate', '152-869-1276');
insert into Cines (id_cine, id_ubicacion, nombre_cine, telefono_cine) values (32, 51, 'Acetaminophen and Codeine Phosphate', '281-580-7016');
insert into Cines (id_cine, id_ubicacion, nombre_cine, telefono_cine) values (33, 87, 'Titanium Dioxide and Zinc Oxide', '445-251-5768');
insert into Cines (id_cine, id_ubicacion, nombre_cine, telefono_cine) values (34, 37, 'Urea', '187-535-6018');
insert into Cines (id_cine, id_ubicacion, nombre_cine, telefono_cine) values (35, 82, 'acetaminophen and caffeine', '498-371-4233');
insert into Cines (id_cine, id_ubicacion, nombre_cine, telefono_cine) values (36, 30, 'Pioglitazone and metformin', '208-684-6043');
insert into Cines (id_cine, id_ubicacion, nombre_cine, telefono_cine) values (37, 39, 'Air', '701-195-7239');
insert into Cines (id_cine, id_ubicacion, nombre_cine, telefono_cine) values (38, 32, 'baclofen', '228-112-7313');
insert into Cines (id_cine, id_ubicacion, nombre_cine, telefono_cine) values (39, 36, 'CHLOROXYLENOL', '484-476-6591');
insert into Cines (id_cine, id_ubicacion, nombre_cine, telefono_cine) values (40, 49, 'acetaminophen and codeine phosphate', '920-478-2380');
insert into Cines (id_cine, id_ubicacion, nombre_cine, telefono_cine) values (41, 71, 'Pyrithione Zinc', '429-981-3137');
insert into Cines (id_cine, id_ubicacion, nombre_cine, telefono_cine) values (42, 47, 'Dextroamphetamine Sulfate', '311-182-5004');
insert into Cines (id_cine, id_ubicacion, nombre_cine, telefono_cine) values (43, 68, 'leflunomide', '339-153-5249');
insert into Cines (id_cine, id_ubicacion, nombre_cine, telefono_cine) values (44, 8, 'Carvedilol', '652-474-1394');
insert into Cines (id_cine, id_ubicacion, nombre_cine, telefono_cine) values (45, 63, 'Menthol, zinc oxide', '486-865-0932');
insert into Cines (id_cine, id_ubicacion, nombre_cine, telefono_cine) values (46, 44, 'Natrum Muriaticum', '438-688-5025');
insert into Cines (id_cine, id_ubicacion, nombre_cine, telefono_cine) values (47, 39, 'Ibuprofen', '227-578-7889');
insert into Cines (id_cine, id_ubicacion, nombre_cine, telefono_cine) values (48, 28, 'TITANIUM DIOXIDE, OCTINOXATE', '665-583-1860');
insert into Cines (id_cine, id_ubicacion, nombre_cine, telefono_cine) values (49, 72, 'Escitalopram', '739-442-7133');
insert into Cines (id_cine, id_ubicacion, nombre_cine, telefono_cine) values (50, 38, 'Bismuth subsalicylate', '334-578-9803');
insert into Cines (id_cine, id_ubicacion, nombre_cine, telefono_cine) values (51, 20, 'ASPIRIN', '236-574-1452');
insert into Cines (id_cine, id_ubicacion, nombre_cine, telefono_cine) values (52, 63, 'Avobenzone, Octisalate, Octocrylene, and Oxybenzone', '610-567-8661');
insert into Cines (id_cine, id_ubicacion, nombre_cine, telefono_cine) values (53, 60, 'Titanium Dioxide, Zinc Oxide', '851-549-9865');
insert into Cines (id_cine, id_ubicacion, nombre_cine, telefono_cine) values (54, 48, 'Octinoxate, Oxybenzone', '115-629-4064');
insert into Cines (id_cine, id_ubicacion, nombre_cine, telefono_cine) values (55, 99, 'Pheniramine Maleate and Naphazoline Hydrochloride', '983-802-5545');
insert into Cines (id_cine, id_ubicacion, nombre_cine, telefono_cine) values (56, 63, 'Risperidone', '967-352-2442');
insert into Cines (id_cine, id_ubicacion, nombre_cine, telefono_cine) values (57, 100, 'avobenzone, homosalate, octisalate, octocrylene, oxybenzone', '609-108-7594');
insert into Cines (id_cine, id_ubicacion, nombre_cine, telefono_cine) values (58, 19, 'ibuprofen', '715-664-2990');
insert into Cines (id_cine, id_ubicacion, nombre_cine, telefono_cine) values (59, 57, 'norgestimate and ethinyl estradiol', '634-877-2328');
insert into Cines (id_cine, id_ubicacion, nombre_cine, telefono_cine) values (60, 10, 'Alternaria tenuis', '251-794-5527');
insert into Cines (id_cine, id_ubicacion, nombre_cine, telefono_cine) values (61, 12, 'ydrocodone bitartrate and acetaminophen', '368-798-7019');
insert into Cines (id_cine, id_ubicacion, nombre_cine, telefono_cine) values (62, 33, 'Dextromethorphan Hydrobromide, Guaifenesin, Phenylephrine Hydrochloride', '128-775-8005');
insert into Cines (id_cine, id_ubicacion, nombre_cine, telefono_cine) values (63, 40, 'fondaparinux sodium', '332-421-4538');
insert into Cines (id_cine, id_ubicacion, nombre_cine, telefono_cine) values (64, 20, 'Aluminum Zirconium Tetrachlorohydrex Gly', '264-821-0222');
insert into Cines (id_cine, id_ubicacion, nombre_cine, telefono_cine) values (65, 52, 'amiodarone hydrochloride', '932-715-0421');
insert into Cines (id_cine, id_ubicacion, nombre_cine, telefono_cine) values (66, 87, 'Aethusa cynapium 6X, Cocculus indicus 12X, Colchicum autumnale 12X, Ipecacuanha 8X, Nux vomica 30X, Petroleum 12X, Veratrum album 30X', '883-863-9035');
insert into Cines (id_cine, id_ubicacion, nombre_cine, telefono_cine) values (67, 62, 'purified water', '126-273-9838');
insert into Cines (id_cine, id_ubicacion, nombre_cine, telefono_cine) values (68, 33, 'Chloroxylenol', '972-873-8438');
insert into Cines (id_cine, id_ubicacion, nombre_cine, telefono_cine) values (69, 85, 'Aconitum napellus, Argentum nitricum, Arnica montana, Valeriana officinalis', '473-987-7064');
insert into Cines (id_cine, id_ubicacion, nombre_cine, telefono_cine) values (70, 37, 'fluticasone propionate', '480-738-6140');
insert into Cines (id_cine, id_ubicacion, nombre_cine, telefono_cine) values (71, 51, 'Acetaminophen, Dextromethorphan Hydrobromide, Phenylephrine Hydrochloride', '667-519-6615');
insert into Cines (id_cine, id_ubicacion, nombre_cine, telefono_cine) values (72, 50, 'Calcium Carbonate', '592-882-8425');
insert into Cines (id_cine, id_ubicacion, nombre_cine, telefono_cine) values (73, 16, 'NAJA NAJA VENOM', '927-251-5820');
insert into Cines (id_cine, id_ubicacion, nombre_cine, telefono_cine) values (74, 57, 'Acetaminophen', '318-585-1326');
insert into Cines (id_cine, id_ubicacion, nombre_cine, telefono_cine) values (75, 23, 'Glyburide', '253-973-2391');
insert into Cines (id_cine, id_ubicacion, nombre_cine, telefono_cine) values (76, 5, 'Cedar, Red Juniperus virginiana', '606-552-2471');
insert into Cines (id_cine, id_ubicacion, nombre_cine, telefono_cine) values (77, 24, 'ALCOHOL', '887-951-5213');
insert into Cines (id_cine, id_ubicacion, nombre_cine, telefono_cine) values (78, 94, 'SPIRONOLACTONE', '914-218-6344');
insert into Cines (id_cine, id_ubicacion, nombre_cine, telefono_cine) values (79, 92, 'Lisinopril and Hydrochlorothiazide', '906-137-8375');
insert into Cines (id_cine, id_ubicacion, nombre_cine, telefono_cine) values (80, 21, 'Ascorbic Acid, .Alpha.-Tocopherol, Pyridoxine, Folic Acid, Calcium, Iron, Cholecalciferol, CRYPTHECODINIUM COHNII DHA OIL, and Docusate Sodium', '122-297-5059');
insert into Cines (id_cine, id_ubicacion, nombre_cine, telefono_cine) values (81, 72, 'Losartan Potassium', '333-884-2521');
insert into Cines (id_cine, id_ubicacion, nombre_cine, telefono_cine) values (82, 62, 'alendronate sodium', '442-131-6931');
insert into Cines (id_cine, id_ubicacion, nombre_cine, telefono_cine) values (83, 9, 'Benazepril hydrochloride', '883-964-7014');
insert into Cines (id_cine, id_ubicacion, nombre_cine, telefono_cine) values (84, 37, 'Ambrosia dumosa', '240-181-9396');
insert into Cines (id_cine, id_ubicacion, nombre_cine, telefono_cine) values (85, 87, 'Anastrozole', '596-931-0499');
insert into Cines (id_cine, id_ubicacion, nombre_cine, telefono_cine) values (86, 29, 'alendronate sodium', '733-359-8144');
insert into Cines (id_cine, id_ubicacion, nombre_cine, telefono_cine) values (87, 63, 'Phenylephrine Hydrochloride', '507-649-1115');
insert into Cines (id_cine, id_ubicacion, nombre_cine, telefono_cine) values (88, 38, 'psyllium husk', '161-714-0530');
insert into Cines (id_cine, id_ubicacion, nombre_cine, telefono_cine) values (89, 60, 'ZIPRASIDONE HYDROCHLORIDE', '594-919-1394');
insert into Cines (id_cine, id_ubicacion, nombre_cine, telefono_cine) values (90, 70, 'Pyrrole', '717-949-2639');
insert into Cines (id_cine, id_ubicacion, nombre_cine, telefono_cine) values (91, 44, 'Octinoxate, Octisalate, Oxybenzone, Titanium Dioxide', '117-477-7794');
insert into Cines (id_cine, id_ubicacion, nombre_cine, telefono_cine) values (92, 38, 'Berberis Vulgaris, Petroselinum Sativum, Sabal Serrulata, Uva Ursi, CAntharis, Lithium Carbonicum, Mercurius Corrosivus', '385-138-6521');
insert into Cines (id_cine, id_ubicacion, nombre_cine, telefono_cine) values (93, 38, 'moxifloxacin hydrochloride', '151-613-1700');
insert into Cines (id_cine, id_ubicacion, nombre_cine, telefono_cine) values (94, 92, 'TOPICAL STARCH', '172-275-9918');
insert into Cines (id_cine, id_ubicacion, nombre_cine, telefono_cine) values (95, 4, 'Western Water Hemp', '757-452-8395');
insert into Cines (id_cine, id_ubicacion, nombre_cine, telefono_cine) values (96, 66, 'ESCITALOPRAM OXALATE', '950-352-2369');
insert into Cines (id_cine, id_ubicacion, nombre_cine, telefono_cine) values (97, 55, 'Dextromethorphan HBr, Guaifenesin', '609-482-3277');
insert into Cines (id_cine, id_ubicacion, nombre_cine, telefono_cine) values (98, 33, 'Enalapril Maleate', '490-844-3612');
insert into Cines (id_cine, id_ubicacion, nombre_cine, telefono_cine) values (99, 40, 'Alendronate Sodium', '235-456-9607');
insert into Cines (id_cine, id_ubicacion, nombre_cine, telefono_cine) values (100, 22, 'Aluminum Chlorohydrate', '890-459-9047');


insert into Tipos_salas (id_tipo_sala, nombre, descripcion) values (1, 'Western Wart Lichen', 'Remove corneal implant');
insert into Tipos_salas (id_tipo_sala, nombre, descripcion) values (2, 'Chaparral Ragwort', 'Revis cutan ileoureteros');
insert into Tipos_salas (id_tipo_sala, nombre, descripcion) values (3, 'Orthothecium Moss', 'Local perfusion liver');
insert into Tipos_salas (id_tipo_sala, nombre, descripcion) values (4, 'Farinose Crabseye Lichen', 'Ankle synovectomy');
insert into Tipos_salas (id_tipo_sala, nombre, descripcion) values (5, 'Xanthocephalum', 'Excision lingual tonsil');
insert into Tipos_salas (id_tipo_sala, nombre, descripcion) values (6, 'Ixora', 'Part ostect-metacar/car');
insert into Tipos_salas (id_tipo_sala, nombre, descripcion) values (7, 'Leptosiphon', 'Clos endoscopic lung bx');
insert into Tipos_salas (id_tipo_sala, nombre, descripcion) values (8, 'Piedmont Threeawn', 'CAS w multiple datasets');
insert into Tipos_salas (id_tipo_sala, nombre, descripcion) values (9, 'Low Sandmat', 'Autotrnsplnt islets lang');
insert into Tipos_salas (id_tipo_sala, nombre, descripcion) values (10, 'Curtis'' Threeawn', 'Cl red-int fix rad/ulna');
insert into Tipos_salas (id_tipo_sala, nombre, descripcion) values (11, 'Doll''s Daisy', 'BBBD via infusion');
insert into Tipos_salas (id_tipo_sala, nombre, descripcion) values (12, 'Texas Vervain', 'Incision of testes');
insert into Tipos_salas (id_tipo_sala, nombre, descripcion) values (13, 'Thelopsis Lichen', 'Cryosurg destr rect les');
insert into Tipos_salas (id_tipo_sala, nombre, descripcion) values (14, 'Pacific Fescue', 'Hypothermia');
insert into Tipos_salas (id_tipo_sala, nombre, descripcion) values (15, 'Yellow Mandarin', 'Control bladd hemorrhage');
insert into Tipos_salas (id_tipo_sala, nombre, descripcion) values (16, 'Compact Prairie Clover', 'Other arthrotomy NOS');
insert into Tipos_salas (id_tipo_sala, nombre, descripcion) values (17, 'Brasiletto', 'Nephropexy');
insert into Tipos_salas (id_tipo_sala, nombre, descripcion) values (18, 'Tangor', 'Osteopath manipulat NEC');
insert into Tipos_salas (id_tipo_sala, nombre, descripcion) values (19, 'Florida Pineland Spurge', 'Other myectomy');
insert into Tipos_salas (id_tipo_sala, nombre, descripcion) values (20, 'Louisiana Quillwort', 'Lap adhesiolys ova/tube');
insert into Tipos_salas (id_tipo_sala, nombre, descripcion) values (21, 'Hairy Canary-clover', 'Endo imp oth grf abd aor');
insert into Tipos_salas (id_tipo_sala, nombre, descripcion) values (22, 'Forest Scurfpea', 'Patellar sequestrectomy');
insert into Tipos_salas (id_tipo_sala, nombre, descripcion) values (23, 'Silverweed', 'Repl joint of foot, toe');
insert into Tipos_salas (id_tipo_sala, nombre, descripcion) values (24, 'Cockspur', 'Oth remove both ovaries');
insert into Tipos_salas (id_tipo_sala, nombre, descripcion) values (25, 'Rough Cocklebur', 'Revise disc prost cerv');
insert into Tipos_salas (id_tipo_sala, nombre, descripcion) values (26, 'Berlandier''s Jopoy', 'Sinusectomy NOS');
insert into Tipos_salas (id_tipo_sala, nombre, descripcion) values (27, 'Corn Spurry', 'Other hydrotherapy');
insert into Tipos_salas (id_tipo_sala, nombre, descripcion) values (28, 'Schweinitz''s Ragwort', 'Thumb reattachment');
insert into Tipos_salas (id_tipo_sala, nombre, descripcion) values (29, 'Carlquist''s Tarweed', 'Biopsy of diaphragm');
insert into Tipos_salas (id_tipo_sala, nombre, descripcion) values (30, 'Lemmon''s Lessingia', 'Other eyelid incision');
insert into Tipos_salas (id_tipo_sala, nombre, descripcion) values (31, 'Curtiss'' Lespedeza', 'Reduct intuss ali tract');
insert into Tipos_salas (id_tipo_sala, nombre, descripcion) values (32, 'Feijoa', 'Cystotomy & adhesiolysis');
insert into Tipos_salas (id_tipo_sala, nombre, descripcion) values (33, 'Hypotrachyna Lichen', 'Close rectal fist NEC');
insert into Tipos_salas (id_tipo_sala, nombre, descripcion) values (34, 'Natal Orange', 'Smallpox vaccination');
insert into Tipos_salas (id_tipo_sala, nombre, descripcion) values (35, 'Black Cottonwood', 'Psychia interv/eval NEC');
insert into Tipos_salas (id_tipo_sala, nombre, descripcion) values (36, 'New England Fontinalis Moss', 'Vaginoscopy');
insert into Tipos_salas (id_tipo_sala, nombre, descripcion) values (37, 'Little Quakinggrass', 'Retinal tear cryotherapy');
insert into Tipos_salas (id_tipo_sala, nombre, descripcion) values (38, 'Prairie Acacia', 'Limb lengthn-metatar/tar');
insert into Tipos_salas (id_tipo_sala, nombre, descripcion) values (39, 'Thickleaf Phlox', 'Cord/epid/vas ops NEC');
insert into Tipos_salas (id_tipo_sala, nombre, descripcion) values (40, 'Small-leaf Fiddleleaf', 'Suture urethral lacerat');
insert into Tipos_salas (id_tipo_sala, nombre, descripcion) values (41, 'Blemished Lichen', 'Bladder reconstruction');
insert into Tipos_salas (id_tipo_sala, nombre, descripcion) values (42, 'San Diego Povertyweed', 'Skull plate insertion');
insert into Tipos_salas (id_tipo_sala, nombre, descripcion) values (43, 'Western Daisy Fleabane', 'Percu abdominal drainage');
insert into Tipos_salas (id_tipo_sala, nombre, descripcion) values (44, 'Soxman''s Milkvetch', 'Oth trachea dx procedure');
insert into Tipos_salas (id_tipo_sala, nombre, descripcion) values (45, 'Wedgeleaf Horkelia', 'Hysterectomy NEC/NOS');
insert into Tipos_salas (id_tipo_sala, nombre, descripcion) values (46, 'Bering Hairgrass', 'Blow therapeut into tube');
insert into Tipos_salas (id_tipo_sala, nombre, descripcion) values (47, 'Oat', 'Bil fem hern repair-grft');
insert into Tipos_salas (id_tipo_sala, nombre, descripcion) values (48, 'Anisomeridium Lichen', 'Arthroplas metacarp wit');
insert into Tipos_salas (id_tipo_sala, nombre, descripcion) values (49, 'Annual Sandwort', 'Rad subtot pancreatectom');
insert into Tipos_salas (id_tipo_sala, nombre, descripcion) values (50, 'Forbes''s Hawthorn', 'Insert removable bridge');
insert into Tipos_salas (id_tipo_sala, nombre, descripcion) values (51, 'Bitter Panicgrass', 'Parasitology-upper urin');
insert into Tipos_salas (id_tipo_sala, nombre, descripcion) values (52, 'Arctic Willowherb', 'Spine tract w skull dev');
insert into Tipos_salas (id_tipo_sala, nombre, descripcion) values (53, 'Eleutheranthera', 'Repl pacem w dual-cham');
insert into Tipos_salas (id_tipo_sala, nombre, descripcion) values (54, 'Orthotrichum Moss', 'Eswl gb/bile duct');
insert into Tipos_salas (id_tipo_sala, nombre, descripcion) values (55, 'Bellybutton Veinfern', 'Scler fistuliz w iridect');
insert into Tipos_salas (id_tipo_sala, nombre, descripcion) values (56, 'Felt Lichen', 'Thoraco robotic ast proc');
insert into Tipos_salas (id_tipo_sala, nombre, descripcion) values (57, 'Narihira Bamboo', 'C-vasc scan/isotop funct');
insert into Tipos_salas (id_tipo_sala, nombre, descripcion) values (58, 'Stinking Milkvetch', 'Nasal function study');
insert into Tipos_salas (id_tipo_sala, nombre, descripcion) values (59, 'Racemed Milkwort', 'C-vasc scan/isotop funct');
insert into Tipos_salas (id_tipo_sala, nombre, descripcion) values (60, 'Rosy Owl''s-clover', 'Excise patella for graft');
insert into Tipos_salas (id_tipo_sala, nombre, descripcion) values (61, 'Slender Spikerush', 'Oth vagin pessary insert');
insert into Tipos_salas (id_tipo_sala, nombre, descripcion) values (62, 'Cox''s Mariposa Lily', 'Dilat enterostomy stoma');
insert into Tipos_salas (id_tipo_sala, nombre, descripcion) values (63, 'Streambank Copperleaf', 'Loc exc les metacar/car');
insert into Tipos_salas (id_tipo_sala, nombre, descripcion) values (64, 'Sierra Stonecrop', 'Phonocardiogram');
insert into Tipos_salas (id_tipo_sala, nombre, descripcion) values (65, 'Annual Muhly', 'Lap lys perivesureth adh');
insert into Tipos_salas (id_tipo_sala, nombre, descripcion) values (66, 'Rio Grande Tonguefern', 'Appl ext fix-metatar/tar');
insert into Tipos_salas (id_tipo_sala, nombre, descripcion) values (67, 'Sweet Autumn Virginsbower', 'Loc exc les metacar/car');
insert into Tipos_salas (id_tipo_sala, nombre, descripcion) values (68, 'Arkansas River Feverfew', 'Vag hysterectomy NEC/NOS');
insert into Tipos_salas (id_tipo_sala, nombre, descripcion) values (69, 'Stinkvine', 'Incision of lid margin');
insert into Tipos_salas (id_tipo_sala, nombre, descripcion) values (70, 'Wedgeleaf Fleabane', 'Sing source radiosurgery');
insert into Tipos_salas (id_tipo_sala, nombre, descripcion) values (71, 'Stone Rubberweed', 'Phonocardiogram');
insert into Tipos_salas (id_tipo_sala, nombre, descripcion) values (72, 'Yellow Star-tulip', 'Pacemaker volt threshold');
insert into Tipos_salas (id_tipo_sala, nombre, descripcion) values (73, 'Parry''s Rush', 'Referral alcohol rehab');
insert into Tipos_salas (id_tipo_sala, nombre, descripcion) values (74, 'Antilles Heliotrope', 'Inject ca chemother NEC');
insert into Tipos_salas (id_tipo_sala, nombre, descripcion) values (75, 'California Sweetcicely', 'Refusion of spine NEC');
insert into Tipos_salas (id_tipo_sala, nombre, descripcion) values (76, 'Virginia Glasswort', 'Lap left hemicolectomy');
insert into Tipos_salas (id_tipo_sala, nombre, descripcion) values (77, 'Desert Goldenrod', 'Cell blk/pap-spleen/marr');
insert into Tipos_salas (id_tipo_sala, nombre, descripcion) values (78, 'Karanda', 'Small bowel incision NEC');
insert into Tipos_salas (id_tipo_sala, nombre, descripcion) values (79, 'Squarestem', 'Lid marg lac rx-part th');
insert into Tipos_salas (id_tipo_sala, nombre, descripcion) values (80, 'Sheldon''s Sedge', 'Osteoplasty mandible bdy');
insert into Tipos_salas (id_tipo_sala, nombre, descripcion) values (81, 'Bearded Cinquefoil', 'Cranial sinus i & d');
insert into Tipos_salas (id_tipo_sala, nombre, descripcion) values (82, 'Back''s Sedge', 'Repair rectovag fistula');
insert into Tipos_salas (id_tipo_sala, nombre, descripcion) values (83, 'Big Red Stem Moss', 'Inject into thorax cavit');
insert into Tipos_salas (id_tipo_sala, nombre, descripcion) values (84, 'Tufted Evening Primrose', 'Stern interposition NEC');
insert into Tipos_salas (id_tipo_sala, nombre, descripcion) values (85, 'Superb Beardtongue', 'Pull-thru rect resec NEC');
insert into Tipos_salas (id_tipo_sala, nombre, descripcion) values (86, 'Australasian Catchbirdtree', 'Transab cerclage cervix');
insert into Tipos_salas (id_tipo_sala, nombre, descripcion) values (87, 'Indianhemp', 'Repair of spleen');
insert into Tipos_salas (id_tipo_sala, nombre, descripcion) values (88, 'Pacific Aster', 'Ventricl shunt-head/neck');
insert into Tipos_salas (id_tipo_sala, nombre, descripcion) values (89, 'Southern Blue Monkshood', 'Syn implant to face bone');
insert into Tipos_salas (id_tipo_sala, nombre, descripcion) values (90, 'Serpentine Savory', 'Tongue operation NEC');
insert into Tipos_salas (id_tipo_sala, nombre, descripcion) values (91, 'Greenviolet', 'Skl xray-shoulder/up arm');
insert into Tipos_salas (id_tipo_sala, nombre, descripcion) values (92, 'Stiffstem Flax', 'Biliary tube irrigation');
insert into Tipos_salas (id_tipo_sala, nombre, descripcion) values (93, 'Bougainvillea', 'Epiglottidectomy');
insert into Tipos_salas (id_tipo_sala, nombre, descripcion) values (94, 'Bellwort', 'Corneal incision');
insert into Tipos_salas (id_tipo_sala, nombre, descripcion) values (95, 'Pringle''s Phacelia', 'Fus/refus 9 vertebrae');
insert into Tipos_salas (id_tipo_sala, nombre, descripcion) values (96, 'Shield Lichen', 'Plast op hnd-mus/fas grf');
insert into Tipos_salas (id_tipo_sala, nombre, descripcion) values (97, 'Nineleaf Biscuitroot', 'Debrid opn fx-metat/tar');
insert into Tipos_salas (id_tipo_sala, nombre, descripcion) values (98, 'Narrowleaf Colicwood', 'Skl xray-shoulder/up arm');
insert into Tipos_salas (id_tipo_sala, nombre, descripcion) values (99, 'Roland''s Seablite', 'Seminal vesicle op NEC');
insert into Tipos_salas (id_tipo_sala, nombre, descripcion) values (100, 'Euryale', 'Extraoc musc dx proc NEC');

insert into Salas (id_sala, nombre_sala, id_tipo_sala, sala_capacidad, id_cine) values (1, 'Common Sotol', 92, 70, 28);
insert into Salas (id_sala, nombre_sala, id_tipo_sala, sala_capacidad, id_cine) values (2, 'Pelotazo', 67, 51, 93);
insert into Salas (id_sala, nombre_sala, id_tipo_sala, sala_capacidad, id_cine) values (3, 'Donner Lake Lupine', 95, 50, 92);
insert into Salas (id_sala, nombre_sala, id_tipo_sala, sala_capacidad, id_cine) values (4, 'Helocarpon Lichen', 99, 67, 89);
insert into Salas (id_sala, nombre_sala, id_tipo_sala, sala_capacidad, id_cine) values (5, 'Lesser Yellowthroat Gilia', 13, 57, 91);
insert into Salas (id_sala, nombre_sala, id_tipo_sala, sala_capacidad, id_cine) values (6, 'Largeflower Triteleia', 6, 66, 18);
insert into Salas (id_sala, nombre_sala, id_tipo_sala, sala_capacidad, id_cine) values (7, 'Mayaca', 12, 52, 44);
insert into Salas (id_sala, nombre_sala, id_tipo_sala, sala_capacidad, id_cine) values (8, 'Mascarene Island Leaf-flower', 99, 67, 66);
insert into Salas (id_sala, nombre_sala, id_tipo_sala, sala_capacidad, id_cine) values (9, 'Bristly Speargrass', 82, 64, 8);
insert into Salas (id_sala, nombre_sala, id_tipo_sala, sala_capacidad, id_cine) values (10, 'Summer Holly', 66, 56, 22);
insert into Salas (id_sala, nombre_sala, id_tipo_sala, sala_capacidad, id_cine) values (11, 'Bristly Fiddleneck', 44, 50, 2);
insert into Salas (id_sala, nombre_sala, id_tipo_sala, sala_capacidad, id_cine) values (12, 'Yellow Loosestrife', 75, 53, 86);
insert into Salas (id_sala, nombre_sala, id_tipo_sala, sala_capacidad, id_cine) values (13, 'Blueleaf Beardtongue', 18, 52, 12);
insert into Salas (id_sala, nombre_sala, id_tipo_sala, sala_capacidad, id_cine) values (14, 'Carpet Burrweed', 83, 57, 23);
insert into Salas (id_sala, nombre_sala, id_tipo_sala, sala_capacidad, id_cine) values (15, 'Cliff Fern', 77, 67, 82);
insert into Salas (id_sala, nombre_sala, id_tipo_sala, sala_capacidad, id_cine) values (16, 'Hidden Orchid', 24, 55, 36);
insert into Salas (id_sala, nombre_sala, id_tipo_sala, sala_capacidad, id_cine) values (17, 'King''s Compact Sandwort', 18, 52, 96);
insert into Salas (id_sala, nombre_sala, id_tipo_sala, sala_capacidad, id_cine) values (18, 'American Hornbeam', 10, 66, 70);
insert into Salas (id_sala, nombre_sala, id_tipo_sala, sala_capacidad, id_cine) values (19, 'Lakeshore Sedge', 11, 61, 60);
insert into Salas (id_sala, nombre_sala, id_tipo_sala, sala_capacidad, id_cine) values (20, 'Gray''s Flatsedge', 51, 52, 75);
insert into Salas (id_sala, nombre_sala, id_tipo_sala, sala_capacidad, id_cine) values (21, 'Largeflower Yellow False Foxglove', 75, 68, 21);
insert into Salas (id_sala, nombre_sala, id_tipo_sala, sala_capacidad, id_cine) values (22, 'Forest Spleenwort', 31, 59, 28);
insert into Salas (id_sala, nombre_sala, id_tipo_sala, sala_capacidad, id_cine) values (23, 'Asian Indigo', 22, 57, 15);
insert into Salas (id_sala, nombre_sala, id_tipo_sala, sala_capacidad, id_cine) values (24, 'Gyalideopsis Lichen', 72, 61, 67);
insert into Salas (id_sala, nombre_sala, id_tipo_sala, sala_capacidad, id_cine) values (25, 'Creeping Nicker', 63, 57, 54);
insert into Salas (id_sala, nombre_sala, id_tipo_sala, sala_capacidad, id_cine) values (26, 'Australian Panicgrass', 48, 69, 8);
insert into Salas (id_sala, nombre_sala, id_tipo_sala, sala_capacidad, id_cine) values (27, 'Santa Rosa Mountains Linanthus', 75, 66, 49);
insert into Salas (id_sala, nombre_sala, id_tipo_sala, sala_capacidad, id_cine) values (28, 'Western Giant Hyssop', 76, 69, 47);
insert into Salas (id_sala, nombre_sala, id_tipo_sala, sala_capacidad, id_cine) values (29, 'Shredding Suncup', 64, 57, 62);
insert into Salas (id_sala, nombre_sala, id_tipo_sala, sala_capacidad, id_cine) values (30, 'Tall Buckwheat', 57, 64, 13);
insert into Salas (id_sala, nombre_sala, id_tipo_sala, sala_capacidad, id_cine) values (31, 'Beard Lichen', 78, 62, 19);
insert into Salas (id_sala, nombre_sala, id_tipo_sala, sala_capacidad, id_cine) values (32, 'Lemmon''s Alkaligrass', 3, 50, 65);
insert into Salas (id_sala, nombre_sala, id_tipo_sala, sala_capacidad, id_cine) values (33, 'Arctic Sweetgrass', 97, 66, 5);
insert into Salas (id_sala, nombre_sala, id_tipo_sala, sala_capacidad, id_cine) values (34, 'Gridscale Maiden Fern', 8, 53, 42);
insert into Salas (id_sala, nombre_sala, id_tipo_sala, sala_capacidad, id_cine) values (35, 'Viscid Acacia', 36, 58, 90);
insert into Salas (id_sala, nombre_sala, id_tipo_sala, sala_capacidad, id_cine) values (36, 'Pink Cudweed', 48, 53, 42);
insert into Salas (id_sala, nombre_sala, id_tipo_sala, sala_capacidad, id_cine) values (37, 'Cream Milkvetch', 83, 52, 69);
insert into Salas (id_sala, nombre_sala, id_tipo_sala, sala_capacidad, id_cine) values (38, 'California Muhly', 97, 53, 94);
insert into Salas (id_sala, nombre_sala, id_tipo_sala, sala_capacidad, id_cine) values (39, 'Lygeum', 14, 59, 28);
insert into Salas (id_sala, nombre_sala, id_tipo_sala, sala_capacidad, id_cine) values (40, 'Funnel Lily', 51, 51, 77);
insert into Salas (id_sala, nombre_sala, id_tipo_sala, sala_capacidad, id_cine) values (41, 'Rim Lichen', 42, 64, 31);
insert into Salas (id_sala, nombre_sala, id_tipo_sala, sala_capacidad, id_cine) values (42, 'American Ocellularia Lichen', 3, 50, 35);
insert into Salas (id_sala, nombre_sala, id_tipo_sala, sala_capacidad, id_cine) values (43, 'Leafy Brickellbush', 69, 68, 7);
insert into Salas (id_sala, nombre_sala, id_tipo_sala, sala_capacidad, id_cine) values (44, 'Weber''s Cryptantha', 64, 59, 68);
insert into Salas (id_sala, nombre_sala, id_tipo_sala, sala_capacidad, id_cine) values (45, 'Shortcoal Bluegrass', 48, 53, 69);
insert into Salas (id_sala, nombre_sala, id_tipo_sala, sala_capacidad, id_cine) values (46, 'Lecidea Lichen', 44, 50, 83);
insert into Salas (id_sala, nombre_sala, id_tipo_sala, sala_capacidad, id_cine) values (47, 'False Yam', 86, 65, 14);
insert into Salas (id_sala, nombre_sala, id_tipo_sala, sala_capacidad, id_cine) values (48, 'Cortez''s Croton', 41, 69, 11);
insert into Salas (id_sala, nombre_sala, id_tipo_sala, sala_capacidad, id_cine) values (49, 'California Brodiaea', 66, 55, 89);
insert into Salas (id_sala, nombre_sala, id_tipo_sala, sala_capacidad, id_cine) values (50, 'Naked Oat', 82, 58, 59);
insert into Salas (id_sala, nombre_sala, id_tipo_sala, sala_capacidad, id_cine) values (51, 'Catchfly Prairie Gentian', 73, 54, 14);
insert into Salas (id_sala, nombre_sala, id_tipo_sala, sala_capacidad, id_cine) values (52, 'Puerto Rico Creepingfern', 45, 51, 24);
insert into Salas (id_sala, nombre_sala, id_tipo_sala, sala_capacidad, id_cine) values (53, 'Pacific Blacksnakeroot', 98, 66, 87);
insert into Salas (id_sala, nombre_sala, id_tipo_sala, sala_capacidad, id_cine) values (54, 'Interior Bush Lupine', 11, 54, 31);
insert into Salas (id_sala, nombre_sala, id_tipo_sala, sala_capacidad, id_cine) values (55, 'Mountain Figwort', 68, 56, 99);
insert into Salas (id_sala, nombre_sala, id_tipo_sala, sala_capacidad, id_cine) values (56, 'Devil''s Potato', 21, 50, 13);
insert into Salas (id_sala, nombre_sala, id_tipo_sala, sala_capacidad, id_cine) values (57, 'Molokai Treecotton', 80, 62, 74);
insert into Salas (id_sala, nombre_sala, id_tipo_sala, sala_capacidad, id_cine) values (58, 'Swamp Rose', 8, 62, 53);
insert into Salas (id_sala, nombre_sala, id_tipo_sala, sala_capacidad, id_cine) values (59, 'Inflated Cartilage Lichen', 67, 61, 53);
insert into Salas (id_sala, nombre_sala, id_tipo_sala, sala_capacidad, id_cine) values (60, 'Small Tumbleweed Mustard', 71, 59, 94);
insert into Salas (id_sala, nombre_sala, id_tipo_sala, sala_capacidad, id_cine) values (61, 'Wart Lichen', 65, 52, 82);
insert into Salas (id_sala, nombre_sala, id_tipo_sala, sala_capacidad, id_cine) values (62, 'Cloudswept Colicwood', 15, 50, 9);
insert into Salas (id_sala, nombre_sala, id_tipo_sala, sala_capacidad, id_cine) values (63, 'Pungent Oak', 21, 68, 30);
insert into Salas (id_sala, nombre_sala, id_tipo_sala, sala_capacidad, id_cine) values (64, 'Philodendron', 88, 67, 49);
insert into Salas (id_sala, nombre_sala, id_tipo_sala, sala_capacidad, id_cine) values (65, 'Puerto Rico Johnnyberry', 38, 66, 50);
insert into Salas (id_sala, nombre_sala, id_tipo_sala, sala_capacidad, id_cine) values (66, 'Siberian Bugseed', 56, 55, 87);
insert into Salas (id_sala, nombre_sala, id_tipo_sala, sala_capacidad, id_cine) values (67, 'Flavopunctelia Lichen', 59, 59, 34);
insert into Salas (id_sala, nombre_sala, id_tipo_sala, sala_capacidad, id_cine) values (68, 'Forest Dubautia', 51, 68, 30);
insert into Salas (id_sala, nombre_sala, id_tipo_sala, sala_capacidad, id_cine) values (69, 'Herb Of Grace', 14, 54, 32);
insert into Salas (id_sala, nombre_sala, id_tipo_sala, sala_capacidad, id_cine) values (70, 'Bractless Blazingstar', 13, 62, 31);
insert into Salas (id_sala, nombre_sala, id_tipo_sala, sala_capacidad, id_cine) values (71, 'Maxon''s Goldback Fern', 81, 66, 72);
insert into Salas (id_sala, nombre_sala, id_tipo_sala, sala_capacidad, id_cine) values (72, 'Endococcus Lichen', 40, 63, 79);
insert into Salas (id_sala, nombre_sala, id_tipo_sala, sala_capacidad, id_cine) values (73, 'False Silverback', 77, 69, 27);
insert into Salas (id_sala, nombre_sala, id_tipo_sala, sala_capacidad, id_cine) values (74, 'Donn''s Dry Rock Moss', 69, 50, 99);
insert into Salas (id_sala, nombre_sala, id_tipo_sala, sala_capacidad, id_cine) values (75, 'San Diego Needlegrass', 35, 62, 46);
insert into Salas (id_sala, nombre_sala, id_tipo_sala, sala_capacidad, id_cine) values (76, 'Batoko Plum', 9, 67, 10);
insert into Salas (id_sala, nombre_sala, id_tipo_sala, sala_capacidad, id_cine) values (77, 'Niaouli-tree', 5, 70, 100);
insert into Salas (id_sala, nombre_sala, id_tipo_sala, sala_capacidad, id_cine) values (78, 'Common Nipplewort', 79, 59, 15);
insert into Salas (id_sala, nombre_sala, id_tipo_sala, sala_capacidad, id_cine) values (79, 'Artocarpus', 2, 61, 8);
insert into Salas (id_sala, nombre_sala, id_tipo_sala, sala_capacidad, id_cine) values (80, 'Creosote Bush', 70, 69, 19);
insert into Salas (id_sala, nombre_sala, id_tipo_sala, sala_capacidad, id_cine) values (81, 'Nail Lichen', 44, 57, 4);
insert into Salas (id_sala, nombre_sala, id_tipo_sala, sala_capacidad, id_cine) values (82, 'Tephromela Lichen', 80, 61, 65);
insert into Salas (id_sala, nombre_sala, id_tipo_sala, sala_capacidad, id_cine) values (83, 'Isachne', 55, 62, 93);
insert into Salas (id_sala, nombre_sala, id_tipo_sala, sala_capacidad, id_cine) values (84, 'Creeping Bluestar', 26, 63, 86);
insert into Salas (id_sala, nombre_sala, id_tipo_sala, sala_capacidad, id_cine) values (85, 'Bermudagrass', 52, 52, 51);
insert into Salas (id_sala, nombre_sala, id_tipo_sala, sala_capacidad, id_cine) values (86, 'China Root', 91, 62, 52);
insert into Salas (id_sala, nombre_sala, id_tipo_sala, sala_capacidad, id_cine) values (87, 'Wilcox''s Woollystar', 48, 52, 87);
insert into Salas (id_sala, nombre_sala, id_tipo_sala, sala_capacidad, id_cine) values (88, 'Thurber''s Hoarypea', 84, 57, 46);
insert into Salas (id_sala, nombre_sala, id_tipo_sala, sala_capacidad, id_cine) values (89, 'Andreaea Moss', 81, 56, 9);
insert into Salas (id_sala, nombre_sala, id_tipo_sala, sala_capacidad, id_cine) values (90, 'Kellogg''s Lewisia', 97, 53, 62);
insert into Salas (id_sala, nombre_sala, id_tipo_sala, sala_capacidad, id_cine) values (91, 'Hammock Fern', 95, 63, 85);
insert into Salas (id_sala, nombre_sala, id_tipo_sala, sala_capacidad, id_cine) values (92, 'Narrowleaf Stoneseed', 23, 60, 12);
insert into Salas (id_sala, nombre_sala, id_tipo_sala, sala_capacidad, id_cine) values (93, 'Citron', 33, 70, 16);
insert into Salas (id_sala, nombre_sala, id_tipo_sala, sala_capacidad, id_cine) values (94, 'San Diego Thorn-mint', 18, 70, 31);
insert into Salas (id_sala, nombre_sala, id_tipo_sala, sala_capacidad, id_cine) values (95, 'Scarlet Buckwheat', 86, 60, 28);
insert into Salas (id_sala, nombre_sala, id_tipo_sala, sala_capacidad, id_cine) values (96, 'Wheeler''s Tarweed', 53, 53, 74);
insert into Salas (id_sala, nombre_sala, id_tipo_sala, sala_capacidad, id_cine) values (97, 'Desert Twinbugs', 62, 69, 49);
insert into Salas (id_sala, nombre_sala, id_tipo_sala, sala_capacidad, id_cine) values (98, 'Kunth''s Cyanea', 84, 62, 75);
insert into Salas (id_sala, nombre_sala, id_tipo_sala, sala_capacidad, id_cine) values (99, 'Mojave Wildrye', 85, 52, 6);
insert into Salas (id_sala, nombre_sala, id_tipo_sala, sala_capacidad, id_cine) values (100, 'Boje', 43, 64, 26);

insert into Funciones (id_funcion, id_sala, id_pelicula, fecha_funcion, hora_inicio_funcion) values (1, 32, 22, '2024-10-13', '7:20:37');
insert into Funciones (id_funcion, id_sala, id_pelicula, fecha_funcion, hora_inicio_funcion) values (2, 36, 45, '2025-02-08', '7:09:57');
insert into Funciones (id_funcion, id_sala, id_pelicula, fecha_funcion, hora_inicio_funcion) values (3, 85, 39, '2024-09-14', '6:24:36');
insert into Funciones (id_funcion, id_sala, id_pelicula, fecha_funcion, hora_inicio_funcion) values (4, 20, 81, '2024-10-18', '6:20:27');
insert into Funciones (id_funcion, id_sala, id_pelicula, fecha_funcion, hora_inicio_funcion) values (5, 80, 61, '2024-10-20', '6:06:33');
insert into Funciones (id_funcion, id_sala, id_pelicula, fecha_funcion, hora_inicio_funcion) values (6, 38, 12, '2025-04-15', '10:12:59');
insert into Funciones (id_funcion, id_sala, id_pelicula, fecha_funcion, hora_inicio_funcion) values (7, 87, 2, '2025-04-19', '9:08:43');
insert into Funciones (id_funcion, id_sala, id_pelicula, fecha_funcion, hora_inicio_funcion) values (8, 63, 28, '2025-04-10', '2:29:55');
insert into Funciones (id_funcion, id_sala, id_pelicula, fecha_funcion, hora_inicio_funcion) values (9, 13, 85, '2024-09-16', '5:45:35');
insert into Funciones (id_funcion, id_sala, id_pelicula, fecha_funcion, hora_inicio_funcion) values (10, 46, 60, '2024-11-10', '4:39:48');
insert into Funciones (id_funcion, id_sala, id_pelicula, fecha_funcion, hora_inicio_funcion) values (11, 63, 97, '2024-10-22', '4:36:07');
insert into Funciones (id_funcion, id_sala, id_pelicula, fecha_funcion, hora_inicio_funcion) values (12, 42, 97, '2025-03-02', '11:37:44');
insert into Funciones (id_funcion, id_sala, id_pelicula, fecha_funcion, hora_inicio_funcion) values (13, 98, 63, '2024-10-27', '5:27:57');
insert into Funciones (id_funcion, id_sala, id_pelicula, fecha_funcion, hora_inicio_funcion) values (14, 52, 81, '2025-03-21', '8:47:17');
insert into Funciones (id_funcion, id_sala, id_pelicula, fecha_funcion, hora_inicio_funcion) values (15, 40, 70, '2024-12-15', '6:06:53');
insert into Funciones (id_funcion, id_sala, id_pelicula, fecha_funcion, hora_inicio_funcion) values (16, 61, 12, '2025-04-24', '6:28:55');
insert into Funciones (id_funcion, id_sala, id_pelicula, fecha_funcion, hora_inicio_funcion) values (17, 51, 22, '2024-09-27', '5:07:46');
insert into Funciones (id_funcion, id_sala, id_pelicula, fecha_funcion, hora_inicio_funcion) values (18, 17, 66, '2025-03-14', '2:33:32');
insert into Funciones (id_funcion, id_sala, id_pelicula, fecha_funcion, hora_inicio_funcion) values (19, 65, 58, '2024-12-01', '9:46:53');
insert into Funciones (id_funcion, id_sala, id_pelicula, fecha_funcion, hora_inicio_funcion) values (20, 63, 6, '2025-01-08', '10:53:30');
insert into Funciones (id_funcion, id_sala, id_pelicula, fecha_funcion, hora_inicio_funcion) values (21, 7, 92, '2025-02-07', '9:46:29');
insert into Funciones (id_funcion, id_sala, id_pelicula, fecha_funcion, hora_inicio_funcion) values (22, 20, 43, '2025-04-15', '7:02:37');
insert into Funciones (id_funcion, id_sala, id_pelicula, fecha_funcion, hora_inicio_funcion) values (23, 64, 76, '2025-02-07', '11:16:38');
insert into Funciones (id_funcion, id_sala, id_pelicula, fecha_funcion, hora_inicio_funcion) values (24, 52, 6, '2025-01-02', '11:24:57');
insert into Funciones (id_funcion, id_sala, id_pelicula, fecha_funcion, hora_inicio_funcion) values (25, 44, 29, '2024-10-17', '11:30:06');
insert into Funciones (id_funcion, id_sala, id_pelicula, fecha_funcion, hora_inicio_funcion) values (26, 23, 90, '2025-01-02', '3:06:17');
insert into Funciones (id_funcion, id_sala, id_pelicula, fecha_funcion, hora_inicio_funcion) values (27, 36, 95, '2024-11-21', '3:56:46');
insert into Funciones (id_funcion, id_sala, id_pelicula, fecha_funcion, hora_inicio_funcion) values (28, 66, 16, '2025-04-04', '4:14:07');
insert into Funciones (id_funcion, id_sala, id_pelicula, fecha_funcion, hora_inicio_funcion) values (29, 90, 88, '2025-01-06', '2:17:27');
insert into Funciones (id_funcion, id_sala, id_pelicula, fecha_funcion, hora_inicio_funcion) values (30, 85, 27, '2025-03-20', '2:52:21');
insert into Funciones (id_funcion, id_sala, id_pelicula, fecha_funcion, hora_inicio_funcion) values (31, 29, 83, '2025-04-17', '10:39:52');
insert into Funciones (id_funcion, id_sala, id_pelicula, fecha_funcion, hora_inicio_funcion) values (32, 45, 72, '2025-03-02', '3:12:10');
insert into Funciones (id_funcion, id_sala, id_pelicula, fecha_funcion, hora_inicio_funcion) values (33, 61, 6, '2024-12-07', '3:11:09');
insert into Funciones (id_funcion, id_sala, id_pelicula, fecha_funcion, hora_inicio_funcion) values (34, 42, 99, '2024-12-07', '8:53:20');
insert into Funciones (id_funcion, id_sala, id_pelicula, fecha_funcion, hora_inicio_funcion) values (35, 93, 32, '2024-10-11', '7:19:24');
insert into Funciones (id_funcion, id_sala, id_pelicula, fecha_funcion, hora_inicio_funcion) values (36, 3, 37, '2024-09-20', '3:24:55');
insert into Funciones (id_funcion, id_sala, id_pelicula, fecha_funcion, hora_inicio_funcion) values (37, 37, 46, '2025-03-31', '5:22:51');
insert into Funciones (id_funcion, id_sala, id_pelicula, fecha_funcion, hora_inicio_funcion) values (38, 37, 96, '2025-04-09', '5:25:29');
insert into Funciones (id_funcion, id_sala, id_pelicula, fecha_funcion, hora_inicio_funcion) values (39, 68, 86, '2024-11-30', '2:28:34');
insert into Funciones (id_funcion, id_sala, id_pelicula, fecha_funcion, hora_inicio_funcion) values (40, 96, 30, '2025-03-15', '5:59:39');
insert into Funciones (id_funcion, id_sala, id_pelicula, fecha_funcion, hora_inicio_funcion) values (41, 59, 5, '2024-10-24', '11:47:57');
insert into Funciones (id_funcion, id_sala, id_pelicula, fecha_funcion, hora_inicio_funcion) values (42, 10, 49, '2025-04-23', '7:15:17');
insert into Funciones (id_funcion, id_sala, id_pelicula, fecha_funcion, hora_inicio_funcion) values (43, 96, 99, '2024-10-29', '4:38:58');
insert into Funciones (id_funcion, id_sala, id_pelicula, fecha_funcion, hora_inicio_funcion) values (44, 24, 25, '2025-03-28', '4:13:29');
insert into Funciones (id_funcion, id_sala, id_pelicula, fecha_funcion, hora_inicio_funcion) values (45, 52, 38, '2024-11-10', '10:37:01');
insert into Funciones (id_funcion, id_sala, id_pelicula, fecha_funcion, hora_inicio_funcion) values (46, 75, 2, '2024-10-31', '4:57:47');
insert into Funciones (id_funcion, id_sala, id_pelicula, fecha_funcion, hora_inicio_funcion) values (47, 83, 64, '2024-09-18', '5:23:09');
insert into Funciones (id_funcion, id_sala, id_pelicula, fecha_funcion, hora_inicio_funcion) values (48, 44, 45, '2024-10-19', '10:18:00');
insert into Funciones (id_funcion, id_sala, id_pelicula, fecha_funcion, hora_inicio_funcion) values (49, 38, 38, '2025-04-13', '11:52:34');
insert into Funciones (id_funcion, id_sala, id_pelicula, fecha_funcion, hora_inicio_funcion) values (50, 26, 68, '2025-02-23', '7:02:29');
insert into Funciones (id_funcion, id_sala, id_pelicula, fecha_funcion, hora_inicio_funcion) values (51, 90, 2, '2025-03-27', '10:00:10');
insert into Funciones (id_funcion, id_sala, id_pelicula, fecha_funcion, hora_inicio_funcion) values (52, 31, 61, '2025-02-21', '11:28:43');
insert into Funciones (id_funcion, id_sala, id_pelicula, fecha_funcion, hora_inicio_funcion) values (53, 11, 64, '2024-12-16', '3:15:12');
insert into Funciones (id_funcion, id_sala, id_pelicula, fecha_funcion, hora_inicio_funcion) values (54, 19, 46, '2025-03-05', '4:53:57');
insert into Funciones (id_funcion, id_sala, id_pelicula, fecha_funcion, hora_inicio_funcion) values (55, 7, 95, '2025-03-28', '8:57:25');
insert into Funciones (id_funcion, id_sala, id_pelicula, fecha_funcion, hora_inicio_funcion) values (56, 18, 43, '2025-03-03', '4:46:50');
insert into Funciones (id_funcion, id_sala, id_pelicula, fecha_funcion, hora_inicio_funcion) values (57, 51, 14, '2024-10-22', '10:15:30');
insert into Funciones (id_funcion, id_sala, id_pelicula, fecha_funcion, hora_inicio_funcion) values (58, 80, 19, '2024-11-07', '8:36:00');
insert into Funciones (id_funcion, id_sala, id_pelicula, fecha_funcion, hora_inicio_funcion) values (59, 18, 90, '2025-03-15', '9:23:55');
insert into Funciones (id_funcion, id_sala, id_pelicula, fecha_funcion, hora_inicio_funcion) values (60, 48, 72, '2024-11-07', '10:04:41');
insert into Funciones (id_funcion, id_sala, id_pelicula, fecha_funcion, hora_inicio_funcion) values (61, 55, 38, '2025-01-03', '9:13:13');
insert into Funciones (id_funcion, id_sala, id_pelicula, fecha_funcion, hora_inicio_funcion) values (62, 8, 43, '2025-01-24', '5:04:02');
insert into Funciones (id_funcion, id_sala, id_pelicula, fecha_funcion, hora_inicio_funcion) values (63, 56, 70, '2025-03-24', '11:48:35');
insert into Funciones (id_funcion, id_sala, id_pelicula, fecha_funcion, hora_inicio_funcion) values (64, 1, 60, '2025-03-07', '8:14:55');
insert into Funciones (id_funcion, id_sala, id_pelicula, fecha_funcion, hora_inicio_funcion) values (65, 85, 56, '2024-11-09', '5:05:31');
insert into Funciones (id_funcion, id_sala, id_pelicula, fecha_funcion, hora_inicio_funcion) values (66, 36, 66, '2025-01-30', '6:12:11');
insert into Funciones (id_funcion, id_sala, id_pelicula, fecha_funcion, hora_inicio_funcion) values (67, 76, 93, '2025-02-20', '8:13:41');
insert into Funciones (id_funcion, id_sala, id_pelicula, fecha_funcion, hora_inicio_funcion) values (68, 90, 73, '2024-09-28', '11:57:53');
insert into Funciones (id_funcion, id_sala, id_pelicula, fecha_funcion, hora_inicio_funcion) values (69, 74, 33, '2025-01-29', '8:47:36');
insert into Funciones (id_funcion, id_sala, id_pelicula, fecha_funcion, hora_inicio_funcion) values (70, 83, 12, '2024-10-14', '4:38:00');
insert into Funciones (id_funcion, id_sala, id_pelicula, fecha_funcion, hora_inicio_funcion) values (71, 1, 27, '2025-02-21', '6:27:38');
insert into Funciones (id_funcion, id_sala, id_pelicula, fecha_funcion, hora_inicio_funcion) values (72, 37, 98, '2025-02-13', '8:17:05');
insert into Funciones (id_funcion, id_sala, id_pelicula, fecha_funcion, hora_inicio_funcion) values (73, 65, 15, '2025-02-26', '7:35:37');
insert into Funciones (id_funcion, id_sala, id_pelicula, fecha_funcion, hora_inicio_funcion) values (74, 72, 73, '2025-01-22', '10:01:46');
insert into Funciones (id_funcion, id_sala, id_pelicula, fecha_funcion, hora_inicio_funcion) values (75, 92, 96, '2025-03-06', '8:22:52');
insert into Funciones (id_funcion, id_sala, id_pelicula, fecha_funcion, hora_inicio_funcion) values (76, 36, 85, '2025-03-17', '7:57:19');
insert into Funciones (id_funcion, id_sala, id_pelicula, fecha_funcion, hora_inicio_funcion) values (77, 63, 46, '2025-04-18', '9:24:02');
insert into Funciones (id_funcion, id_sala, id_pelicula, fecha_funcion, hora_inicio_funcion) values (78, 88, 77, '2024-12-26', '7:03:48');
insert into Funciones (id_funcion, id_sala, id_pelicula, fecha_funcion, hora_inicio_funcion) values (79, 53, 38, '2025-04-22', '5:12:11');
insert into Funciones (id_funcion, id_sala, id_pelicula, fecha_funcion, hora_inicio_funcion) values (80, 24, 92, '2025-02-15', '11:55:00');
insert into Funciones (id_funcion, id_sala, id_pelicula, fecha_funcion, hora_inicio_funcion) values (81, 50, 84, '2025-02-26', '2:51:27');
insert into Funciones (id_funcion, id_sala, id_pelicula, fecha_funcion, hora_inicio_funcion) values (82, 48, 75, '2025-02-25', '10:13:03');
insert into Funciones (id_funcion, id_sala, id_pelicula, fecha_funcion, hora_inicio_funcion) values (83, 34, 69, '2024-10-07', '4:59:58');
insert into Funciones (id_funcion, id_sala, id_pelicula, fecha_funcion, hora_inicio_funcion) values (84, 10, 20, '2025-01-23', '9:51:44');
insert into Funciones (id_funcion, id_sala, id_pelicula, fecha_funcion, hora_inicio_funcion) values (85, 65, 79, '2025-03-03', '9:27:53');
insert into Funciones (id_funcion, id_sala, id_pelicula, fecha_funcion, hora_inicio_funcion) values (86, 48, 100, '2025-01-15', '10:39:29');
insert into Funciones (id_funcion, id_sala, id_pelicula, fecha_funcion, hora_inicio_funcion) values (87, 24, 68, '2024-11-17', '4:30:23');
insert into Funciones (id_funcion, id_sala, id_pelicula, fecha_funcion, hora_inicio_funcion) values (88, 49, 42, '2024-12-07', '9:41:31');
insert into Funciones (id_funcion, id_sala, id_pelicula, fecha_funcion, hora_inicio_funcion) values (89, 57, 7, '2025-03-04', '9:04:47');
insert into Funciones (id_funcion, id_sala, id_pelicula, fecha_funcion, hora_inicio_funcion) values (90, 100, 76, '2024-09-25', '8:18:28');
insert into Funciones (id_funcion, id_sala, id_pelicula, fecha_funcion, hora_inicio_funcion) values (91, 3, 45, '2024-12-14', '7:07:11');
insert into Funciones (id_funcion, id_sala, id_pelicula, fecha_funcion, hora_inicio_funcion) values (92, 50, 47, '2024-12-20', '7:02:38');
insert into Funciones (id_funcion, id_sala, id_pelicula, fecha_funcion, hora_inicio_funcion) values (93, 37, 18, '2024-11-06', '9:55:16');
insert into Funciones (id_funcion, id_sala, id_pelicula, fecha_funcion, hora_inicio_funcion) values (94, 9, 99, '2024-10-17', '6:02:25');
insert into Funciones (id_funcion, id_sala, id_pelicula, fecha_funcion, hora_inicio_funcion) values (95, 74, 25, '2025-02-06', '7:01:41');
insert into Funciones (id_funcion, id_sala, id_pelicula, fecha_funcion, hora_inicio_funcion) values (96, 90, 99, '2025-02-12', '4:17:58');
insert into Funciones (id_funcion, id_sala, id_pelicula, fecha_funcion, hora_inicio_funcion) values (97, 82, 2, '2024-12-16', '11:18:35');
insert into Funciones (id_funcion, id_sala, id_pelicula, fecha_funcion, hora_inicio_funcion) values (98, 72, 21, '2025-02-10', '3:55:49');
insert into Funciones (id_funcion, id_sala, id_pelicula, fecha_funcion, hora_inicio_funcion) values (99, 48, 88, '2025-02-09', '11:28:20');
insert into Funciones (id_funcion, id_sala, id_pelicula, fecha_funcion, hora_inicio_funcion) values (100, 69, 26, '2024-12-22', '2:23:44');


insert into Cargos (id_cargo, nombre_cargo, descripcion_cargo) values (1, 'Data Coordinator', 'Parox ventric tachycard');
insert into Cargos (id_cargo, nombre_cargo, descripcion_cargo) values (2, 'Programmer IV', 'Cholesteatoma extern ear');
insert into Cargos (id_cargo, nombre_cargo, descripcion_cargo) values (3, 'Account Coordinator', 'Screen mal neop-oral cav');
insert into Cargos (id_cargo, nombre_cargo, descripcion_cargo) values (4, 'Product Engineer', 'Pseudopapilledema');
insert into Cargos (id_cargo, nombre_cargo, descripcion_cargo) values (5, 'Nurse Practicioner', 'Profound impair both eye');
insert into Cargos (id_cargo, nombre_cargo, descripcion_cargo) values (6, 'Information Systems Manager', 'Reiter arthritis-pelvis');
insert into Cargos (id_cargo, nombre_cargo, descripcion_cargo) values (7, 'Junior Executive', 'Malign neopl leg');
insert into Cargos (id_cargo, nombre_cargo, descripcion_cargo) values (8, 'Geologist II', 'AMI lateral NEC, subseq');
insert into Cargos (id_cargo, nombre_cargo, descripcion_cargo) values (9, 'Paralegal', 'Priv dwel fire-pvc fumes');
insert into Cargos (id_cargo, nombre_cargo, descripcion_cargo) values (10, 'Computer Systems Analyst IV', 'TB lung infiltr-exm unkn');
insert into Cargos (id_cargo, nombre_cargo, descripcion_cargo) values (11, 'VP Accounting', 'Duodenum injury-open');
insert into Cargos (id_cargo, nombre_cargo, descripcion_cargo) values (12, 'Software Engineer I', 'Margin zone lymph spleen');
insert into Cargos (id_cargo, nombre_cargo, descripcion_cargo) values (13, 'Human Resources Assistant II', 'Periostitis-unspec');
insert into Cargos (id_cargo, nombre_cargo, descripcion_cargo) values (14, 'Design Engineer', 'Ben neo scalp/skin neck');
insert into Cargos (id_cargo, nombre_cargo, descripcion_cargo) values (15, 'Assistant Media Planner', 'Open wound of forearm');
insert into Cargos (id_cargo, nombre_cargo, descripcion_cargo) values (16, 'Mechanical Systems Engineer', 'Ret prod concept-postpar');
insert into Cargos (id_cargo, nombre_cargo, descripcion_cargo) values (17, 'Senior Quality Engineer', 'Preterm NEC 750-999g');
insert into Cargos (id_cargo, nombre_cargo, descripcion_cargo) values (18, 'Senior Sales Associate', 'Anomalies of divergence');
insert into Cargos (id_cargo, nombre_cargo, descripcion_cargo) values (19, 'Recruiter', 'Path resorption-internal');
insert into Cargos (id_cargo, nombre_cargo, descripcion_cargo) values (20, 'Business Systems Development Analyst', 'Baseball');
insert into Cargos (id_cargo, nombre_cargo, descripcion_cargo) values (21, 'Quality Engineer', 'Int inf e coli entrtoxgn');
insert into Cargos (id_cargo, nombre_cargo, descripcion_cargo) values (22, 'Senior Sales Associate II', 'Hodg lymph-histio inguin');
insert into Cargos (id_cargo, nombre_cargo, descripcion_cargo) values (23, 'Analyst Programmer', 'Intest helminthiasis NEC');
insert into Cargos (id_cargo, nombre_cargo, descripcion_cargo) values (24, 'Teacher', 'Menstrual disorder NEC');
insert into Cargos (id_cargo, nombre_cargo, descripcion_cargo) values (25, 'Human Resources Manager', 'Inorg dust pneumocon NEC');
insert into Cargos (id_cargo, nombre_cargo, descripcion_cargo) values (26, 'Executive Secretary', 'Heart contusion-closed');
insert into Cargos (id_cargo, nombre_cargo, descripcion_cargo) values (27, 'Nurse', 'Renal failure NOS');
insert into Cargos (id_cargo, nombre_cargo, descripcion_cargo) values (28, 'Graphic Designer', 'Mal histiocytosis thorax');
insert into Cargos (id_cargo, nombre_cargo, descripcion_cargo) values (29, 'Technical Writer', 'Circadian rhym-free run');
insert into Cargos (id_cargo, nombre_cargo, descripcion_cargo) values (30, 'Assistant Media Planner II', 'Blood asp w resp sympt');
insert into Cargos (id_cargo, nombre_cargo, descripcion_cargo) values (31, 'Project Manager', 'Anphylct reaction fish');
insert into Cargos (id_cargo, nombre_cargo, descripcion_cargo) values (32, 'Senior Sales Associate III', 'GI pathogen carrier NEC');
insert into Cargos (id_cargo, nombre_cargo, descripcion_cargo) values (33, 'Research Assistant III', 'Ac osteomyelitis-up/arm');
insert into Cargos (id_cargo, nombre_cargo, descripcion_cargo) values (34, 'Human Resources Assistant IV', 'Spina bifida-dorsal');
insert into Cargos (id_cargo, nombre_cargo, descripcion_cargo) values (35, 'Analyst Programmer II', 'Oth off-road mv-anim rid');
insert into Cargos (id_cargo, nombre_cargo, descripcion_cargo) values (36, 'Engineer III', 'Crush inj scapul region');
insert into Cargos (id_cargo, nombre_cargo, descripcion_cargo) values (37, 'Staff Scientist', 'Acute periodontitis');
insert into Cargos (id_cargo, nombre_cargo, descripcion_cargo) values (38, 'Chief Design Engineer', 'Immersion foot');
insert into Cargos (id_cargo, nombre_cargo, descripcion_cargo) values (39, 'Desktop Support Technician', 'Congenital neutropenia');
insert into Cargos (id_cargo, nombre_cargo, descripcion_cargo) values (40, 'Account Executive', 'Fx radius w ulna NOS-cl');
insert into Cargos (id_cargo, nombre_cargo, descripcion_cargo) values (41, 'Recruiting Manager', 'Mgkrcyt leuk wo ach rmsn');
insert into Cargos (id_cargo, nombre_cargo, descripcion_cargo) values (42, 'Financial Analyst', 'Loss control mv acc-driv');
insert into Cargos (id_cargo, nombre_cargo, descripcion_cargo) values (43, 'Chemical Engineer', 'Fm hx genital malig NEC');
insert into Cargos (id_cargo, nombre_cargo, descripcion_cargo) values (44, 'Research Nurse', 'Deformity of orbit NOS');
insert into Cargos (id_cargo, nombre_cargo, descripcion_cargo) values (45, 'Paralegal II', 'Fx mult phalan, hand-opn');
insert into Cargos (id_cargo, nombre_cargo, descripcion_cargo) values (46, 'Desktop Support Technician II', 'Measles complication NOS');
insert into Cargos (id_cargo, nombre_cargo, descripcion_cargo) values (47, 'Financial Analyst II', 'Oth mult sb-hosp w/o cs');
insert into Cargos (id_cargo, nombre_cargo, descripcion_cargo) values (48, 'Environmental Tech', 'TB bone/jt NOS-cult dx');
insert into Cargos (id_cargo, nombre_cargo, descripcion_cargo) values (49, 'Librarian', 'Cong anom of aorta NEC');
insert into Cargos (id_cargo, nombre_cargo, descripcion_cargo) values (50, 'Community Outreach Specialist', 'Sleep related bruxism');
insert into Cargos (id_cargo, nombre_cargo, descripcion_cargo) values (51, 'VP Marketing', 'Adv eff antprotazoal NEC');
insert into Cargos (id_cargo, nombre_cargo, descripcion_cargo) values (52, 'Software Consultant', 'Fit/adj breast pros/impl');
insert into Cargos (id_cargo, nombre_cargo, descripcion_cargo) values (53, 'Cost Accountant', 'Poisoning by caffeine');
insert into Cargos (id_cargo, nombre_cargo, descripcion_cargo) values (54, 'Financial Analyst III', 'Chronic liver dis NOS');
insert into Cargos (id_cargo, nombre_cargo, descripcion_cargo) values (55, 'Quality Engineer II', 'Menopausal disorder NEC');
insert into Cargos (id_cargo, nombre_cargo, descripcion_cargo) values (56, 'Quality Engineer III', 'Abn ftl hrt rate/rhy-ant');
insert into Cargos (id_cargo, nombre_cargo, descripcion_cargo) values (57, 'Chief Design Engineer II', 'Gb cholesterolosis');
insert into Cargos (id_cargo, nombre_cargo, descripcion_cargo) values (58, 'VP Accounting II', 'Nontrauma comp syn-abd');
insert into Cargos (id_cargo, nombre_cargo, descripcion_cargo) values (59, 'Systems Administrator II', '3rd deg burn breast');
insert into Cargos (id_cargo, nombre_cargo, descripcion_cargo) values (60, 'Internal Auditor', 'Uterine inert NEC-deliv');
insert into Cargos (id_cargo, nombre_cargo, descripcion_cargo) values (61, 'Senior Cost Accountant', 'Rickets, late effect');
insert into Cargos (id_cargo, nombre_cargo, descripcion_cargo) values (62, 'Web Designer II', 'Genital herpes NEC');
insert into Cargos (id_cargo, nombre_cargo, descripcion_cargo) values (63, 'Developer II', 'Mal neo breast-central');
insert into Cargos (id_cargo, nombre_cargo, descripcion_cargo) values (64, 'Research Nurse I', 'Thyroid dysfun preg-unsp');
insert into Cargos (id_cargo, nombre_cargo, descripcion_cargo) values (65, 'Structural Analysis Engineer', 'War inj:ind convn weapn');
insert into Cargos (id_cargo, nombre_cargo, descripcion_cargo) values (66, 'Occupational Therapist', 'Ring corneal ulcer');
insert into Cargos (id_cargo, nombre_cargo, descripcion_cargo) values (67, 'Director of Sales', 'Fx distal phal, hand-opn');
insert into Cargos (id_cargo, nombre_cargo, descripcion_cargo) values (68, 'Biostatistician III', 'Endomet intraepithl neop');
insert into Cargos (id_cargo, nombre_cargo, descripcion_cargo) values (69, 'Human Resources Manager I', 'Cerebel lacer-proln coma');
insert into Cargos (id_cargo, nombre_cargo, descripcion_cargo) values (70, 'GIS Technical Architect', 'Cachexia');
insert into Cargos (id_cargo, nombre_cargo, descripcion_cargo) values (71, 'VP Marketing I', 'Chr osteomyelit-pelvis');
insert into Cargos (id_cargo, nombre_cargo, descripcion_cargo) values (72, 'Senior Sales Associate I', 'Epilep NEC w/o intr epil');
insert into Cargos (id_cargo, nombre_cargo, descripcion_cargo) values (73, 'Speech Pathologist', 'Heat stroke & sunstroke');
insert into Cargos (id_cargo, nombre_cargo, descripcion_cargo) values (74, 'Account Executive I', 'Congenital syphilis NOS');
insert into Cargos (id_cargo, nombre_cargo, descripcion_cargo) values (75, 'Operator', 'Deep vein thromb-antepar');
insert into Cargos (id_cargo, nombre_cargo, descripcion_cargo) values (76, 'Data Coordinator I', 'Sec neuroendo tumor-bone');
insert into Cargos (id_cargo, nombre_cargo, descripcion_cargo) values (77, 'Associate Professor', 'Abnormal granulation NEC');
insert into Cargos (id_cargo, nombre_cargo, descripcion_cargo) values (78, 'Senior Financial Analyst', 'Outlet contraction-unsp');
insert into Cargos (id_cargo, nombre_cargo, descripcion_cargo) values (79, 'Senior Editor', 'Gastric/duodenal fistula');
insert into Cargos (id_cargo, nombre_cargo, descripcion_cargo) values (80, 'Chief Design Engineer I', 'Minimal change nephrosis');
insert into Cargos (id_cargo, nombre_cargo, descripcion_cargo) values (81, 'Office Assistant II', 'Oth abn fet dispro-deliv');
insert into Cargos (id_cargo, nombre_cargo, descripcion_cargo) values (82, 'Research Associate', 'Thalassemia NEC');
insert into Cargos (id_cargo, nombre_cargo, descripcion_cargo) values (83, 'Developer III', 'Postpart care after del');
insert into Cargos (id_cargo, nombre_cargo, descripcion_cargo) values (84, 'Senior Cost Accountant I', 'Thalassemia, unspecified');
insert into Cargos (id_cargo, nombre_cargo, descripcion_cargo) values (85, 'Quality Engineer I', 'Acq equinus deformity');
insert into Cargos (id_cargo, nombre_cargo, descripcion_cargo) values (86, 'Research Nurse II', 'Congenital anemia');
insert into Cargos (id_cargo, nombre_cargo, descripcion_cargo) values (87, 'Analog Circuit Design manager', 'Edema of larynx');
insert into Cargos (id_cargo, nombre_cargo, descripcion_cargo) values (88, 'Design Engineer I', 'Thoracic aortic ectasia');
insert into Cargos (id_cargo, nombre_cargo, descripcion_cargo) values (89, 'Marketing Assistant', 'Cl skull fx NEC-coma NOS');
insert into Cargos (id_cargo, nombre_cargo, descripcion_cargo) values (90, 'Social Worker', 'Wrestling');
insert into Cargos (id_cargo, nombre_cargo, descripcion_cargo) values (91, 'Paralegal I', 'Ac osteomyelitis-hand');
insert into Cargos (id_cargo, nombre_cargo, descripcion_cargo) values (92, 'Senior Quality Engineer I', 'Hx-uterus malignancy NEC');
insert into Cargos (id_cargo, nombre_cargo, descripcion_cargo) values (93, 'Editor', 'Acute prostatitis');
insert into Cargos (id_cargo, nombre_cargo, descripcion_cargo) values (94, 'Help Desk Technician', 'Alkal burn cornea/conjun');
insert into Cargos (id_cargo, nombre_cargo, descripcion_cargo) values (95, 'Developer IV', 'Cl skull fx NEC-coma NOS');
insert into Cargos (id_cargo, nombre_cargo, descripcion_cargo) values (96, 'Occupational Therapist I', 'Ac polio NOS-type NOS');
insert into Cargos (id_cargo, nombre_cargo, descripcion_cargo) values (97, 'Analyst Programmer I', 'Cramp in limb');
insert into Cargos (id_cargo, nombre_cargo, descripcion_cargo) values (98, 'Geological Engineer', 'Burn NOS hand-multiple');
insert into Cargos (id_cargo, nombre_cargo, descripcion_cargo) values (99, 'Marketing Manager', 'Inj internal carotid art');
insert into Cargos (id_cargo, nombre_cargo, descripcion_cargo) values (100, 'Nuclear Power Engineer', 'Pois-arom analgesics NEC');

insert into Usuarios (id_usuario, nombre_usuario, contrasena_usuario, fecha_creacion, apellido_usuario, fecha_nacimiento_usuario, id_cine, id_cargo, email_usuario) values (1, 'Lorianne', '$2a$04$GoWGheLXlSYcHOfBkcJIuuUaPVpa.JslMNsTPUWat3jfcb0d94Up2', '2024-05-13', 'Tilbury', '2018-12-05', 7, 49, 'ltilbury0@altervista.org');
insert into Usuarios (id_usuario, nombre_usuario, contrasena_usuario, fecha_creacion, apellido_usuario, fecha_nacimiento_usuario, id_cine, id_cargo, email_usuario) values (2, 'Lucky', '$2a$04$QJiQ4a.Ntmqhoq3/qUjx9eKefJ5krp4LJAiU9YQ4SCRCjdDSql30O', '2017-02-17', 'Maccree', '1940-01-10', 76, 6, 'lmaccree1@unicef.org');
insert into Usuarios (id_usuario, nombre_usuario, contrasena_usuario, fecha_creacion, apellido_usuario, fecha_nacimiento_usuario, id_cine, id_cargo, email_usuario) values (3, 'Elysia', '$2a$04$LqS2uHQK/p6TSOzR98w9v.er59eEZDXIEtjWuq0W7MfbvTrV.FOJu', '2024-07-17', 'Whatson', '1943-02-24', 42, 97, 'ewhatson2@amazonaws.com');
insert into Usuarios (id_usuario, nombre_usuario, contrasena_usuario, fecha_creacion, apellido_usuario, fecha_nacimiento_usuario, id_cine, id_cargo, email_usuario) values (4, 'Annelise', '$2a$04$G5kNBa26vyG0Z5AXq8imAei.eBlUC0fszllnUO.RWFTrKJWnJZe4i', '2021-09-09', 'Poleye', '1999-11-14', 60, 3, 'apoleye3@si.edu');
insert into Usuarios (id_usuario, nombre_usuario, contrasena_usuario, fecha_creacion, apellido_usuario, fecha_nacimiento_usuario, id_cine, id_cargo, email_usuario) values (5, 'Babb', '$2a$04$nDHNmkVufKn./U8H1azp..GGEHvoeLLk8qE24f.NmnoDs/4D68I0O', '2016-05-18', 'MacGuigan', '1993-03-13', 57, 95, 'bmacguigan4@europa.eu');
insert into Usuarios (id_usuario, nombre_usuario, contrasena_usuario, fecha_creacion, apellido_usuario, fecha_nacimiento_usuario, id_cine, id_cargo, email_usuario) values (6, 'Cynthia', '$2a$04$JqZ3t3CTLfI923i1JYXyyuvS3PGKSVmyHazL9.rRlx0nRXGLpHceu', '2022-11-25', 'Twelves', '1986-03-27', 30, 8, 'ctwelves5@nifty.com');
insert into Usuarios (id_usuario, nombre_usuario, contrasena_usuario, fecha_creacion, apellido_usuario, fecha_nacimiento_usuario, id_cine, id_cargo, email_usuario) values (7, 'Brear', '$2a$04$zpNoFu1OWcGJoOxxsMLskOvhFRpq325twjulpXK7cZH75LTkDo9AS', '2013-05-01', 'Abbey', '1967-03-24', 94, 71, 'babbey6@51.la');
insert into Usuarios (id_usuario, nombre_usuario, contrasena_usuario, fecha_creacion, apellido_usuario, fecha_nacimiento_usuario, id_cine, id_cargo, email_usuario) values (8, 'Kai', '$2a$04$emyxWsZMRCDh3W2Zo8/WXetcxhkQ1RFXRIcsZoJaGbO84N.bvcV9e', '2020-10-11', 'Ibbeson', '2018-02-27', 12, 90, 'kibbeson7@theguardian.com');
insert into Usuarios (id_usuario, nombre_usuario, contrasena_usuario, fecha_creacion, apellido_usuario, fecha_nacimiento_usuario, id_cine, id_cargo, email_usuario) values (9, 'Adora', '$2a$04$eXV7z8cO3FOsb4Ebnksum.aUdOWAvmPZeGOCXPeMTNkN81Mjlr7l.', '2014-02-17', 'Bolam', '1964-12-17', 70, 58, 'abolam8@cocolog-nifty.com');
insert into Usuarios (id_usuario, nombre_usuario, contrasena_usuario, fecha_creacion, apellido_usuario, fecha_nacimiento_usuario, id_cine, id_cargo, email_usuario) values (10, 'Miriam', '$2a$04$mNjGAptoa4513Kg2V2ReC.BdynUYXOXI4VpsIud6LpVNcZiSnQcyS', '2021-01-08', 'Boow', '2009-12-23', 75, 65, 'mboow9@unesco.org');
insert into Usuarios (id_usuario, nombre_usuario, contrasena_usuario, fecha_creacion, apellido_usuario, fecha_nacimiento_usuario, id_cine, id_cargo, email_usuario) values (11, 'Tomasina', '$2a$04$qIE7LKC11D5wAdYhNZbAcux/t0Wa0U.xS.aeg/0/wImBCSSn2rLp.', '2012-12-08', 'Jammes', '1964-02-09', 77, 37, 'tjammesa@tinypic.com');
insert into Usuarios (id_usuario, nombre_usuario, contrasena_usuario, fecha_creacion, apellido_usuario, fecha_nacimiento_usuario, id_cine, id_cargo, email_usuario) values (12, 'Cinda', '$2a$04$VnuryzpMUREFhfCXRKY.JulUdktaXg4nMpq2be2Hw5Of3mS4W6BI2', '2013-03-08', 'Mathelin', '1999-04-17', 16, 54, 'cmathelinb@yolasite.com');
insert into Usuarios (id_usuario, nombre_usuario, contrasena_usuario, fecha_creacion, apellido_usuario, fecha_nacimiento_usuario, id_cine, id_cargo, email_usuario) values (13, 'Scarlett', '$2a$04$vOpMTn4Zl7AzBiEEBFI50.3cI5KHU/P1SDKFWdx5VlkkYcgwNhrVS', '2018-04-14', 'Weedon', '2018-02-26', 29, 97, 'sweedonc@wikia.com');
insert into Usuarios (id_usuario, nombre_usuario, contrasena_usuario, fecha_creacion, apellido_usuario, fecha_nacimiento_usuario, id_cine, id_cargo, email_usuario) values (14, 'Binni', '$2a$04$dmf/l7AQLrxnWyy4peUAeuc9FN3yPgg1roIlb8kbu9nu79.pXFPum', '2019-06-25', 'Musgrave', '2011-02-19', 30, 97, 'bmusgraved@ucsd.edu');
insert into Usuarios (id_usuario, nombre_usuario, contrasena_usuario, fecha_creacion, apellido_usuario, fecha_nacimiento_usuario, id_cine, id_cargo, email_usuario) values (15, 'Pepita', '$2a$04$phvrzxqREYTlwa/BtVBlc.nS3obL0SYa7MhLOFknqJ7XOYDhNaEY2', '2013-08-28', 'Lancley', '1964-09-08', 15, 6, 'plancleye@microsoft.com');
insert into Usuarios (id_usuario, nombre_usuario, contrasena_usuario, fecha_creacion, apellido_usuario, fecha_nacimiento_usuario, id_cine, id_cargo, email_usuario) values (16, 'Rochette', '$2a$04$eDpb6/1BjFnff3LGkEzUGOmcWmXVUQwf7wmhfeRKaGNpYUjgqDblG', '2013-09-01', 'Dunhill', '1957-01-03', 93, 31, 'rdunhillf@webs.com');
insert into Usuarios (id_usuario, nombre_usuario, contrasena_usuario, fecha_creacion, apellido_usuario, fecha_nacimiento_usuario, id_cine, id_cargo, email_usuario) values (17, 'Deeanne', '$2a$04$Lgze9JieXSCfPhErtKAn2eZKtGt3aI2scXyB8zp7Fhu13tVKKXZ8u', '2013-10-13', 'Dearlove', '1951-03-11', 95, 1, 'ddearloveg@nature.com');
insert into Usuarios (id_usuario, nombre_usuario, contrasena_usuario, fecha_creacion, apellido_usuario, fecha_nacimiento_usuario, id_cine, id_cargo, email_usuario) values (18, 'Livia', '$2a$04$aLVPsTv2zF1/CZhYXgzlfeN2WwVEcARncS9QBA1vujJHiKa5IzdNC', '2014-12-05', 'Branchett', '1952-03-23', 34, 98, 'lbranchetth@paypal.com');
insert into Usuarios (id_usuario, nombre_usuario, contrasena_usuario, fecha_creacion, apellido_usuario, fecha_nacimiento_usuario, id_cine, id_cargo, email_usuario) values (19, 'Teresa', '$2a$04$SdcOsaH7Ig8.akQAcY2FNuHnc.Iv.6L0aZdmw3pBD9.Et5XHerdCa', '2019-10-08', 'Enns', '1983-11-07', 63, 76, 'tennsi@ucla.edu');
insert into Usuarios (id_usuario, nombre_usuario, contrasena_usuario, fecha_creacion, apellido_usuario, fecha_nacimiento_usuario, id_cine, id_cargo, email_usuario) values (20, 'Arabelle', '$2a$04$uklc5mBG7z60KC754/bvfe5YrEu9Ni9bitEAtm2i01QgpWkF2Nxvu', '2010-12-20', 'Vasyuchov', '1958-08-28', 5, 73, 'avasyuchovj@cnn.com');
insert into Usuarios (id_usuario, nombre_usuario, contrasena_usuario, fecha_creacion, apellido_usuario, fecha_nacimiento_usuario, id_cine, id_cargo, email_usuario) values (21, 'Jaquelin', '$2a$04$bLBDsMuvBY/120Jm6R/s6OZ6NuISyvXjAs3X9CpnJb3LFYo5XlE4S', '2013-05-13', 'Tratton', '1986-09-10', 16, 83, 'jtrattonk@reverbnation.com');
insert into Usuarios (id_usuario, nombre_usuario, contrasena_usuario, fecha_creacion, apellido_usuario, fecha_nacimiento_usuario, id_cine, id_cargo, email_usuario) values (22, 'Bonnibelle', '$2a$04$dMXmAq7oiHCZFpldK5RjqOWfubJtRgoLi5b8foZiquo2WQIXRIFva', '2016-07-14', 'Meaden', '2016-05-13', 6, 38, 'bmeadenl@mozilla.com');
insert into Usuarios (id_usuario, nombre_usuario, contrasena_usuario, fecha_creacion, apellido_usuario, fecha_nacimiento_usuario, id_cine, id_cargo, email_usuario) values (23, 'Valli', '$2a$04$tuLP5A2xNyEtXzpT1ntCEunzrmiTsCkLbuhLL3pk5y5/r0FC5zI72', '2023-04-02', 'Alcorn', '1958-04-15', 95, 54, 'valcornm@zimbio.com');
insert into Usuarios (id_usuario, nombre_usuario, contrasena_usuario, fecha_creacion, apellido_usuario, fecha_nacimiento_usuario, id_cine, id_cargo, email_usuario) values (24, 'Hettie', '$2a$04$slA5anT0sZPVMAAgXKrabuyoMuCh/t8Bd8kwQQXfqId9pK8sB2CNK', '2011-03-30', 'Kinastan', '1968-08-01', 88, 63, 'hkinastann@imageshack.us');
insert into Usuarios (id_usuario, nombre_usuario, contrasena_usuario, fecha_creacion, apellido_usuario, fecha_nacimiento_usuario, id_cine, id_cargo, email_usuario) values (25, 'Francoise', '$2a$04$7LwBD3LoZAeyG3bz8CVQEeNi7WJ.BadtYmXg9.On2cITuoif4UdRq', '2020-02-25', 'Bakes', '1950-12-14', 97, 33, 'fbakeso@mysql.com');
insert into Usuarios (id_usuario, nombre_usuario, contrasena_usuario, fecha_creacion, apellido_usuario, fecha_nacimiento_usuario, id_cine, id_cargo, email_usuario) values (26, 'Evangeline', '$2a$04$i4YcWemV09hOrZWIpp8FN..Td6ZFxuqR/6tFYrl/IRgogtFDn5O/i', '2023-04-30', 'Tummons', '1942-05-27', 3, 73, 'etummonsp@creativecommons.org');
insert into Usuarios (id_usuario, nombre_usuario, contrasena_usuario, fecha_creacion, apellido_usuario, fecha_nacimiento_usuario, id_cine, id_cargo, email_usuario) values (27, 'Andriette', '$2a$04$PryLiZFeumdHrXs335.AX.ocY.fX3SD32Y6So3XN8VDqxNKNBDHMa', '2012-08-12', 'Hartus', '1943-02-04', 25, 31, 'ahartusq@archive.org');
insert into Usuarios (id_usuario, nombre_usuario, contrasena_usuario, fecha_creacion, apellido_usuario, fecha_nacimiento_usuario, id_cine, id_cargo, email_usuario) values (28, 'Karilynn', '$2a$04$ZHMZlWpVuxEp3WFMMJIGtuFgDui9V16jXzK/MuA7Q9DfFGm9KT5di', '2013-05-15', 'Conkie', '1978-07-02', 21, 90, 'kconkier@canalblog.com');
insert into Usuarios (id_usuario, nombre_usuario, contrasena_usuario, fecha_creacion, apellido_usuario, fecha_nacimiento_usuario, id_cine, id_cargo, email_usuario) values (29, 'Krysta', '$2a$04$4OBOaNKBxSCyQuZTCJf97OGxmDaTWjwgKg0cenThtP6lkBViYsV4y', '2023-12-13', 'Cudde', '1961-05-08', 63, 52, 'kcuddes@miitbeian.gov.cn');
insert into Usuarios (id_usuario, nombre_usuario, contrasena_usuario, fecha_creacion, apellido_usuario, fecha_nacimiento_usuario, id_cine, id_cargo, email_usuario) values (30, 'Emmalyn', '$2a$04$0ZyjTuRweGgISls1aL37Cuy3RElpXs41LkwabyhBc0fjuooxCtJmm', '2017-06-29', 'Eglin', '2023-11-27', 99, 86, 'eeglint@msu.edu');
insert into Usuarios (id_usuario, nombre_usuario, contrasena_usuario, fecha_creacion, apellido_usuario, fecha_nacimiento_usuario, id_cine, id_cargo, email_usuario) values (31, 'Auguste', '$2a$04$RkmuJN3FI0oek6L.83ido.PtjcZJVuRnp6bHCqBEPljzMin5Up2.e', '2010-09-08', 'Churchman', '1969-02-18', 6, 23, 'achurchmanu@simplemachines.org');
insert into Usuarios (id_usuario, nombre_usuario, contrasena_usuario, fecha_creacion, apellido_usuario, fecha_nacimiento_usuario, id_cine, id_cargo, email_usuario) values (32, 'Magda', '$2a$04$h1bxOVgJ5tZ.2618vYdwEO6bbGumcNKQS2Q7ER37oo6heFti.CSDK', '2023-01-02', 'Labbati', '1991-05-22', 13, 15, 'mlabbativ@wired.com');
insert into Usuarios (id_usuario, nombre_usuario, contrasena_usuario, fecha_creacion, apellido_usuario, fecha_nacimiento_usuario, id_cine, id_cargo, email_usuario) values (33, 'Sharlene', '$2a$04$g1b.JSrVGtYG/S/KFj2XRewvP0GRZDoy58bIz6OomOwWkko5Ea.Hu', '2019-05-15', 'Edess', '1950-05-19', 5, 65, 'sedessw@archive.org');
insert into Usuarios (id_usuario, nombre_usuario, contrasena_usuario, fecha_creacion, apellido_usuario, fecha_nacimiento_usuario, id_cine, id_cargo, email_usuario) values (34, 'Aura', '$2a$04$vaKLfJCNWBH4CQ.cPBonuORfPjkekCdAoADQyo.gsUCwxQLD0uGFq', '2018-08-14', 'Southby', '2015-03-15', 38, 14, 'asouthbyx@buzzfeed.com');
insert into Usuarios (id_usuario, nombre_usuario, contrasena_usuario, fecha_creacion, apellido_usuario, fecha_nacimiento_usuario, id_cine, id_cargo, email_usuario) values (35, 'Silvana', '$2a$04$Op8a8q2c0gMVvrXM/86bSegvAko/Iobetpjfmq/zGZMH/oP7r/w1q', '2021-12-20', 'Flanner', '1990-01-31', 11, 86, 'sflannery@tamu.edu');
insert into Usuarios (id_usuario, nombre_usuario, contrasena_usuario, fecha_creacion, apellido_usuario, fecha_nacimiento_usuario, id_cine, id_cargo, email_usuario) values (36, 'Renae', '$2a$04$XxVCXiRFpTVDKyeL8TCDBeWecHzqICi2zuPUQPjRchrlsUtWqtChu', '2021-07-24', 'Bolens', '1971-09-29', 44, 97, 'rbolensz@gravatar.com');
insert into Usuarios (id_usuario, nombre_usuario, contrasena_usuario, fecha_creacion, apellido_usuario, fecha_nacimiento_usuario, id_cine, id_cargo, email_usuario) values (37, 'Ardyth', '$2a$04$F8wxejD4ukou.UbcL9scWuibpJvYRQgvrszIUxIYsRAzDlsN0yQy2', '2012-09-19', 'Harrell', '1986-10-12', 9, 46, 'aharrell10@apache.org');
insert into Usuarios (id_usuario, nombre_usuario, contrasena_usuario, fecha_creacion, apellido_usuario, fecha_nacimiento_usuario, id_cine, id_cargo, email_usuario) values (38, 'Cindie', '$2a$04$V/8mcnnjtjN8SFCVTJWkz.qE5zpXN9u67wJv96BHyfHHp2fGV7/TW', '2017-06-23', 'Davie', '1943-10-04', 76, 80, 'cdavie11@myspace.com');
insert into Usuarios (id_usuario, nombre_usuario, contrasena_usuario, fecha_creacion, apellido_usuario, fecha_nacimiento_usuario, id_cine, id_cargo, email_usuario) values (39, 'Nadine', '$2a$04$3RjpMK9fxPywisdWmbM9Iu91EoI81hVpwuIRN43F9d8FvFHmbM7AS', '2021-07-09', 'De Wolfe', '1965-01-03', 59, 98, 'ndewolfe12@fc2.com');
insert into Usuarios (id_usuario, nombre_usuario, contrasena_usuario, fecha_creacion, apellido_usuario, fecha_nacimiento_usuario, id_cine, id_cargo, email_usuario) values (40, 'Junina', '$2a$04$rNK87IxJWbUfek.SieZ0nuTWat2eySIvjUibLqZ8wcPDkT9fw5LGC', '2012-04-20', 'Woodthorpe', '1953-03-08', 19, 41, 'jwoodthorpe13@google.es');
insert into Usuarios (id_usuario, nombre_usuario, contrasena_usuario, fecha_creacion, apellido_usuario, fecha_nacimiento_usuario, id_cine, id_cargo, email_usuario) values (41, 'Brigida', '$2a$04$K.wPAXDBLG7qe62qkbVZL.QipXCb6Q8Hn/xbXqQhCywAY/69neRzC', '2010-06-20', 'Flowers', '1986-07-16', 97, 52, 'bflowers14@scribd.com');
insert into Usuarios (id_usuario, nombre_usuario, contrasena_usuario, fecha_creacion, apellido_usuario, fecha_nacimiento_usuario, id_cine, id_cargo, email_usuario) values (42, 'Natty', '$2a$04$dUvXthGgB57TZ5kcSCaQ9eRDkrfWZ7V8okGt37AxuBrajDOfI/Hpe', '2022-07-03', 'Estrella', '1970-09-16', 96, 59, 'nestrella15@umich.edu');
insert into Usuarios (id_usuario, nombre_usuario, contrasena_usuario, fecha_creacion, apellido_usuario, fecha_nacimiento_usuario, id_cine, id_cargo, email_usuario) values (43, 'Kai', '$2a$04$kO8Ke2vOZNM4tA9zXHDwduC4LKbtWEI/pxVm6mZrZAQ5l8Fpdnn2G', '2014-05-28', 'Gravie', '2007-01-16', 32, 67, 'kgravie16@weibo.com');
insert into Usuarios (id_usuario, nombre_usuario, contrasena_usuario, fecha_creacion, apellido_usuario, fecha_nacimiento_usuario, id_cine, id_cargo, email_usuario) values (44, 'Gaylene', '$2a$04$1jkUwp3YXInOgMMTnp6x.eejmO/P.6GO7grPzSUQ.umDH/5eU9UCm', '2013-03-29', 'Boarleyson', '1952-06-23', 26, 57, 'gboarleyson17@unicef.org');
insert into Usuarios (id_usuario, nombre_usuario, contrasena_usuario, fecha_creacion, apellido_usuario, fecha_nacimiento_usuario, id_cine, id_cargo, email_usuario) values (45, 'Billye', '$2a$04$UBX9WKkUiRCDC75fd0DVX..zbQWwg/B2JEiycpLomc4zLQHd/zKaC', '2016-11-17', 'Alsina', '1961-10-30', 73, 95, 'balsina18@amazon.co.jp');
insert into Usuarios (id_usuario, nombre_usuario, contrasena_usuario, fecha_creacion, apellido_usuario, fecha_nacimiento_usuario, id_cine, id_cargo, email_usuario) values (46, 'Kerry', '$2a$04$zY1IGjblWvS4RTFsjAy9nOra7.JKnauyATDe7W2ezeWGpYbD1SUjm', '2020-04-16', 'Nattrass', '1950-02-09', 46, 39, 'knattrass19@alibaba.com');
insert into Usuarios (id_usuario, nombre_usuario, contrasena_usuario, fecha_creacion, apellido_usuario, fecha_nacimiento_usuario, id_cine, id_cargo, email_usuario) values (47, 'Malory', '$2a$04$VCBA2QYr4DtT0NlK7xziCe6tK55tQQPSAyTtHqksmOmuzXT7hwrFm', '2017-12-21', 'Friel', '1997-06-08', 59, 96, 'mfriel1a@accuweather.com');
insert into Usuarios (id_usuario, nombre_usuario, contrasena_usuario, fecha_creacion, apellido_usuario, fecha_nacimiento_usuario, id_cine, id_cargo, email_usuario) values (48, 'Storm', '$2a$04$gDStyHWvYijOncFghPcbSeCqvYhMDSVCOnAhMu53e59NHRtqOUR7e', '2024-05-31', 'Mc Dermid', '2020-07-04', 59, 72, 'smcdermid1b@discovery.com');
insert into Usuarios (id_usuario, nombre_usuario, contrasena_usuario, fecha_creacion, apellido_usuario, fecha_nacimiento_usuario, id_cine, id_cargo, email_usuario) values (49, 'Germana', '$2a$04$rfXbNJIEQvXclOSpHS/hte/LEamuqqqDLl7iB/EDRaIz9MbSo0Oc.', '2017-03-19', 'Rotchell', '1981-01-16', 14, 10, 'grotchell1c@exblog.jp');
insert into Usuarios (id_usuario, nombre_usuario, contrasena_usuario, fecha_creacion, apellido_usuario, fecha_nacimiento_usuario, id_cine, id_cargo, email_usuario) values (50, 'Natividad', '$2a$04$vc5W0dDv9TL.C7IVfg6Tv.ltHpVZKUc8fLUJKdcMt/JPzTvY5faa2', '2018-12-29', 'Cratchley', '1965-03-22', 91, 77, 'ncratchley1d@chicagotribune.com');
insert into Usuarios (id_usuario, nombre_usuario, contrasena_usuario, fecha_creacion, apellido_usuario, fecha_nacimiento_usuario, id_cine, id_cargo, email_usuario) values (51, 'Valaree', '$2a$04$n87LoGyJ4Rdg6ypgbNfCNuWjlrrshW.ziSF2TMurpRCN/uogDOgh.', '2013-12-28', 'MacKibbon', '1981-09-21', 7, 84, 'vmackibbon1e@plala.or.jp');
insert into Usuarios (id_usuario, nombre_usuario, contrasena_usuario, fecha_creacion, apellido_usuario, fecha_nacimiento_usuario, id_cine, id_cargo, email_usuario) values (52, 'Linnet', '$2a$04$50FNQCVmFS8.i12G43/Nk.2COn7s40OoylPZSzkWNZpQp53wnPIBS', '2018-12-28', 'Arnauduc', '1998-11-18', 14, 2, 'larnauduc1f@apple.com');
insert into Usuarios (id_usuario, nombre_usuario, contrasena_usuario, fecha_creacion, apellido_usuario, fecha_nacimiento_usuario, id_cine, id_cargo, email_usuario) values (53, 'Amitie', '$2a$04$kbu30EiANLgLALtmYpqbEut6P27hdfJaeswTQUDS/70SpMe7mEf1q', '2018-09-29', 'Boulsher', '1950-06-05', 45, 65, 'aboulsher1g@dmoz.org');
insert into Usuarios (id_usuario, nombre_usuario, contrasena_usuario, fecha_creacion, apellido_usuario, fecha_nacimiento_usuario, id_cine, id_cargo, email_usuario) values (54, 'Siusan', '$2a$04$q1//tiBSOqXs.ZdcPmT4/u7lR7lMf9YUDtGHf.g2FcRp5LDbomkHi', '2013-02-01', 'Chisman', '2006-06-16', 30, 11, 'schisman1h@google.com.br');
insert into Usuarios (id_usuario, nombre_usuario, contrasena_usuario, fecha_creacion, apellido_usuario, fecha_nacimiento_usuario, id_cine, id_cargo, email_usuario) values (55, 'Bobina', '$2a$04$/2NN3nYf/PPnWFh9Ic.bx.Uh8gnvMweHrveIGUPNAeMNbtvwcWWdy', '2024-09-20', 'Van Dale', '2003-08-07', 16, 90, 'bvandale1i@angelfire.com');
insert into Usuarios (id_usuario, nombre_usuario, contrasena_usuario, fecha_creacion, apellido_usuario, fecha_nacimiento_usuario, id_cine, id_cargo, email_usuario) values (56, 'Mella', '$2a$04$TQ3qrCc0yp1npIVNczmS.uefcNY1OHSp6Xo2W50FljN4udIZAT68a', '2012-12-18', 'Rihosek', '1973-08-26', 29, 17, 'mrihosek1j@europa.eu');
insert into Usuarios (id_usuario, nombre_usuario, contrasena_usuario, fecha_creacion, apellido_usuario, fecha_nacimiento_usuario, id_cine, id_cargo, email_usuario) values (57, 'Marjorie', '$2a$04$S/VpvnkaGfUM99bQ.TfnpOXz3F56L1zq305WPyA01QtoWdILPn2M6', '2015-05-09', 'Illiston', '2020-12-18', 1, 26, 'milliston1k@yahoo.co.jp');
insert into Usuarios (id_usuario, nombre_usuario, contrasena_usuario, fecha_creacion, apellido_usuario, fecha_nacimiento_usuario, id_cine, id_cargo, email_usuario) values (58, 'Bobbe', '$2a$04$Fug149Lmgy8uJiCz.n3bbu0.rMGHlZp.8BVGdw8DIQza3aBzqFkqu', '2012-08-30', 'Shard', '1993-02-14', 46, 36, 'bshard1l@bing.com');
insert into Usuarios (id_usuario, nombre_usuario, contrasena_usuario, fecha_creacion, apellido_usuario, fecha_nacimiento_usuario, id_cine, id_cargo, email_usuario) values (59, 'Gwenette', '$2a$04$MildXUU5VFrWM3AMEVkUQeW7myG2Imty/hHrC1Efk2NNwa1jiRok.', '2024-08-23', 'McKendry', '1950-06-19', 74, 68, 'gmckendry1m@1und1.de');
insert into Usuarios (id_usuario, nombre_usuario, contrasena_usuario, fecha_creacion, apellido_usuario, fecha_nacimiento_usuario, id_cine, id_cargo, email_usuario) values (60, 'Averil', '$2a$04$J8z6qwP7kho8kPBbY6fk1uuVKFlyhVy9QwMNCxqZ7WJV1jzBz9u8e', '2014-06-19', 'Peachment', '1998-09-01', 12, 47, 'apeachment1n@addtoany.com');
insert into Usuarios (id_usuario, nombre_usuario, contrasena_usuario, fecha_creacion, apellido_usuario, fecha_nacimiento_usuario, id_cine, id_cargo, email_usuario) values (61, 'Ladonna', '$2a$04$TivTu2r.STNVA4GvFA5yUO4XCNVXX0hS0xFW/kkKqZzECaFoFz.7q', '2021-09-22', 'Grassin', '2012-01-27', 38, 69, 'lgrassin1o@fema.gov');
insert into Usuarios (id_usuario, nombre_usuario, contrasena_usuario, fecha_creacion, apellido_usuario, fecha_nacimiento_usuario, id_cine, id_cargo, email_usuario) values (62, 'Dory', '$2a$04$zN/FxpTSqpY24tH98ATUq.E2jOIIqBtOBZMtnz0ZQ2g4Mq6JMnclO', '2020-12-07', 'Headley', '1966-04-18', 34, 35, 'dheadley1p@pbs.org');
insert into Usuarios (id_usuario, nombre_usuario, contrasena_usuario, fecha_creacion, apellido_usuario, fecha_nacimiento_usuario, id_cine, id_cargo, email_usuario) values (63, 'Anissa', '$2a$04$aaXtm1ckacOFUwX3NEgGTeYmquy.4ous.4I2VNwqCpLtEh8gRphf6', '2013-02-07', 'Lapworth', '1940-05-10', 34, 13, 'alapworth1q@slashdot.org');
insert into Usuarios (id_usuario, nombre_usuario, contrasena_usuario, fecha_creacion, apellido_usuario, fecha_nacimiento_usuario, id_cine, id_cargo, email_usuario) values (64, 'Berte', '$2a$04$RNOlhx.PT/QT7nXnPVlqeuhZyG5lqeT26KfyJvXjH6GdM/wmdXsDe', '2014-08-13', 'Kid', '2010-07-05', 19, 78, 'bkid1r@blinklist.com');
insert into Usuarios (id_usuario, nombre_usuario, contrasena_usuario, fecha_creacion, apellido_usuario, fecha_nacimiento_usuario, id_cine, id_cargo, email_usuario) values (65, 'Teresita', '$2a$04$vjsE17n9UsPXAAWG75IKw.naByUxMLc8Qiq.oK2jiVTvlBNMwtckm', '2016-07-11', 'Casillis', '2003-04-06', 57, 68, 'tcasillis1s@hao123.com');
insert into Usuarios (id_usuario, nombre_usuario, contrasena_usuario, fecha_creacion, apellido_usuario, fecha_nacimiento_usuario, id_cine, id_cargo, email_usuario) values (66, 'Bernadine', '$2a$04$ojuW71K.thiKRWQpHVa8y.fRTTYw/OlzJ3Q9ljfY7LBdBiQQ/9ghy', '2022-02-12', 'Tourmell', '1965-09-28', 45, 96, 'btourmell1t@bluehost.com');
insert into Usuarios (id_usuario, nombre_usuario, contrasena_usuario, fecha_creacion, apellido_usuario, fecha_nacimiento_usuario, id_cine, id_cargo, email_usuario) values (67, 'Allissa', '$2a$04$Vo7fm6GNMS4zo8gEB4r34uRUteI7E6aBdW/oqn/4s3Ew3GlMJrNbi', '2013-12-24', 'Fendlow', '2013-06-10', 7, 86, 'afendlow1u@elegantthemes.com');
insert into Usuarios (id_usuario, nombre_usuario, contrasena_usuario, fecha_creacion, apellido_usuario, fecha_nacimiento_usuario, id_cine, id_cargo, email_usuario) values (68, 'Karalee', '$2a$04$pl1wNJD0SY6wG7ojsckvw.utoJrPsUBRWKWNOm3BiTR76nNdYbj4G', '2024-02-18', 'Aimable', '2000-10-31', 93, 84, 'kaimable1v@prlog.org');
insert into Usuarios (id_usuario, nombre_usuario, contrasena_usuario, fecha_creacion, apellido_usuario, fecha_nacimiento_usuario, id_cine, id_cargo, email_usuario) values (69, 'Tiphany', '$2a$04$huJ7hOI0qtuyiA.Sqx6oXOiD7DNijPuzvVqgzh9wZ1fMvfqqteyMy', '2022-06-01', 'Clough', '2007-09-14', 70, 36, 'tclough1w@buzzfeed.com');
insert into Usuarios (id_usuario, nombre_usuario, contrasena_usuario, fecha_creacion, apellido_usuario, fecha_nacimiento_usuario, id_cine, id_cargo, email_usuario) values (70, 'Candie', '$2a$04$VsUADr8nnjhXNre7ng4vu.2dXhojWHAtYG2PHqTJeLOVGjvXb6xCK', '2024-04-28', 'Decruse', '1962-08-20', 26, 8, 'cdecruse1x@parallels.com');
insert into Usuarios (id_usuario, nombre_usuario, contrasena_usuario, fecha_creacion, apellido_usuario, fecha_nacimiento_usuario, id_cine, id_cargo, email_usuario) values (71, 'Malynda', '$2a$04$lKceHpDhslV1/fULWq2mx.GfnBsEnxPjL0.7SQMpHm15iPoZqEbwW', '2021-06-14', 'Muggach', '1949-06-15', 16, 11, 'mmuggach1y@wisc.edu');
insert into Usuarios (id_usuario, nombre_usuario, contrasena_usuario, fecha_creacion, apellido_usuario, fecha_nacimiento_usuario, id_cine, id_cargo, email_usuario) values (72, 'Dora', '$2a$04$1saznuEy/.3DUI0NtMG7TOInq7FDaSktLkbp.8Cn.iqOxqBzN0yb2', '2016-07-25', 'Marland', '1963-03-07', 66, 96, 'dmarland1z@dagondesign.com');
insert into Usuarios (id_usuario, nombre_usuario, contrasena_usuario, fecha_creacion, apellido_usuario, fecha_nacimiento_usuario, id_cine, id_cargo, email_usuario) values (73, 'Meta', '$2a$04$idT7FdqNHG4yKfa/QKtSqeiRhf1F35AHKwoF5CjUlgfuQ3K5MDaUG', '2010-04-11', 'Growcott', '1974-05-28', 69, 57, 'mgrowcott20@chron.com');
insert into Usuarios (id_usuario, nombre_usuario, contrasena_usuario, fecha_creacion, apellido_usuario, fecha_nacimiento_usuario, id_cine, id_cargo, email_usuario) values (74, 'Harriette', '$2a$04$/Xk6BuuxoyUBxLZrctJqLeum/ARhV4su0gxvOhr/EMVlDqB5DPp1a', '2019-06-01', 'Bracknall', '2013-08-13', 35, 61, 'hbracknall21@hatena.ne.jp');
insert into Usuarios (id_usuario, nombre_usuario, contrasena_usuario, fecha_creacion, apellido_usuario, fecha_nacimiento_usuario, id_cine, id_cargo, email_usuario) values (75, 'Ronnica', '$2a$04$D/PLrSGwBhPXzAsFQ2WlmOsovYD0G57U.Sk6NK/ZW1slwENSpyed.', '2012-09-13', 'Agneau', '1975-09-16', 77, 20, 'ragneau22@dell.com');
insert into Usuarios (id_usuario, nombre_usuario, contrasena_usuario, fecha_creacion, apellido_usuario, fecha_nacimiento_usuario, id_cine, id_cargo, email_usuario) values (76, 'Eleonore', '$2a$04$VWmiag9RczU3CISYRqPQoOxH9TZnsbQpy/25cl6AxMrmrIcQ5QQXa', '2011-08-30', 'Spyer', '1988-06-15', 64, 23, 'espyer23@amazon.de');
insert into Usuarios (id_usuario, nombre_usuario, contrasena_usuario, fecha_creacion, apellido_usuario, fecha_nacimiento_usuario, id_cine, id_cargo, email_usuario) values (77, 'Ardys', '$2a$04$e6QeZ0H9u3.OUw0n2UzgE.eMvNzIQHSktOIIEhoVpg1/ATDL4gLru', '2010-10-19', 'Steed', '1987-09-12', 38, 59, 'asteed24@4shared.com');
insert into Usuarios (id_usuario, nombre_usuario, contrasena_usuario, fecha_creacion, apellido_usuario, fecha_nacimiento_usuario, id_cine, id_cargo, email_usuario) values (78, 'Pet', '$2a$04$8e69oSA3iOjgNmYAFirmc.Ux3kcGmznqqEc0RCTKTH9fiiXfYqdVG', '2010-10-28', 'Swaine', '1946-06-27', 26, 92, 'pswaine25@php.net');
insert into Usuarios (id_usuario, nombre_usuario, contrasena_usuario, fecha_creacion, apellido_usuario, fecha_nacimiento_usuario, id_cine, id_cargo, email_usuario) values (79, 'Berta', '$2a$04$vvcdo3rnVEhXqijsDgIfy.Jn7MX.xRpvRvh8wO0pdSldeo7mV80/a', '2024-09-11', 'Christofle', '1992-06-07', 31, 16, 'bchristofle26@msu.edu');
insert into Usuarios (id_usuario, nombre_usuario, contrasena_usuario, fecha_creacion, apellido_usuario, fecha_nacimiento_usuario, id_cine, id_cargo, email_usuario) values (80, 'Rory', '$2a$04$B5keqrxwJ98mFuPsHpjMheyqnycVJlHnjJI/uUok6/aLevf89rg/6', '2019-06-03', 'Seagar', '1951-10-25', 82, 55, 'rseagar27@trellian.com');
insert into Usuarios (id_usuario, nombre_usuario, contrasena_usuario, fecha_creacion, apellido_usuario, fecha_nacimiento_usuario, id_cine, id_cargo, email_usuario) values (81, 'Carolann', '$2a$04$qnOi5jAU8DBLm/5vqLnI6./uqTSguaxMtn.J5mHKt9HFSNhcZ04/6', '2011-07-07', 'Iacovozzo', '1977-01-08', 99, 14, 'ciacovozzo28@geocities.com');
insert into Usuarios (id_usuario, nombre_usuario, contrasena_usuario, fecha_creacion, apellido_usuario, fecha_nacimiento_usuario, id_cine, id_cargo, email_usuario) values (82, 'Ernestine', '$2a$04$PrvBoWPTz6CyB5Of88yUNOrhv.vBIXyIlfqUPkz.RtYsTyc99z0pO', '2020-11-24', 'Flacknoe', '1959-03-22', 13, 1, 'eflacknoe29@phoca.cz');
insert into Usuarios (id_usuario, nombre_usuario, contrasena_usuario, fecha_creacion, apellido_usuario, fecha_nacimiento_usuario, id_cine, id_cargo, email_usuario) values (83, 'Shaylynn', '$2a$04$zvNN1H3JFgGoKUPDJbfgOOiJDsecUD7t.aI.t45YbzDJZf8zMnYEq', '2020-03-14', 'Dulson', '1950-06-29', 22, 9, 'sdulson2a@mac.com');
insert into Usuarios (id_usuario, nombre_usuario, contrasena_usuario, fecha_creacion, apellido_usuario, fecha_nacimiento_usuario, id_cine, id_cargo, email_usuario) values (84, 'Sallee', '$2a$04$1gg0fq/r4vMzTHuGHshTKuUG93zszJU8/nSVoNBFTrwG4LpbGTZfy', '2011-12-06', 'Garbutt', '1960-05-29', 48, 32, 'sgarbutt2b@cocolog-nifty.com');
insert into Usuarios (id_usuario, nombre_usuario, contrasena_usuario, fecha_creacion, apellido_usuario, fecha_nacimiento_usuario, id_cine, id_cargo, email_usuario) values (85, 'Rowena', '$2a$04$w6TFvM.IbB/GLqWAB7Y5deSMTp6JlgbTbQ/xgFP4JxY3UKi6Zpvx6', '2020-04-19', 'Clemenzi', '1998-06-26', 43, 46, 'rclemenzi2c@reuters.com');
insert into Usuarios (id_usuario, nombre_usuario, contrasena_usuario, fecha_creacion, apellido_usuario, fecha_nacimiento_usuario, id_cine, id_cargo, email_usuario) values (86, 'Billi', '$2a$04$HA5Ma/ERIXFfdeuHlf1N0u1YFzSxcVNWRTIsKAGrTLMzUh50.MOrC', '2017-11-13', 'Donaldson', '1983-01-22', 53, 37, 'bdonaldson2d@dot.gov');
insert into Usuarios (id_usuario, nombre_usuario, contrasena_usuario, fecha_creacion, apellido_usuario, fecha_nacimiento_usuario, id_cine, id_cargo, email_usuario) values (87, 'Ariana', '$2a$04$oOr0xWBV93hElMpoKtpIleApqtSf4U8qTrrf.I9oyQNo0Swq3J3eq', '2018-02-07', 'Stading', '1946-08-19', 26, 53, 'astading2e@trellian.com');
insert into Usuarios (id_usuario, nombre_usuario, contrasena_usuario, fecha_creacion, apellido_usuario, fecha_nacimiento_usuario, id_cine, id_cargo, email_usuario) values (88, 'Carola', '$2a$04$mxj2iH4SuwqMZSo5qqd.w.9dZq4hSNR5S7sZLKdpnqKe1XLTnaZdq', '2017-06-18', 'Larciere', '2003-12-22', 74, 94, 'clarciere2f@youku.com');
insert into Usuarios (id_usuario, nombre_usuario, contrasena_usuario, fecha_creacion, apellido_usuario, fecha_nacimiento_usuario, id_cine, id_cargo, email_usuario) values (89, 'Sosanna', '$2a$04$.2BAopaHC.t/6fXQi5LcN.WEMzNgYCkruVwNkYvq5hVB67VLAtgXe', '2016-12-29', 'Roston', '1997-01-17', 88, 98, 'sroston2g@amazonaws.com');
insert into Usuarios (id_usuario, nombre_usuario, contrasena_usuario, fecha_creacion, apellido_usuario, fecha_nacimiento_usuario, id_cine, id_cargo, email_usuario) values (90, 'Cathie', '$2a$04$M/RmfC1AeBvrKIVhIM9DZeoIBxnGzyOdUGRc6SaA.7VoxLiXApBuy', '2013-12-05', 'Markussen', '1967-02-12', 36, 52, 'cmarkussen2h@google.ca');
insert into Usuarios (id_usuario, nombre_usuario, contrasena_usuario, fecha_creacion, apellido_usuario, fecha_nacimiento_usuario, id_cine, id_cargo, email_usuario) values (91, 'Roshelle', '$2a$04$w3c0QyMdHxEzhRWsts0rGeQZclZrPWfzVf4hfz9yCFGzjCajdiCpO', '2017-08-15', 'Cooney', '2022-09-20', 34, 19, 'rcooney2i@skyrock.com');
insert into Usuarios (id_usuario, nombre_usuario, contrasena_usuario, fecha_creacion, apellido_usuario, fecha_nacimiento_usuario, id_cine, id_cargo, email_usuario) values (92, 'Mae', '$2a$04$Yj3TJcSX0U4hKgdZdM2cFeKQaLvdS8vIgXmLLNkJewVsc3qmp0DVW', '2010-07-21', 'Rarity', '1978-09-20', 30, 28, 'mrarity2j@photobucket.com');
insert into Usuarios (id_usuario, nombre_usuario, contrasena_usuario, fecha_creacion, apellido_usuario, fecha_nacimiento_usuario, id_cine, id_cargo, email_usuario) values (93, 'Isabelle', '$2a$04$ggQlgpZg6G5bhwwJN4xbJuJFIJw40dnfMscKcQgJ1rKsF0givHkJG', '2014-02-11', 'Isabell', '2023-10-16', 75, 75, 'iisabell2k@gizmodo.com');
insert into Usuarios (id_usuario, nombre_usuario, contrasena_usuario, fecha_creacion, apellido_usuario, fecha_nacimiento_usuario, id_cine, id_cargo, email_usuario) values (94, 'Odella', '$2a$04$ftW4SsbppMO8MqXnNsCvcOZHIek9Q6cQkExlzqOX3DxcIwhkFm6YG', '2021-09-05', 'Pollock', '2020-12-31', 90, 25, 'opollock2l@networkadvertising.org');
insert into Usuarios (id_usuario, nombre_usuario, contrasena_usuario, fecha_creacion, apellido_usuario, fecha_nacimiento_usuario, id_cine, id_cargo, email_usuario) values (95, 'Emmalee', '$2a$04$ejclfM0XhHKZXs13fTCgoufrP46QbI3ZeVgMWyrry2JGwQ7rmjL7m', '2015-11-11', 'Bickers', '1949-10-28', 18, 89, 'ebickers2m@ft.com');
insert into Usuarios (id_usuario, nombre_usuario, contrasena_usuario, fecha_creacion, apellido_usuario, fecha_nacimiento_usuario, id_cine, id_cargo, email_usuario) values (96, 'Karry', '$2a$04$sTgAlrgEwik01PgZ6q3zW.DZTlsld.WbaLU4P.UzhS644fRPKQRWS', '2020-01-31', 'Brabant', '2022-09-01', 99, 74, 'kbrabant2n@weebly.com');
insert into Usuarios (id_usuario, nombre_usuario, contrasena_usuario, fecha_creacion, apellido_usuario, fecha_nacimiento_usuario, id_cine, id_cargo, email_usuario) values (97, 'Joni', '$2a$04$MD2N2kN99juTwVV6EaG1TeAmQpaxFpSL21L4tMF.YXTH9LFSP6QxS', '2013-03-21', 'Girard', '1941-06-14', 39, 43, 'jgirard2o@sciencedaily.com');
insert into Usuarios (id_usuario, nombre_usuario, contrasena_usuario, fecha_creacion, apellido_usuario, fecha_nacimiento_usuario, id_cine, id_cargo, email_usuario) values (98, 'Mari', '$2a$04$FPdlTfVlL6s4ScKUv4gCXOxXj3w9GFjdrfpK/RKdasReJQ9ZoA2e.', '2014-09-20', 'Fairpo', '1955-12-01', 84, 93, 'mfairpo2p@devhub.com');
insert into Usuarios (id_usuario, nombre_usuario, contrasena_usuario, fecha_creacion, apellido_usuario, fecha_nacimiento_usuario, id_cine, id_cargo, email_usuario) values (99, 'Austin', '$2a$04$JRhJquwmIxQGS5LFabgF3O9nqEGCJ5ep/IVVZxdsUF5pDjZ2Iabea', '2011-02-07', 'Borchardt', '1965-05-20', 44, 88, 'aborchardt2q@flickr.com');
insert into Usuarios (id_usuario, nombre_usuario, contrasena_usuario, fecha_creacion, apellido_usuario, fecha_nacimiento_usuario, id_cine, id_cargo, email_usuario) values (100, 'Almeria', '$2a$04$FmybWd9L57k/PUFgmANicerG7oDXNeidWx7hGls8ClPEKBuZi.2HK', '2019-04-07', 'Clines', '1941-02-11', 97, 47, 'aclines2r@nbcnews.com');

insert into Reservaciones (id_reservacion, id_funcion, id_usuario, cantidad_boletas, fecha_reserva) values (1, 66, 14, 45, '2025-10-04');
insert into Reservaciones (id_reservacion, id_funcion, id_usuario, cantidad_boletas, fecha_reserva) values (2, 45, 14, 28, '2026-02-07');
insert into Reservaciones (id_reservacion, id_funcion, id_usuario, cantidad_boletas, fecha_reserva) values (3, 8, 80, 46, '2025-11-28');
insert into Reservaciones (id_reservacion, id_funcion, id_usuario, cantidad_boletas, fecha_reserva) values (4, 12, 66, 44, '2026-05-10');
insert into Reservaciones (id_reservacion, id_funcion, id_usuario, cantidad_boletas, fecha_reserva) values (5, 94, 76, 39, '2026-03-22');
insert into Reservaciones (id_reservacion, id_funcion, id_usuario, cantidad_boletas, fecha_reserva) values (6, 64, 95, 45, '2024-10-14');
insert into Reservaciones (id_reservacion, id_funcion, id_usuario, cantidad_boletas, fecha_reserva) values (7, 86, 87, 40, '2025-11-03');
insert into Reservaciones (id_reservacion, id_funcion, id_usuario, cantidad_boletas, fecha_reserva) values (8, 30, 28, 21, '2026-06-12');
insert into Reservaciones (id_reservacion, id_funcion, id_usuario, cantidad_boletas, fecha_reserva) values (9, 75, 83, 36, '2026-02-25');
insert into Reservaciones (id_reservacion, id_funcion, id_usuario, cantidad_boletas, fecha_reserva) values (10, 65, 32, 6, '2025-05-27');
insert into Reservaciones (id_reservacion, id_funcion, id_usuario, cantidad_boletas, fecha_reserva) values (11, 45, 52, 13, '2026-02-05');
insert into Reservaciones (id_reservacion, id_funcion, id_usuario, cantidad_boletas, fecha_reserva) values (12, 93, 26, 37, '2026-02-26');
insert into Reservaciones (id_reservacion, id_funcion, id_usuario, cantidad_boletas, fecha_reserva) values (13, 2, 69, 16, '2025-08-31');
insert into Reservaciones (id_reservacion, id_funcion, id_usuario, cantidad_boletas, fecha_reserva) values (14, 95, 40, 44, '2024-10-23');
insert into Reservaciones (id_reservacion, id_funcion, id_usuario, cantidad_boletas, fecha_reserva) values (15, 37, 37, 32, '2025-01-21');
insert into Reservaciones (id_reservacion, id_funcion, id_usuario, cantidad_boletas, fecha_reserva) values (16, 3, 55, 49, '2025-11-29');
insert into Reservaciones (id_reservacion, id_funcion, id_usuario, cantidad_boletas, fecha_reserva) values (17, 65, 22, 40, '2025-05-15');
insert into Reservaciones (id_reservacion, id_funcion, id_usuario, cantidad_boletas, fecha_reserva) values (18, 7, 89, 43, '2026-08-19');
insert into Reservaciones (id_reservacion, id_funcion, id_usuario, cantidad_boletas, fecha_reserva) values (19, 14, 7, 13, '2025-03-07');
insert into Reservaciones (id_reservacion, id_funcion, id_usuario, cantidad_boletas, fecha_reserva) values (20, 10, 9, 10, '2024-11-03');
insert into Reservaciones (id_reservacion, id_funcion, id_usuario, cantidad_boletas, fecha_reserva) values (21, 34, 97, 25, '2025-01-08');
insert into Reservaciones (id_reservacion, id_funcion, id_usuario, cantidad_boletas, fecha_reserva) values (22, 9, 45, 2, '2025-05-06');
insert into Reservaciones (id_reservacion, id_funcion, id_usuario, cantidad_boletas, fecha_reserva) values (23, 80, 93, 19, '2026-06-14');
insert into Reservaciones (id_reservacion, id_funcion, id_usuario, cantidad_boletas, fecha_reserva) values (24, 84, 68, 36, '2025-08-02');
insert into Reservaciones (id_reservacion, id_funcion, id_usuario, cantidad_boletas, fecha_reserva) values (25, 46, 34, 14, '2026-03-28');
insert into Reservaciones (id_reservacion, id_funcion, id_usuario, cantidad_boletas, fecha_reserva) values (26, 22, 63, 22, '2026-01-09');
insert into Reservaciones (id_reservacion, id_funcion, id_usuario, cantidad_boletas, fecha_reserva) values (27, 92, 29, 41, '2025-09-27');
insert into Reservaciones (id_reservacion, id_funcion, id_usuario, cantidad_boletas, fecha_reserva) values (28, 76, 32, 37, '2025-02-11');
insert into Reservaciones (id_reservacion, id_funcion, id_usuario, cantidad_boletas, fecha_reserva) values (29, 40, 93, 2, '2026-04-05');
insert into Reservaciones (id_reservacion, id_funcion, id_usuario, cantidad_boletas, fecha_reserva) values (30, 40, 37, 32, '2025-08-09');
insert into Reservaciones (id_reservacion, id_funcion, id_usuario, cantidad_boletas, fecha_reserva) values (31, 20, 43, 14, '2026-03-16');
insert into Reservaciones (id_reservacion, id_funcion, id_usuario, cantidad_boletas, fecha_reserva) values (32, 54, 93, 23, '2024-09-21');
insert into Reservaciones (id_reservacion, id_funcion, id_usuario, cantidad_boletas, fecha_reserva) values (33, 65, 85, 24, '2025-03-13');
insert into Reservaciones (id_reservacion, id_funcion, id_usuario, cantidad_boletas, fecha_reserva) values (34, 94, 29, 43, '2026-02-16');
insert into Reservaciones (id_reservacion, id_funcion, id_usuario, cantidad_boletas, fecha_reserva) values (35, 71, 27, 14, '2025-11-03');
insert into Reservaciones (id_reservacion, id_funcion, id_usuario, cantidad_boletas, fecha_reserva) values (36, 78, 33, 31, '2025-10-10');
insert into Reservaciones (id_reservacion, id_funcion, id_usuario, cantidad_boletas, fecha_reserva) values (37, 6, 15, 20, '2025-08-23');
insert into Reservaciones (id_reservacion, id_funcion, id_usuario, cantidad_boletas, fecha_reserva) values (38, 45, 75, 19, '2024-11-09');
insert into Reservaciones (id_reservacion, id_funcion, id_usuario, cantidad_boletas, fecha_reserva) values (39, 93, 30, 46, '2025-11-07');
insert into Reservaciones (id_reservacion, id_funcion, id_usuario, cantidad_boletas, fecha_reserva) values (40, 94, 39, 27, '2026-07-31');
insert into Reservaciones (id_reservacion, id_funcion, id_usuario, cantidad_boletas, fecha_reserva) values (41, 22, 10, 6, '2025-09-06');
insert into Reservaciones (id_reservacion, id_funcion, id_usuario, cantidad_boletas, fecha_reserva) values (42, 70, 11, 42, '2025-05-25');
insert into Reservaciones (id_reservacion, id_funcion, id_usuario, cantidad_boletas, fecha_reserva) values (43, 43, 84, 42, '2026-06-16');
insert into Reservaciones (id_reservacion, id_funcion, id_usuario, cantidad_boletas, fecha_reserva) values (44, 85, 99, 13, '2025-08-13');
insert into Reservaciones (id_reservacion, id_funcion, id_usuario, cantidad_boletas, fecha_reserva) values (45, 59, 33, 43, '2026-02-14');
insert into Reservaciones (id_reservacion, id_funcion, id_usuario, cantidad_boletas, fecha_reserva) values (46, 18, 28, 21, '2025-03-20');
insert into Reservaciones (id_reservacion, id_funcion, id_usuario, cantidad_boletas, fecha_reserva) values (47, 6, 88, 44, '2025-03-21');
insert into Reservaciones (id_reservacion, id_funcion, id_usuario, cantidad_boletas, fecha_reserva) values (48, 87, 11, 46, '2025-09-29');
insert into Reservaciones (id_reservacion, id_funcion, id_usuario, cantidad_boletas, fecha_reserva) values (49, 59, 70, 46, '2025-12-01');
insert into Reservaciones (id_reservacion, id_funcion, id_usuario, cantidad_boletas, fecha_reserva) values (50, 6, 93, 31, '2025-05-09');
insert into Reservaciones (id_reservacion, id_funcion, id_usuario, cantidad_boletas, fecha_reserva) values (51, 9, 80, 20, '2026-01-28');
insert into Reservaciones (id_reservacion, id_funcion, id_usuario, cantidad_boletas, fecha_reserva) values (52, 44, 94, 45, '2025-05-01');
insert into Reservaciones (id_reservacion, id_funcion, id_usuario, cantidad_boletas, fecha_reserva) values (53, 51, 23, 37, '2025-10-12');
insert into Reservaciones (id_reservacion, id_funcion, id_usuario, cantidad_boletas, fecha_reserva) values (54, 32, 95, 4, '2026-06-01');
insert into Reservaciones (id_reservacion, id_funcion, id_usuario, cantidad_boletas, fecha_reserva) values (55, 4, 4, 8, '2025-06-08');
insert into Reservaciones (id_reservacion, id_funcion, id_usuario, cantidad_boletas, fecha_reserva) values (56, 1, 76, 11, '2025-07-24');
insert into Reservaciones (id_reservacion, id_funcion, id_usuario, cantidad_boletas, fecha_reserva) values (57, 16, 71, 36, '2026-08-06');
insert into Reservaciones (id_reservacion, id_funcion, id_usuario, cantidad_boletas, fecha_reserva) values (58, 2, 12, 46, '2025-06-17');
insert into Reservaciones (id_reservacion, id_funcion, id_usuario, cantidad_boletas, fecha_reserva) values (59, 29, 25, 34, '2024-11-23');
insert into Reservaciones (id_reservacion, id_funcion, id_usuario, cantidad_boletas, fecha_reserva) values (60, 67, 84, 41, '2026-02-06');
insert into Reservaciones (id_reservacion, id_funcion, id_usuario, cantidad_boletas, fecha_reserva) values (61, 68, 63, 31, '2025-02-09');
insert into Reservaciones (id_reservacion, id_funcion, id_usuario, cantidad_boletas, fecha_reserva) values (62, 62, 27, 2, '2025-05-01');
insert into Reservaciones (id_reservacion, id_funcion, id_usuario, cantidad_boletas, fecha_reserva) values (63, 37, 19, 47, '2024-10-22');
insert into Reservaciones (id_reservacion, id_funcion, id_usuario, cantidad_boletas, fecha_reserva) values (64, 47, 51, 12, '2025-03-07');
insert into Reservaciones (id_reservacion, id_funcion, id_usuario, cantidad_boletas, fecha_reserva) values (65, 17, 72, 16, '2025-10-16');
insert into Reservaciones (id_reservacion, id_funcion, id_usuario, cantidad_boletas, fecha_reserva) values (66, 29, 35, 26, '2026-01-24');
insert into Reservaciones (id_reservacion, id_funcion, id_usuario, cantidad_boletas, fecha_reserva) values (67, 92, 71, 5, '2026-04-05');
insert into Reservaciones (id_reservacion, id_funcion, id_usuario, cantidad_boletas, fecha_reserva) values (68, 16, 74, 25, '2024-11-03');
insert into Reservaciones (id_reservacion, id_funcion, id_usuario, cantidad_boletas, fecha_reserva) values (69, 24, 62, 17, '2025-09-19');
insert into Reservaciones (id_reservacion, id_funcion, id_usuario, cantidad_boletas, fecha_reserva) values (70, 53, 30, 46, '2026-08-19');
insert into Reservaciones (id_reservacion, id_funcion, id_usuario, cantidad_boletas, fecha_reserva) values (71, 10, 45, 4, '2025-09-11');
insert into Reservaciones (id_reservacion, id_funcion, id_usuario, cantidad_boletas, fecha_reserva) values (72, 4, 73, 19, '2026-03-04');
insert into Reservaciones (id_reservacion, id_funcion, id_usuario, cantidad_boletas, fecha_reserva) values (73, 36, 29, 5, '2025-01-12');
insert into Reservaciones (id_reservacion, id_funcion, id_usuario, cantidad_boletas, fecha_reserva) values (74, 41, 73, 9, '2026-07-11');
insert into Reservaciones (id_reservacion, id_funcion, id_usuario, cantidad_boletas, fecha_reserva) values (75, 69, 9, 4, '2025-08-11');
insert into Reservaciones (id_reservacion, id_funcion, id_usuario, cantidad_boletas, fecha_reserva) values (76, 53, 57, 13, '2025-11-01');
insert into Reservaciones (id_reservacion, id_funcion, id_usuario, cantidad_boletas, fecha_reserva) values (77, 2, 91, 26, '2025-03-23');
insert into Reservaciones (id_reservacion, id_funcion, id_usuario, cantidad_boletas, fecha_reserva) values (78, 47, 20, 42, '2026-01-30');
insert into Reservaciones (id_reservacion, id_funcion, id_usuario, cantidad_boletas, fecha_reserva) values (79, 8, 70, 49, '2024-09-30');
insert into Reservaciones (id_reservacion, id_funcion, id_usuario, cantidad_boletas, fecha_reserva) values (80, 24, 42, 25, '2025-09-09');
insert into Reservaciones (id_reservacion, id_funcion, id_usuario, cantidad_boletas, fecha_reserva) values (81, 92, 20, 38, '2025-04-18');
insert into Reservaciones (id_reservacion, id_funcion, id_usuario, cantidad_boletas, fecha_reserva) values (82, 4, 45, 20, '2026-04-01');
insert into Reservaciones (id_reservacion, id_funcion, id_usuario, cantidad_boletas, fecha_reserva) values (83, 38, 53, 20, '2026-04-18');
insert into Reservaciones (id_reservacion, id_funcion, id_usuario, cantidad_boletas, fecha_reserva) values (84, 32, 53, 39, '2025-12-01');
insert into Reservaciones (id_reservacion, id_funcion, id_usuario, cantidad_boletas, fecha_reserva) values (85, 10, 86, 40, '2026-09-02');
insert into Reservaciones (id_reservacion, id_funcion, id_usuario, cantidad_boletas, fecha_reserva) values (86, 74, 29, 4, '2026-01-04');
insert into Reservaciones (id_reservacion, id_funcion, id_usuario, cantidad_boletas, fecha_reserva) values (87, 43, 65, 45, '2026-04-06');
insert into Reservaciones (id_reservacion, id_funcion, id_usuario, cantidad_boletas, fecha_reserva) values (88, 53, 58, 6, '2026-05-04');
insert into Reservaciones (id_reservacion, id_funcion, id_usuario, cantidad_boletas, fecha_reserva) values (89, 87, 67, 28, '2025-10-02');
insert into Reservaciones (id_reservacion, id_funcion, id_usuario, cantidad_boletas, fecha_reserva) values (90, 73, 3, 31, '2025-07-20');
insert into Reservaciones (id_reservacion, id_funcion, id_usuario, cantidad_boletas, fecha_reserva) values (91, 40, 27, 50, '2025-10-01');
insert into Reservaciones (id_reservacion, id_funcion, id_usuario, cantidad_boletas, fecha_reserva) values (92, 72, 65, 14, '2025-02-01');
insert into Reservaciones (id_reservacion, id_funcion, id_usuario, cantidad_boletas, fecha_reserva) values (93, 14, 8, 50, '2025-05-11');
insert into Reservaciones (id_reservacion, id_funcion, id_usuario, cantidad_boletas, fecha_reserva) values (94, 51, 67, 27, '2025-12-28');
insert into Reservaciones (id_reservacion, id_funcion, id_usuario, cantidad_boletas, fecha_reserva) values (95, 51, 48, 9, '2025-09-07');
insert into Reservaciones (id_reservacion, id_funcion, id_usuario, cantidad_boletas, fecha_reserva) values (96, 1, 52, 31, '2025-11-15');
insert into Reservaciones (id_reservacion, id_funcion, id_usuario, cantidad_boletas, fecha_reserva) values (97, 95, 7, 26, '2026-06-12');
insert into Reservaciones (id_reservacion, id_funcion, id_usuario, cantidad_boletas, fecha_reserva) values (98, 10, 86, 26, '2024-11-03');
insert into Reservaciones (id_reservacion, id_funcion, id_usuario, cantidad_boletas, fecha_reserva) values (99, 26, 100, 37, '2025-08-12');
insert into Reservaciones (id_reservacion, id_funcion, id_usuario, cantidad_boletas, fecha_reserva) values (100, 97, 1, 32, '2025-04-15');


insert into Sillas (id_silla, id_sala, nombre_silla) values (1, 70, 'silla 1');
insert into Sillas (id_silla, id_sala, nombre_silla) values (2, 48, 'silla 2');
insert into Sillas (id_silla, id_sala, nombre_silla) values (3, 8, 'silla 3');
insert into Sillas (id_silla, id_sala, nombre_silla) values (4, 37, 'silla 4');
insert into Sillas (id_silla, id_sala, nombre_silla) values (5, 52, 'silla 5');
insert into Sillas (id_silla, id_sala, nombre_silla) values (6, 3, 'silla 6');
insert into Sillas (id_silla, id_sala, nombre_silla) values (7, 41, 'silla 7');
insert into Sillas (id_silla, id_sala, nombre_silla) values (8, 78, 'silla 8');
insert into Sillas (id_silla, id_sala, nombre_silla) values (9, 79, 'silla 9');
insert into Sillas (id_silla, id_sala, nombre_silla) values (10, 94, 'silla 10');
insert into Sillas (id_silla, id_sala, nombre_silla) values (11, 41, 'silla 11');
insert into Sillas (id_silla, id_sala, nombre_silla) values (12, 89, 'silla 12');
insert into Sillas (id_silla, id_sala, nombre_silla) values (13, 95, 'silla 13');
insert into Sillas (id_silla, id_sala, nombre_silla) values (14, 42, 'silla 14');
insert into Sillas (id_silla, id_sala, nombre_silla) values (15, 40, 'silla 15');
insert into Sillas (id_silla, id_sala, nombre_silla) values (16, 98, 'silla 16');
insert into Sillas (id_silla, id_sala, nombre_silla) values (17, 25, 'silla 17');
insert into Sillas (id_silla, id_sala, nombre_silla) values (18, 88, 'silla 18');
insert into Sillas (id_silla, id_sala, nombre_silla) values (19, 8, 'silla 19');
insert into Sillas (id_silla, id_sala, nombre_silla) values (20, 86, 'silla 20');
insert into Sillas (id_silla, id_sala, nombre_silla) values (21, 41, 'silla 21');
insert into Sillas (id_silla, id_sala, nombre_silla) values (22, 8, 'silla 22');
insert into Sillas (id_silla, id_sala, nombre_silla) values (23, 25, 'silla 23');
insert into Sillas (id_silla, id_sala, nombre_silla) values (24, 10, 'silla 24');
insert into Sillas (id_silla, id_sala, nombre_silla) values (25, 50, 'silla 25');
insert into Sillas (id_silla, id_sala, nombre_silla) values (26, 94, 'silla 26');
insert into Sillas (id_silla, id_sala, nombre_silla) values (27, 38, 'silla 27');
insert into Sillas (id_silla, id_sala, nombre_silla) values (28, 92, 'silla 28');
insert into Sillas (id_silla, id_sala, nombre_silla) values (29, 98, 'silla 29');
insert into Sillas (id_silla, id_sala, nombre_silla) values (30, 69, 'silla 30');
insert into Sillas (id_silla, id_sala, nombre_silla) values (31, 40, 'silla 31');
insert into Sillas (id_silla, id_sala, nombre_silla) values (32, 18, 'silla 32');
insert into Sillas (id_silla, id_sala, nombre_silla) values (33, 19, 'silla 33');
insert into Sillas (id_silla, id_sala, nombre_silla) values (34, 69, 'silla 34');
insert into Sillas (id_silla, id_sala, nombre_silla) values (35, 26, 'silla 35');
insert into Sillas (id_silla, id_sala, nombre_silla) values (36, 86, 'silla 36');
insert into Sillas (id_silla, id_sala, nombre_silla) values (37, 83, 'silla 37');
insert into Sillas (id_silla, id_sala, nombre_silla) values (38, 32, 'silla 38');
insert into Sillas (id_silla, id_sala, nombre_silla) values (39, 39, 'silla 39');
insert into Sillas (id_silla, id_sala, nombre_silla) values (40, 41, 'silla 40');
insert into Sillas (id_silla, id_sala, nombre_silla) values (41, 12, 'silla 41');
insert into Sillas (id_silla, id_sala, nombre_silla) values (42, 6, 'silla 42');
insert into Sillas (id_silla, id_sala, nombre_silla) values (43, 89, 'silla 43');
insert into Sillas (id_silla, id_sala, nombre_silla) values (44, 61, 'silla 44');
insert into Sillas (id_silla, id_sala, nombre_silla) values (45, 75, 'silla 45');
insert into Sillas (id_silla, id_sala, nombre_silla) values (46, 70, 'silla 46');
insert into Sillas (id_silla, id_sala, nombre_silla) values (47, 100, 'silla 47');
insert into Sillas (id_silla, id_sala, nombre_silla) values (48, 38, 'silla 48');
insert into Sillas (id_silla, id_sala, nombre_silla) values (49, 20, 'silla 49');
insert into Sillas (id_silla, id_sala, nombre_silla) values (50, 16, 'silla 50');
insert into Sillas (id_silla, id_sala, nombre_silla) values (51, 31, 'silla 51');
insert into Sillas (id_silla, id_sala, nombre_silla) values (52, 95, 'silla 52');
insert into Sillas (id_silla, id_sala, nombre_silla) values (53, 79, 'silla 53');
insert into Sillas (id_silla, id_sala, nombre_silla) values (54, 55, 'silla 54');
insert into Sillas (id_silla, id_sala, nombre_silla) values (55, 21, 'silla 55');
insert into Sillas (id_silla, id_sala, nombre_silla) values (56, 26, 'silla 56');
insert into Sillas (id_silla, id_sala, nombre_silla) values (57, 49, 'silla 57');
insert into Sillas (id_silla, id_sala, nombre_silla) values (58, 6, 'silla 58');
insert into Sillas (id_silla, id_sala, nombre_silla) values (59, 21, 'silla 59');
insert into Sillas (id_silla, id_sala, nombre_silla) values (60, 71, 'silla 60');
insert into Sillas (id_silla, id_sala, nombre_silla) values (61, 8, 'silla 61');
insert into Sillas (id_silla, id_sala, nombre_silla) values (62, 1, 'silla 62');
insert into Sillas (id_silla, id_sala, nombre_silla) values (63, 21, 'silla 63');
insert into Sillas (id_silla, id_sala, nombre_silla) values (64, 57, 'silla 64');
insert into Sillas (id_silla, id_sala, nombre_silla) values (65, 4, 'silla 65');
insert into Sillas (id_silla, id_sala, nombre_silla) values (66, 21, 'silla 66');
insert into Sillas (id_silla, id_sala, nombre_silla) values (67, 6, 'silla 67');
insert into Sillas (id_silla, id_sala, nombre_silla) values (68, 68, 'silla 68');
insert into Sillas (id_silla, id_sala, nombre_silla) values (69, 18, 'silla 69');
insert into Sillas (id_silla, id_sala, nombre_silla) values (70, 83, 'silla 70');
insert into Sillas (id_silla, id_sala, nombre_silla) values (71, 2, 'silla 71');
insert into Sillas (id_silla, id_sala, nombre_silla) values (72, 63, 'silla 72');
insert into Sillas (id_silla, id_sala, nombre_silla) values (73, 71, 'silla 73');
insert into Sillas (id_silla, id_sala, nombre_silla) values (74, 30, 'silla 74');
insert into Sillas (id_silla, id_sala, nombre_silla) values (75, 87, 'silla 75');
insert into Sillas (id_silla, id_sala, nombre_silla) values (76, 89, 'silla 76');
insert into Sillas (id_silla, id_sala, nombre_silla) values (77, 39, 'silla 77');
insert into Sillas (id_silla, id_sala, nombre_silla) values (78, 98, 'silla 78');
insert into Sillas (id_silla, id_sala, nombre_silla) values (79, 26, 'silla 79');
insert into Sillas (id_silla, id_sala, nombre_silla) values (80, 73, 'silla 80');
insert into Sillas (id_silla, id_sala, nombre_silla) values (81, 61, 'silla 81');
insert into Sillas (id_silla, id_sala, nombre_silla) values (82, 46, 'silla 82');
insert into Sillas (id_silla, id_sala, nombre_silla) values (83, 65, 'silla 83');
insert into Sillas (id_silla, id_sala, nombre_silla) values (84, 16, 'silla 84');
insert into Sillas (id_silla, id_sala, nombre_silla) values (85, 54, 'silla 85');
insert into Sillas (id_silla, id_sala, nombre_silla) values (86, 96, 'silla 86');
insert into Sillas (id_silla, id_sala, nombre_silla) values (87, 3, 'silla 87');
insert into Sillas (id_silla, id_sala, nombre_silla) values (88, 56, 'silla 88');
insert into Sillas (id_silla, id_sala, nombre_silla) values (89, 36, 'silla 89');
insert into Sillas (id_silla, id_sala, nombre_silla) values (90, 11, 'silla 90');
insert into Sillas (id_silla, id_sala, nombre_silla) values (91, 74, 'silla 91');
insert into Sillas (id_silla, id_sala, nombre_silla) values (92, 81, 'silla 92');
insert into Sillas (id_silla, id_sala, nombre_silla) values (93, 31, 'silla 93');
insert into Sillas (id_silla, id_sala, nombre_silla) values (94, 83, 'silla 94');
insert into Sillas (id_silla, id_sala, nombre_silla) values (95, 73, 'silla 95');
insert into Sillas (id_silla, id_sala, nombre_silla) values (96, 74, 'silla 96');
insert into Sillas (id_silla, id_sala, nombre_silla) values (97, 62, 'silla 97');
insert into Sillas (id_silla, id_sala, nombre_silla) values (98, 90, 'silla 98');
insert into Sillas (id_silla, id_sala, nombre_silla) values (99, 35, 'silla 99');
insert into Sillas (id_silla, id_sala, nombre_silla) values (100, 8, 'silla 100');

insert into Sillas_reservadas (id_silla_reservada, id_reservacion, id_silla) values (1, 28, 24);
insert into Sillas_reservadas (id_silla_reservada, id_reservacion, id_silla) values (2, 87, 90);
insert into Sillas_reservadas (id_silla_reservada, id_reservacion, id_silla) values (3, 43, 75);
insert into Sillas_reservadas (id_silla_reservada, id_reservacion, id_silla) values (4, 74, 73);
insert into Sillas_reservadas (id_silla_reservada, id_reservacion, id_silla) values (5, 79, 85);
insert into Sillas_reservadas (id_silla_reservada, id_reservacion, id_silla) values (6, 47, 52);
insert into Sillas_reservadas (id_silla_reservada, id_reservacion, id_silla) values (7, 38, 72);
insert into Sillas_reservadas (id_silla_reservada, id_reservacion, id_silla) values (8, 37, 1);
insert into Sillas_reservadas (id_silla_reservada, id_reservacion, id_silla) values (9, 82, 2);
insert into Sillas_reservadas (id_silla_reservada, id_reservacion, id_silla) values (10, 80, 5);
insert into Sillas_reservadas (id_silla_reservada, id_reservacion, id_silla) values (11, 52, 9);
insert into Sillas_reservadas (id_silla_reservada, id_reservacion, id_silla) values (12, 99, 92);
insert into Sillas_reservadas (id_silla_reservada, id_reservacion, id_silla) values (13, 63, 26);
insert into Sillas_reservadas (id_silla_reservada, id_reservacion, id_silla) values (14, 83, 63);
insert into Sillas_reservadas (id_silla_reservada, id_reservacion, id_silla) values (15, 23, 26);
insert into Sillas_reservadas (id_silla_reservada, id_reservacion, id_silla) values (16, 36, 96);
insert into Sillas_reservadas (id_silla_reservada, id_reservacion, id_silla) values (17, 33, 14);
insert into Sillas_reservadas (id_silla_reservada, id_reservacion, id_silla) values (18, 80, 46);
insert into Sillas_reservadas (id_silla_reservada, id_reservacion, id_silla) values (19, 39, 82);
insert into Sillas_reservadas (id_silla_reservada, id_reservacion, id_silla) values (20, 43, 79);
insert into Sillas_reservadas (id_silla_reservada, id_reservacion, id_silla) values (21, 9, 29);
insert into Sillas_reservadas (id_silla_reservada, id_reservacion, id_silla) values (22, 16, 64);
insert into Sillas_reservadas (id_silla_reservada, id_reservacion, id_silla) values (23, 85, 19);
insert into Sillas_reservadas (id_silla_reservada, id_reservacion, id_silla) values (24, 25, 3);
insert into Sillas_reservadas (id_silla_reservada, id_reservacion, id_silla) values (25, 24, 1);
insert into Sillas_reservadas (id_silla_reservada, id_reservacion, id_silla) values (26, 24, 23);
insert into Sillas_reservadas (id_silla_reservada, id_reservacion, id_silla) values (27, 82, 87);
insert into Sillas_reservadas (id_silla_reservada, id_reservacion, id_silla) values (28, 94, 38);
insert into Sillas_reservadas (id_silla_reservada, id_reservacion, id_silla) values (29, 81, 69);
insert into Sillas_reservadas (id_silla_reservada, id_reservacion, id_silla) values (30, 22, 16);
insert into Sillas_reservadas (id_silla_reservada, id_reservacion, id_silla) values (31, 76, 86);
insert into Sillas_reservadas (id_silla_reservada, id_reservacion, id_silla) values (32, 57, 73);
insert into Sillas_reservadas (id_silla_reservada, id_reservacion, id_silla) values (33, 9, 99);
insert into Sillas_reservadas (id_silla_reservada, id_reservacion, id_silla) values (34, 51, 35);
insert into Sillas_reservadas (id_silla_reservada, id_reservacion, id_silla) values (35, 36, 81);
insert into Sillas_reservadas (id_silla_reservada, id_reservacion, id_silla) values (36, 56, 1);
insert into Sillas_reservadas (id_silla_reservada, id_reservacion, id_silla) values (37, 9, 41);
insert into Sillas_reservadas (id_silla_reservada, id_reservacion, id_silla) values (38, 23, 53);
insert into Sillas_reservadas (id_silla_reservada, id_reservacion, id_silla) values (39, 94, 12);
insert into Sillas_reservadas (id_silla_reservada, id_reservacion, id_silla) values (40, 89, 54);
insert into Sillas_reservadas (id_silla_reservada, id_reservacion, id_silla) values (41, 74, 37);
insert into Sillas_reservadas (id_silla_reservada, id_reservacion, id_silla) values (42, 26, 82);
insert into Sillas_reservadas (id_silla_reservada, id_reservacion, id_silla) values (43, 24, 54);
insert into Sillas_reservadas (id_silla_reservada, id_reservacion, id_silla) values (44, 31, 54);
insert into Sillas_reservadas (id_silla_reservada, id_reservacion, id_silla) values (45, 22, 21);
insert into Sillas_reservadas (id_silla_reservada, id_reservacion, id_silla) values (46, 10, 57);
insert into Sillas_reservadas (id_silla_reservada, id_reservacion, id_silla) values (47, 1, 35);
insert into Sillas_reservadas (id_silla_reservada, id_reservacion, id_silla) values (48, 87, 27);
insert into Sillas_reservadas (id_silla_reservada, id_reservacion, id_silla) values (49, 54, 49);
insert into Sillas_reservadas (id_silla_reservada, id_reservacion, id_silla) values (50, 34, 6);
insert into Sillas_reservadas (id_silla_reservada, id_reservacion, id_silla) values (51, 86, 16);
insert into Sillas_reservadas (id_silla_reservada, id_reservacion, id_silla) values (52, 72, 81);
insert into Sillas_reservadas (id_silla_reservada, id_reservacion, id_silla) values (53, 82, 72);
insert into Sillas_reservadas (id_silla_reservada, id_reservacion, id_silla) values (54, 62, 87);
insert into Sillas_reservadas (id_silla_reservada, id_reservacion, id_silla) values (55, 63, 32);
insert into Sillas_reservadas (id_silla_reservada, id_reservacion, id_silla) values (56, 65, 42);
insert into Sillas_reservadas (id_silla_reservada, id_reservacion, id_silla) values (57, 35, 63);
insert into Sillas_reservadas (id_silla_reservada, id_reservacion, id_silla) values (58, 22, 58);
insert into Sillas_reservadas (id_silla_reservada, id_reservacion, id_silla) values (59, 58, 46);
insert into Sillas_reservadas (id_silla_reservada, id_reservacion, id_silla) values (60, 42, 3);
insert into Sillas_reservadas (id_silla_reservada, id_reservacion, id_silla) values (61, 85, 57);
insert into Sillas_reservadas (id_silla_reservada, id_reservacion, id_silla) values (62, 68, 97);
insert into Sillas_reservadas (id_silla_reservada, id_reservacion, id_silla) values (63, 17, 94);
insert into Sillas_reservadas (id_silla_reservada, id_reservacion, id_silla) values (64, 8, 10);
insert into Sillas_reservadas (id_silla_reservada, id_reservacion, id_silla) values (65, 6, 41);
insert into Sillas_reservadas (id_silla_reservada, id_reservacion, id_silla) values (66, 85, 56);
insert into Sillas_reservadas (id_silla_reservada, id_reservacion, id_silla) values (67, 43, 1);
insert into Sillas_reservadas (id_silla_reservada, id_reservacion, id_silla) values (68, 82, 32);
insert into Sillas_reservadas (id_silla_reservada, id_reservacion, id_silla) values (69, 81, 6);
insert into Sillas_reservadas (id_silla_reservada, id_reservacion, id_silla) values (70, 39, 27);
insert into Sillas_reservadas (id_silla_reservada, id_reservacion, id_silla) values (71, 99, 43);
insert into Sillas_reservadas (id_silla_reservada, id_reservacion, id_silla) values (72, 1, 18);
insert into Sillas_reservadas (id_silla_reservada, id_reservacion, id_silla) values (73, 63, 51);
insert into Sillas_reservadas (id_silla_reservada, id_reservacion, id_silla) values (74, 67, 73);
insert into Sillas_reservadas (id_silla_reservada, id_reservacion, id_silla) values (75, 81, 35);
insert into Sillas_reservadas (id_silla_reservada, id_reservacion, id_silla) values (76, 65, 87);
insert into Sillas_reservadas (id_silla_reservada, id_reservacion, id_silla) values (77, 91, 7);
insert into Sillas_reservadas (id_silla_reservada, id_reservacion, id_silla) values (78, 91, 72);
insert into Sillas_reservadas (id_silla_reservada, id_reservacion, id_silla) values (79, 64, 72);
insert into Sillas_reservadas (id_silla_reservada, id_reservacion, id_silla) values (80, 40, 14);
insert into Sillas_reservadas (id_silla_reservada, id_reservacion, id_silla) values (81, 37, 16);
insert into Sillas_reservadas (id_silla_reservada, id_reservacion, id_silla) values (82, 95, 33);
insert into Sillas_reservadas (id_silla_reservada, id_reservacion, id_silla) values (83, 81, 68);
insert into Sillas_reservadas (id_silla_reservada, id_reservacion, id_silla) values (84, 96, 23);
insert into Sillas_reservadas (id_silla_reservada, id_reservacion, id_silla) values (85, 50, 84);
insert into Sillas_reservadas (id_silla_reservada, id_reservacion, id_silla) values (86, 58, 38);
insert into Sillas_reservadas (id_silla_reservada, id_reservacion, id_silla) values (87, 49, 92);
insert into Sillas_reservadas (id_silla_reservada, id_reservacion, id_silla) values (88, 74, 60);
insert into Sillas_reservadas (id_silla_reservada, id_reservacion, id_silla) values (89, 66, 67);
insert into Sillas_reservadas (id_silla_reservada, id_reservacion, id_silla) values (90, 45, 38);
insert into Sillas_reservadas (id_silla_reservada, id_reservacion, id_silla) values (91, 85, 66);
insert into Sillas_reservadas (id_silla_reservada, id_reservacion, id_silla) values (92, 69, 58);
insert into Sillas_reservadas (id_silla_reservada, id_reservacion, id_silla) values (93, 25, 29);
insert into Sillas_reservadas (id_silla_reservada, id_reservacion, id_silla) values (94, 3, 33);
insert into Sillas_reservadas (id_silla_reservada, id_reservacion, id_silla) values (95, 38, 7);
insert into Sillas_reservadas (id_silla_reservada, id_reservacion, id_silla) values (96, 39, 54);
insert into Sillas_reservadas (id_silla_reservada, id_reservacion, id_silla) values (97, 72, 88);
insert into Sillas_reservadas (id_silla_reservada, id_reservacion, id_silla) values (98, 28, 41);
insert into Sillas_reservadas (id_silla_reservada, id_reservacion, id_silla) values (99, 53, 50);
insert into Sillas_reservadas (id_silla_reservada, id_reservacion, id_silla) values (100, 49, 53);

insert into Metodos_de_pago (id_metodo_pago, nombre_pago, descripcion_pago) values (1, 'maestro', 'Alteration of Female Perineum with Nonaut Sub, Perc Approach');
insert into Metodos_de_pago (id_metodo_pago, nombre_pago, descripcion_pago) values (2, 'jcb', 'Restriction of Splenic Artery, Percutaneous Approach');
insert into Metodos_de_pago (id_metodo_pago, nombre_pago, descripcion_pago) values (3, 'jcb', 'Dilate L Ext Carotid, Bifurc, w 2 Intralum Dev, Perc');
insert into Metodos_de_pago (id_metodo_pago, nombre_pago, descripcion_pago) values (4, 'mastercard', 'Occlusion of Pancreat Duct with Intralum Dev, Open Approach');
insert into Metodos_de_pago (id_metodo_pago, nombre_pago, descripcion_pago) values (5, 'diners-club-carte-blanche', 'Range of Motion and Joint Integrity Assessment of Neuro Body');
insert into Metodos_de_pago (id_metodo_pago, nombre_pago, descripcion_pago) values (6, 'jcb', 'Introduce Embr Stem Cell in Cran Cav/Brain, Open');
insert into Metodos_de_pago (id_metodo_pago, nombre_pago, descripcion_pago) values (7, 'diners-club-enroute', 'Drainage of Left Colic Artery, Perc Endo Approach');
insert into Metodos_de_pago (id_metodo_pago, nombre_pago, descripcion_pago) values (8, 'americanexpress', 'Dilate L Axilla Art w 4+ Intralum Dev, Perc Endo');
insert into Metodos_de_pago (id_metodo_pago, nombre_pago, descripcion_pago) values (9, 'diners-club-carte-blanche', 'Revision of Autol Sub in Neck, Perc Endo Approach');
insert into Metodos_de_pago (id_metodo_pago, nombre_pago, descripcion_pago) values (10, 'visa', 'Excision of Head Neck Symp Nrv, Perc Endo Approach, Diagn');
insert into Metodos_de_pago (id_metodo_pago, nombre_pago, descripcion_pago) values (11, 'jcb', 'Reposition Left Wrist Joint, Open Approach');
insert into Metodos_de_pago (id_metodo_pago, nombre_pago, descripcion_pago) values (12, 'switch', 'Supplement Left Neck Muscle with Synth Sub, Open Approach');
insert into Metodos_de_pago (id_metodo_pago, nombre_pago, descripcion_pago) values (13, 'instapayment', 'Fusion Occip Jt w Synth Sub, Post Appr P Col, Perc Endo');
insert into Metodos_de_pago (id_metodo_pago, nombre_pago, descripcion_pago) values (14, 'china-unionpay', 'Bypass L Subclav Vein to Up Vein w Synth Sub, Open');
insert into Metodos_de_pago (id_metodo_pago, nombre_pago, descripcion_pago) values (15, 'jcb', 'Dilate of R Post Tib Art with 4+ Intralum Dev, Open Approach');
insert into Metodos_de_pago (id_metodo_pago, nombre_pago, descripcion_pago) values (16, 'laser', 'Insert of Intralum Dev into L Ulnar Art, Perc Endo Approach');
insert into Metodos_de_pago (id_metodo_pago, nombre_pago, descripcion_pago) values (17, 'jcb', 'Division of Right Rib, Percutaneous Endoscopic Approach');
insert into Metodos_de_pago (id_metodo_pago, nombre_pago, descripcion_pago) values (18, 'jcb', 'Replacement of L Atrium with Synth Sub, Perc Endo Approach');
insert into Metodos_de_pago (id_metodo_pago, nombre_pago, descripcion_pago) values (19, 'jcb', 'Replacement of Hyoid Bone with Nonaut Sub, Perc Approach');
insert into Metodos_de_pago (id_metodo_pago, nombre_pago, descripcion_pago) values (20, 'maestro', 'Revision of Drainage Device in R Up Extrem, Open Approach');
insert into Metodos_de_pago (id_metodo_pago, nombre_pago, descripcion_pago) values (21, 'jcb', 'Removal of Int Fix from L Humeral Shaft, Extern Approach');
insert into Metodos_de_pago (id_metodo_pago, nombre_pago, descripcion_pago) values (22, 'diners-club-carte-blanche', 'Bypass Stomach to Transverse Colon with Synth Sub, Endo');
insert into Metodos_de_pago (id_metodo_pago, nombre_pago, descripcion_pago) values (23, 'jcb', 'Removal of Autol Sub from Nasal Bone, Perc Endo Approach');
insert into Metodos_de_pago (id_metodo_pago, nombre_pago, descripcion_pago) values (24, 'diners-club-carte-blanche', 'Supplement Left Finger Phalanx with Autol Sub, Perc Approach');
insert into Metodos_de_pago (id_metodo_pago, nombre_pago, descripcion_pago) values (25, 'visa', 'Excision of Left Upper Lobe Bronchus, Perc Endo Approach');
insert into Metodos_de_pago (id_metodo_pago, nombre_pago, descripcion_pago) values (26, 'diners-club-enroute', 'Bypass L Subclav Art to R Up Leg Art w Autol Vn, Open');
insert into Metodos_de_pago (id_metodo_pago, nombre_pago, descripcion_pago) values (27, 'visa-electron', 'Reposition Right Breast, Open Approach');
insert into Metodos_de_pago (id_metodo_pago, nombre_pago, descripcion_pago) values (28, 'maestro', 'Dilate 4+ Cor Art, Bifurc, w 3 Drug-elut, Perc');
insert into Metodos_de_pago (id_metodo_pago, nombre_pago, descripcion_pago) values (29, 'jcb', 'CT Scan of Bi Kidney using H Osm Contrast');
insert into Metodos_de_pago (id_metodo_pago, nombre_pago, descripcion_pago) values (30, 'americanexpress', 'Insertion of Infusion Dev into R Basilic Vein, Perc Approach');
insert into Metodos_de_pago (id_metodo_pago, nombre_pago, descripcion_pago) values (31, 'jcb', 'Insertion of Other Device into R Axilla, Perc Endo Approach');
insert into Metodos_de_pago (id_metodo_pago, nombre_pago, descripcion_pago) values (32, 'jcb', 'Bypass Jejunum to Jejunum with Nonaut Sub, Endo');
insert into Metodos_de_pago (id_metodo_pago, nombre_pago, descripcion_pago) values (33, 'jcb', 'Ultrasonography of Portal and Splanchnic Veins, Guidance');
insert into Metodos_de_pago (id_metodo_pago, nombre_pago, descripcion_pago) values (34, 'jcb', 'Replacement of Finger Nail with Synth Sub, Extern Approach');
insert into Metodos_de_pago (id_metodo_pago, nombre_pago, descripcion_pago) values (35, 'jcb', 'Release Right Lower Arm and Wrist Tendon, Open Approach');
insert into Metodos_de_pago (id_metodo_pago, nombre_pago, descripcion_pago) values (36, 'switch', 'Plain Radiography of R Hand/Finger Jt using H Osm Contrast');
insert into Metodos_de_pago (id_metodo_pago, nombre_pago, descripcion_pago) values (37, 'mastercard', 'Bypass L Femor Vein to Low Vein w Autol Sub, Perc Endo');
insert into Metodos_de_pago (id_metodo_pago, nombre_pago, descripcion_pago) values (38, 'jcb', 'Excision of Urethra, External Approach, Diagnostic');
insert into Metodos_de_pago (id_metodo_pago, nombre_pago, descripcion_pago) values (39, 'mastercard', 'Removal of Autol Sub from L Metacarpal, Perc Approach');
insert into Metodos_de_pago (id_metodo_pago, nombre_pago, descripcion_pago) values (40, 'visa-electron', 'Extirpation of Matter from Anus, Percutaneous Approach');
insert into Metodos_de_pago (id_metodo_pago, nombre_pago, descripcion_pago) values (41, 'jcb', 'Bypass R Com Iliac Art to R Ext Ilia w Autol Art, Open');
insert into Metodos_de_pago (id_metodo_pago, nombre_pago, descripcion_pago) values (42, 'mastercard', 'Revision of Autol Sub in Diaphragm, Open Approach');
insert into Metodos_de_pago (id_metodo_pago, nombre_pago, descripcion_pago) values (43, 'jcb', 'Bypass R Axilla Art to R Up Arm Art w Nonaut Sub, Open');
insert into Metodos_de_pago (id_metodo_pago, nombre_pago, descripcion_pago) values (44, 'jcb', 'Dilate L Ext Iliac Art w Drug-elut Intra, Perc Endo');
insert into Metodos_de_pago (id_metodo_pago, nombre_pago, descripcion_pago) values (45, 'jcb', 'Drainage of Lower Artery, Percutaneous Approach');
insert into Metodos_de_pago (id_metodo_pago, nombre_pago, descripcion_pago) values (46, 'jcb', 'Replace R Low Arm & Wrist Tendon w Synth Sub, Perc Endo');
insert into Metodos_de_pago (id_metodo_pago, nombre_pago, descripcion_pago) values (47, 'jcb', 'Repair Left Tarsal Joint, Open Approach');
insert into Metodos_de_pago (id_metodo_pago, nombre_pago, descripcion_pago) values (48, 'switch', 'Inspection of Left Metacarpocarpal Joint, Open Approach');
insert into Metodos_de_pago (id_metodo_pago, nombre_pago, descripcion_pago) values (49, 'jcb', 'Lower Veins, Repair');
insert into Metodos_de_pago (id_metodo_pago, nombre_pago, descripcion_pago) values (50, 'switch', 'Drainage of Bladder, Percutaneous Approach, Diagnostic');
insert into Metodos_de_pago (id_metodo_pago, nombre_pago, descripcion_pago) values (51, 'visa-electron', 'Bypass Ileum to Anus with Synth Sub, Perc Endo Approach');
insert into Metodos_de_pago (id_metodo_pago, nombre_pago, descripcion_pago) values (52, 'mastercard', 'Excision of Right Inner Ear, Open Approach');
insert into Metodos_de_pago (id_metodo_pago, nombre_pago, descripcion_pago) values (53, 'jcb', 'Excision of Right Nipple, Via Natural or Artificial Opening');
insert into Metodos_de_pago (id_metodo_pago, nombre_pago, descripcion_pago) values (54, 'switch', 'Bypass R Int Iliac Art to R Int Ilia, Open Approach');
insert into Metodos_de_pago (id_metodo_pago, nombre_pago, descripcion_pago) values (55, 'mastercard', 'Introduction of Other Anti-infective into Upper GI, Endo');
insert into Metodos_de_pago (id_metodo_pago, nombre_pago, descripcion_pago) values (56, 'americanexpress', 'Insertion of Ring Ext Fix into L Femur Shaft, Perc Approach');
insert into Metodos_de_pago (id_metodo_pago, nombre_pago, descripcion_pago) values (57, 'jcb', 'Resection of Pancreas, Percutaneous Endoscopic Approach');
insert into Metodos_de_pago (id_metodo_pago, nombre_pago, descripcion_pago) values (58, 'jcb', 'Inspection of Peripheral Nerve, Percutaneous Approach');
insert into Metodos_de_pago (id_metodo_pago, nombre_pago, descripcion_pago) values (59, 'jcb', 'Reattachment of Genitalia Skin, External Approach');
insert into Metodos_de_pago (id_metodo_pago, nombre_pago, descripcion_pago) values (60, 'visa', 'Extirpation of Matter from L Lg Intest, Perc Approach');
insert into Metodos_de_pago (id_metodo_pago, nombre_pago, descripcion_pago) values (61, 'diners-club-enroute', 'Removal of Ext Fix from R Metatarsal, Extern Approach');
insert into Metodos_de_pago (id_metodo_pago, nombre_pago, descripcion_pago) values (62, 'jcb', 'Revision of Int Fix in L Metacarpophal Jt, Perc Approach');
insert into Metodos_de_pago (id_metodo_pago, nombre_pago, descripcion_pago) values (63, 'jcb', 'Nuclear Medicine, Central Nervous Sys, Tomo Nucl Med Imag');
insert into Metodos_de_pago (id_metodo_pago, nombre_pago, descripcion_pago) values (64, 'solo', 'Release Left Lower Arm and Wrist Muscle, Perc Endo Approach');
insert into Metodos_de_pago (id_metodo_pago, nombre_pago, descripcion_pago) values (65, 'switch', 'Excision of Left Zygomatic Bone, Percutaneous Approach');
insert into Metodos_de_pago (id_metodo_pago, nombre_pago, descripcion_pago) values (66, 'jcb', 'Drainage of Right Thyroid Gland Lobe, Perc Endo Approach');
insert into Metodos_de_pago (id_metodo_pago, nombre_pago, descripcion_pago) values (67, 'jcb', 'Replacement of Left Ulna with Autol Sub, Open Approach');
insert into Metodos_de_pago (id_metodo_pago, nombre_pago, descripcion_pago) values (68, 'jcb', 'Supplement L Hand Subcu/Fascia w Synth Sub, Open');
insert into Metodos_de_pago (id_metodo_pago, nombre_pago, descripcion_pago) values (69, 'diners-club-international', 'Excision of Neck, Stoma, External Approach');
insert into Metodos_de_pago (id_metodo_pago, nombre_pago, descripcion_pago) values (70, 'jcb', 'Dilation of Esophagus, Percutaneous Approach');
insert into Metodos_de_pago (id_metodo_pago, nombre_pago, descripcion_pago) values (71, 'china-unionpay', 'Destruction of Right Brachial Vein, Percutaneous Approach');
insert into Metodos_de_pago (id_metodo_pago, nombre_pago, descripcion_pago) values (72, 'maestro', 'Occlusion R Ant Tib Art w Extralum Dev, Perc Endo');
insert into Metodos_de_pago (id_metodo_pago, nombre_pago, descripcion_pago) values (73, 'jcb', 'Excision of Right Lower Leg Muscle, Open Approach');
insert into Metodos_de_pago (id_metodo_pago, nombre_pago, descripcion_pago) values (74, 'jcb', 'Fusion Occip Jt w Nonaut Sub, Ant Appr A Col, Perc Endo');
insert into Metodos_de_pago (id_metodo_pago, nombre_pago, descripcion_pago) values (75, 'bankcard', 'LDR Brachytherapy of R Breast using Palladium 103');
insert into Metodos_de_pago (id_metodo_pago, nombre_pago, descripcion_pago) values (76, 'jcb', 'Upper Joints, Release');
insert into Metodos_de_pago (id_metodo_pago, nombre_pago, descripcion_pago) values (77, 'americanexpress', 'Destruction of Sacral Plexus, Percutaneous Approach');
insert into Metodos_de_pago (id_metodo_pago, nombre_pago, descripcion_pago) values (78, 'jcb', 'Drainage of Bilateral Breast, External Approach, Diagnostic');
insert into Metodos_de_pago (id_metodo_pago, nombre_pago, descripcion_pago) values (79, 'laser', 'Bypass Ileum to Cutaneous, Open Approach');
insert into Metodos_de_pago (id_metodo_pago, nombre_pago, descripcion_pago) values (80, 'mastercard', 'Measurement of Respiratory Volume, External Approach');
insert into Metodos_de_pago (id_metodo_pago, nombre_pago, descripcion_pago) values (81, 'jcb', 'Introduction of Liquid Brachy into Periton Cav, Via Opening');
insert into Metodos_de_pago (id_metodo_pago, nombre_pago, descripcion_pago) values (82, 'maestro', 'Revision of Nonaut Sub in Nasal Bone, Open Approach');
insert into Metodos_de_pago (id_metodo_pago, nombre_pago, descripcion_pago) values (83, 'mastercard', 'Dilation of R Com Carotid with 2 Intralum Dev, Open Approach');
insert into Metodos_de_pago (id_metodo_pago, nombre_pago, descripcion_pago) values (84, 'jcb', 'Drainage of Left Middle Ear, Open Approach, Diagnostic');
insert into Metodos_de_pago (id_metodo_pago, nombre_pago, descripcion_pago) values (85, 'diners-club-international', 'Replace of Inf Vena Cava with Synth Sub, Perc Endo Approach');
insert into Metodos_de_pago (id_metodo_pago, nombre_pago, descripcion_pago) values (86, 'jcb', 'Drainage of Left Hip Muscle with Drain Dev, Perc Approach');
insert into Metodos_de_pago (id_metodo_pago, nombre_pago, descripcion_pago) values (87, 'jcb', 'Transfer Optic Nerve to Vagus Nerve, Perc Endo Approach');
insert into Metodos_de_pago (id_metodo_pago, nombre_pago, descripcion_pago) values (88, 'jcb', 'Release Right Pleura, Percutaneous Approach');
insert into Metodos_de_pago (id_metodo_pago, nombre_pago, descripcion_pago) values (89, 'jcb', 'Excision of Left Brachial Vein, Percutaneous Approach, Diagn');
insert into Metodos_de_pago (id_metodo_pago, nombre_pago, descripcion_pago) values (90, 'jcb', 'Bypass R Verteb Vein to Up Vein w Autol Vn, Perc Endo');
insert into Metodos_de_pago (id_metodo_pago, nombre_pago, descripcion_pago) values (91, 'jcb', 'Bypass Bladder to Colocutaneous, Perc Endo Approach');
insert into Metodos_de_pago (id_metodo_pago, nombre_pago, descripcion_pago) values (92, 'switch', 'Excision of Accessory Sinus, Perc Endo Approach');
insert into Metodos_de_pago (id_metodo_pago, nombre_pago, descripcion_pago) values (93, 'jcb', 'Insertion of Radioact Elem into R Elbow, Perc Endo Approach');
insert into Metodos_de_pago (id_metodo_pago, nombre_pago, descripcion_pago) values (94, 'jcb', 'Removal of Autol Sub from Kidney, Open Approach');
insert into Metodos_de_pago (id_metodo_pago, nombre_pago, descripcion_pago) values (95, 'diners-club-enroute', 'Release Perineum Subcu/Fascia, Open Approach');
insert into Metodos_de_pago (id_metodo_pago, nombre_pago, descripcion_pago) values (96, 'diners-club-carte-blanche', 'Division of Left Acetabulum, Percutaneous Approach');
insert into Metodos_de_pago (id_metodo_pago, nombre_pago, descripcion_pago) values (97, 'jcb', 'Restrict of Sup Mesent Art with Extralum Dev, Open Approach');
insert into Metodos_de_pago (id_metodo_pago, nombre_pago, descripcion_pago) values (98, 'jcb', 'Alteration of R Up Arm with Autol Sub, Perc Endo Approach');
insert into Metodos_de_pago (id_metodo_pago, nombre_pago, descripcion_pago) values (99, 'americanexpress', 'Reposition Left Patella with Ext Fix, Perc Approach');
insert into Metodos_de_pago (id_metodo_pago, nombre_pago, descripcion_pago) values (100, 'jcb', 'Supplement R Up Leg Muscle w Synth Sub, Perc Endo');

insert into Pagos (id_pago, id_reserva, id_metodo_pago, fecha_pago, valor_pago) values (1, 99, 7, '2024-02-17', 27.37);
insert into Pagos (id_pago, id_reserva, id_metodo_pago, fecha_pago, valor_pago) values (2, 2, 79, '2024-02-04', 52.42);
insert into Pagos (id_pago, id_reserva, id_metodo_pago, fecha_pago, valor_pago) values (3, 23, 40, '2024-02-01', 41.64);
insert into Pagos (id_pago, id_reserva, id_metodo_pago, fecha_pago, valor_pago) values (4, 81, 15, '2023-09-27', 92.46);
insert into Pagos (id_pago, id_reserva, id_metodo_pago, fecha_pago, valor_pago) values (5, 48, 21, '2023-10-18', 2.1);
insert into Pagos (id_pago, id_reserva, id_metodo_pago, fecha_pago, valor_pago) values (6, 19, 61, '2023-10-11', 74.12);
insert into Pagos (id_pago, id_reserva, id_metodo_pago, fecha_pago, valor_pago) values (7, 70, 66, '2023-12-04', 70.66);
insert into Pagos (id_pago, id_reserva, id_metodo_pago, fecha_pago, valor_pago) values (8, 28, 93, '2023-09-15', 20.01);
insert into Pagos (id_pago, id_reserva, id_metodo_pago, fecha_pago, valor_pago) values (9, 40, 27, '2024-03-15', 37.56);
insert into Pagos (id_pago, id_reserva, id_metodo_pago, fecha_pago, valor_pago) values (10, 65, 81, '2024-03-11', 64.84);
insert into Pagos (id_pago, id_reserva, id_metodo_pago, fecha_pago, valor_pago) values (11, 37, 52, '2024-06-29', 54.38);
insert into Pagos (id_pago, id_reserva, id_metodo_pago, fecha_pago, valor_pago) values (12, 64, 60, '2024-02-26', 26.95);
insert into Pagos (id_pago, id_reserva, id_metodo_pago, fecha_pago, valor_pago) values (13, 10, 86, '2023-09-23', 34.21);
insert into Pagos (id_pago, id_reserva, id_metodo_pago, fecha_pago, valor_pago) values (14, 74, 7, '2024-06-11', 50.78);
insert into Pagos (id_pago, id_reserva, id_metodo_pago, fecha_pago, valor_pago) values (15, 40, 56, '2024-07-21', 66.31);
insert into Pagos (id_pago, id_reserva, id_metodo_pago, fecha_pago, valor_pago) values (16, 89, 95, '2023-12-28', 83.55);
insert into Pagos (id_pago, id_reserva, id_metodo_pago, fecha_pago, valor_pago) values (17, 70, 53, '2024-03-08', 84.48);
insert into Pagos (id_pago, id_reserva, id_metodo_pago, fecha_pago, valor_pago) values (18, 40, 27, '2023-12-20', 22.28);
insert into Pagos (id_pago, id_reserva, id_metodo_pago, fecha_pago, valor_pago) values (19, 14, 26, '2024-06-13', 60.69);
insert into Pagos (id_pago, id_reserva, id_metodo_pago, fecha_pago, valor_pago) values (20, 94, 23, '2024-06-09', 92.37);
insert into Pagos (id_pago, id_reserva, id_metodo_pago, fecha_pago, valor_pago) values (21, 96, 55, '2023-09-16', 22.18);
insert into Pagos (id_pago, id_reserva, id_metodo_pago, fecha_pago, valor_pago) values (22, 61, 57, '2023-12-04', 88.93);
insert into Pagos (id_pago, id_reserva, id_metodo_pago, fecha_pago, valor_pago) values (23, 75, 47, '2024-09-13', 19.65);
insert into Pagos (id_pago, id_reserva, id_metodo_pago, fecha_pago, valor_pago) values (24, 51, 47, '2024-01-06', 96.64);
insert into Pagos (id_pago, id_reserva, id_metodo_pago, fecha_pago, valor_pago) values (25, 54, 48, '2024-01-23', 83.53);
insert into Pagos (id_pago, id_reserva, id_metodo_pago, fecha_pago, valor_pago) values (26, 38, 63, '2024-01-21', 96.67);
insert into Pagos (id_pago, id_reserva, id_metodo_pago, fecha_pago, valor_pago) values (27, 72, 96, '2024-07-03', 60.45);
insert into Pagos (id_pago, id_reserva, id_metodo_pago, fecha_pago, valor_pago) values (28, 26, 13, '2024-08-01', 44.56);
insert into Pagos (id_pago, id_reserva, id_metodo_pago, fecha_pago, valor_pago) values (29, 28, 1, '2024-02-28', 54.19);
insert into Pagos (id_pago, id_reserva, id_metodo_pago, fecha_pago, valor_pago) values (30, 44, 92, '2024-06-09', 35.2);
insert into Pagos (id_pago, id_reserva, id_metodo_pago, fecha_pago, valor_pago) values (31, 67, 62, '2024-07-12', 93.42);
insert into Pagos (id_pago, id_reserva, id_metodo_pago, fecha_pago, valor_pago) values (32, 55, 48, '2023-12-19', 6.41);
insert into Pagos (id_pago, id_reserva, id_metodo_pago, fecha_pago, valor_pago) values (33, 80, 93, '2024-02-12', 44.08);
insert into Pagos (id_pago, id_reserva, id_metodo_pago, fecha_pago, valor_pago) values (34, 12, 88, '2024-06-23', 92.23);
insert into Pagos (id_pago, id_reserva, id_metodo_pago, fecha_pago, valor_pago) values (35, 11, 34, '2024-06-04', 28.16);
insert into Pagos (id_pago, id_reserva, id_metodo_pago, fecha_pago, valor_pago) values (36, 75, 28, '2023-11-05', 9.32);
insert into Pagos (id_pago, id_reserva, id_metodo_pago, fecha_pago, valor_pago) values (37, 33, 85, '2024-05-21', 89.93);
insert into Pagos (id_pago, id_reserva, id_metodo_pago, fecha_pago, valor_pago) values (38, 74, 46, '2024-08-02', 40.24);
insert into Pagos (id_pago, id_reserva, id_metodo_pago, fecha_pago, valor_pago) values (39, 85, 10, '2024-03-11', 91.87);
insert into Pagos (id_pago, id_reserva, id_metodo_pago, fecha_pago, valor_pago) values (40, 89, 67, '2023-10-02', 15.34);
insert into Pagos (id_pago, id_reserva, id_metodo_pago, fecha_pago, valor_pago) values (41, 100, 75, '2024-01-28', 49.95);
insert into Pagos (id_pago, id_reserva, id_metodo_pago, fecha_pago, valor_pago) values (42, 81, 96, '2023-10-20', 41.35);
insert into Pagos (id_pago, id_reserva, id_metodo_pago, fecha_pago, valor_pago) values (43, 53, 8, '2023-11-17', 24.69);
insert into Pagos (id_pago, id_reserva, id_metodo_pago, fecha_pago, valor_pago) values (44, 84, 42, '2024-06-28', 83.58);
insert into Pagos (id_pago, id_reserva, id_metodo_pago, fecha_pago, valor_pago) values (45, 65, 41, '2023-11-25', 8.27);
insert into Pagos (id_pago, id_reserva, id_metodo_pago, fecha_pago, valor_pago) values (46, 31, 5, '2023-12-09', 50.07);
insert into Pagos (id_pago, id_reserva, id_metodo_pago, fecha_pago, valor_pago) values (47, 61, 16, '2024-07-23', 61.66);
insert into Pagos (id_pago, id_reserva, id_metodo_pago, fecha_pago, valor_pago) values (48, 84, 94, '2024-02-18', 16.99);
insert into Pagos (id_pago, id_reserva, id_metodo_pago, fecha_pago, valor_pago) values (49, 78, 36, '2024-05-13', 98.94);
insert into Pagos (id_pago, id_reserva, id_metodo_pago, fecha_pago, valor_pago) values (50, 40, 82, '2024-05-23', 9.33);
insert into Pagos (id_pago, id_reserva, id_metodo_pago, fecha_pago, valor_pago) values (51, 56, 58, '2024-06-09', 65.45);
insert into Pagos (id_pago, id_reserva, id_metodo_pago, fecha_pago, valor_pago) values (52, 57, 72, '2024-03-23', 6.98);
insert into Pagos (id_pago, id_reserva, id_metodo_pago, fecha_pago, valor_pago) values (53, 23, 52, '2024-08-11', 7.33);
insert into Pagos (id_pago, id_reserva, id_metodo_pago, fecha_pago, valor_pago) values (54, 33, 99, '2024-01-16', 79.81);
insert into Pagos (id_pago, id_reserva, id_metodo_pago, fecha_pago, valor_pago) values (55, 21, 20, '2024-01-11', 23.23);
insert into Pagos (id_pago, id_reserva, id_metodo_pago, fecha_pago, valor_pago) values (56, 74, 47, '2023-09-19', 66.4);
insert into Pagos (id_pago, id_reserva, id_metodo_pago, fecha_pago, valor_pago) values (57, 25, 99, '2023-11-13', 91.78);
insert into Pagos (id_pago, id_reserva, id_metodo_pago, fecha_pago, valor_pago) values (58, 40, 18, '2024-08-01', 70.76);
insert into Pagos (id_pago, id_reserva, id_metodo_pago, fecha_pago, valor_pago) values (59, 22, 63, '2023-11-22', 58.98);
insert into Pagos (id_pago, id_reserva, id_metodo_pago, fecha_pago, valor_pago) values (60, 14, 61, '2024-04-03', 81.12);
insert into Pagos (id_pago, id_reserva, id_metodo_pago, fecha_pago, valor_pago) values (61, 56, 44, '2023-12-24', 69.56);
insert into Pagos (id_pago, id_reserva, id_metodo_pago, fecha_pago, valor_pago) values (62, 79, 64, '2024-07-02', 39.84);
insert into Pagos (id_pago, id_reserva, id_metodo_pago, fecha_pago, valor_pago) values (63, 91, 84, '2024-05-12', 60.0);
insert into Pagos (id_pago, id_reserva, id_metodo_pago, fecha_pago, valor_pago) values (64, 50, 100, '2023-09-25', 34.94);
insert into Pagos (id_pago, id_reserva, id_metodo_pago, fecha_pago, valor_pago) values (65, 50, 5, '2024-05-13', 52.58);
insert into Pagos (id_pago, id_reserva, id_metodo_pago, fecha_pago, valor_pago) values (66, 83, 48, '2024-04-11', 11.59);
insert into Pagos (id_pago, id_reserva, id_metodo_pago, fecha_pago, valor_pago) values (67, 100, 75, '2024-04-09', 68.62);
insert into Pagos (id_pago, id_reserva, id_metodo_pago, fecha_pago, valor_pago) values (68, 19, 27, '2024-03-02', 69.04);
insert into Pagos (id_pago, id_reserva, id_metodo_pago, fecha_pago, valor_pago) values (69, 47, 78, '2024-04-24', 37.05);
insert into Pagos (id_pago, id_reserva, id_metodo_pago, fecha_pago, valor_pago) values (70, 30, 92, '2024-08-03', 34.87);
insert into Pagos (id_pago, id_reserva, id_metodo_pago, fecha_pago, valor_pago) values (71, 91, 32, '2024-03-07', 49.19);
insert into Pagos (id_pago, id_reserva, id_metodo_pago, fecha_pago, valor_pago) values (72, 25, 47, '2024-07-20', 74.94);
insert into Pagos (id_pago, id_reserva, id_metodo_pago, fecha_pago, valor_pago) values (73, 79, 48, '2023-12-02', 86.66);
insert into Pagos (id_pago, id_reserva, id_metodo_pago, fecha_pago, valor_pago) values (74, 35, 55, '2024-04-14', 50.76);
insert into Pagos (id_pago, id_reserva, id_metodo_pago, fecha_pago, valor_pago) values (75, 4, 32, '2024-03-01', 86.18);
insert into Pagos (id_pago, id_reserva, id_metodo_pago, fecha_pago, valor_pago) values (76, 40, 79, '2023-09-14', 44.86);
insert into Pagos (id_pago, id_reserva, id_metodo_pago, fecha_pago, valor_pago) values (77, 29, 41, '2024-08-01', 57.31);
insert into Pagos (id_pago, id_reserva, id_metodo_pago, fecha_pago, valor_pago) values (78, 86, 19, '2024-01-15', 25.64);
insert into Pagos (id_pago, id_reserva, id_metodo_pago, fecha_pago, valor_pago) values (79, 88, 59, '2023-12-26', 64.18);
insert into Pagos (id_pago, id_reserva, id_metodo_pago, fecha_pago, valor_pago) values (80, 36, 26, '2024-01-15', 79.92);
insert into Pagos (id_pago, id_reserva, id_metodo_pago, fecha_pago, valor_pago) values (81, 2, 11, '2023-12-20', 85.75);
insert into Pagos (id_pago, id_reserva, id_metodo_pago, fecha_pago, valor_pago) values (82, 67, 49, '2024-05-04', 64.08);
insert into Pagos (id_pago, id_reserva, id_metodo_pago, fecha_pago, valor_pago) values (83, 90, 53, '2024-05-31', 39.66);
insert into Pagos (id_pago, id_reserva, id_metodo_pago, fecha_pago, valor_pago) values (84, 52, 18, '2024-05-27', 76.51);
insert into Pagos (id_pago, id_reserva, id_metodo_pago, fecha_pago, valor_pago) values (85, 50, 79, '2024-08-18', 14.58);
insert into Pagos (id_pago, id_reserva, id_metodo_pago, fecha_pago, valor_pago) values (86, 52, 48, '2024-07-06', 71.26);
insert into Pagos (id_pago, id_reserva, id_metodo_pago, fecha_pago, valor_pago) values (87, 87, 54, '2024-03-11', 74.11);
insert into Pagos (id_pago, id_reserva, id_metodo_pago, fecha_pago, valor_pago) values (88, 50, 37, '2024-06-21', 33.79);
insert into Pagos (id_pago, id_reserva, id_metodo_pago, fecha_pago, valor_pago) values (89, 69, 61, '2023-09-24', 29.46);
insert into Pagos (id_pago, id_reserva, id_metodo_pago, fecha_pago, valor_pago) values (90, 39, 95, '2023-12-26', 19.34);
insert into Pagos (id_pago, id_reserva, id_metodo_pago, fecha_pago, valor_pago) values (91, 33, 56, '2024-07-07', 72.14);
insert into Pagos (id_pago, id_reserva, id_metodo_pago, fecha_pago, valor_pago) values (92, 39, 91, '2023-11-11', 12.32);
insert into Pagos (id_pago, id_reserva, id_metodo_pago, fecha_pago, valor_pago) values (93, 98, 82, '2024-02-18', 94.27);
insert into Pagos (id_pago, id_reserva, id_metodo_pago, fecha_pago, valor_pago) values (94, 69, 58, '2023-10-13', 19.53);
insert into Pagos (id_pago, id_reserva, id_metodo_pago, fecha_pago, valor_pago) values (95, 90, 93, '2024-08-11', 54.02);
insert into Pagos (id_pago, id_reserva, id_metodo_pago, fecha_pago, valor_pago) values (96, 56, 44, '2024-07-24', 67.94);
insert into Pagos (id_pago, id_reserva, id_metodo_pago, fecha_pago, valor_pago) values (97, 13, 93, '2024-06-22', 61.65);
insert into Pagos (id_pago, id_reserva, id_metodo_pago, fecha_pago, valor_pago) values (98, 85, 28, '2024-08-04', 86.37);
insert into Pagos (id_pago, id_reserva, id_metodo_pago, fecha_pago, valor_pago) values (99, 57, 56, '2024-07-28', 85.49);
insert into Pagos (id_pago, id_reserva, id_metodo_pago, fecha_pago, valor_pago) values (100, 1, 66, '2024-05-10', 64.22);

insert into Comidas (id_comida, nombre_comida) values (1, 'Doilies - 7, Paper');
insert into Comidas (id_comida, nombre_comida) values (2, 'Juice - Tomato, 48 Oz');
insert into Comidas (id_comida, nombre_comida) values (3, 'Chocolate - Liqueur Cups With Foil');
insert into Comidas (id_comida, nombre_comida) values (4, 'Cookie Trail Mix');
insert into Comidas (id_comida, nombre_comida) values (5, 'Extract - Almond');
insert into Comidas (id_comida, nombre_comida) values (6, 'Liners - Banana, Paper');
insert into Comidas (id_comida, nombre_comida) values (7, 'Hinge W Undercut');
insert into Comidas (id_comida, nombre_comida) values (8, 'Daves Island Stinger');
insert into Comidas (id_comida, nombre_comida) values (9, 'Soupcontfoam16oz 116con');
insert into Comidas (id_comida, nombre_comida) values (10, 'Mushroom - Trumpet, Dry');
insert into Comidas (id_comida, nombre_comida) values (11, 'Bagelers');
insert into Comidas (id_comida, nombre_comida) values (12, 'Bread - Crusty Italian Poly');
insert into Comidas (id_comida, nombre_comida) values (13, 'Potatoes - Parissienne');
insert into Comidas (id_comida, nombre_comida) values (14, 'Irish Cream - Baileys');
insert into Comidas (id_comida, nombre_comida) values (15, 'Dc - Frozen Momji');
insert into Comidas (id_comida, nombre_comida) values (16, 'Cleaner - Lime Away');
insert into Comidas (id_comida, nombre_comida) values (17, 'Pumpkin - Seed');
insert into Comidas (id_comida, nombre_comida) values (18, 'Sauce - Ranch Dressing');
insert into Comidas (id_comida, nombre_comida) values (19, 'Mushrooms - Black, Dried');
insert into Comidas (id_comida, nombre_comida) values (20, 'Soap - Hand Soap');
insert into Comidas (id_comida, nombre_comida) values (21, 'Tea - Decaf 1 Cup');
insert into Comidas (id_comida, nombre_comida) values (22, 'Beef Tenderloin Aaa');
insert into Comidas (id_comida, nombre_comida) values (23, 'Soup Campbells Turkey Veg.');
insert into Comidas (id_comida, nombre_comida) values (24, 'Pear - Packum');
insert into Comidas (id_comida, nombre_comida) values (25, 'Rice - Sushi');
insert into Comidas (id_comida, nombre_comida) values (26, 'Cup - 8oz Coffee Perforated');
insert into Comidas (id_comida, nombre_comida) values (27, 'Gelatine Leaves - Bulk');
insert into Comidas (id_comida, nombre_comida) values (28, 'Turkey - Breast, Smoked');
insert into Comidas (id_comida, nombre_comida) values (29, 'Trout - Rainbow, Frozen');
insert into Comidas (id_comida, nombre_comida) values (30, 'Soup - Verve - Chipotle Chicken');
insert into Comidas (id_comida, nombre_comida) values (31, 'French Pastries');
insert into Comidas (id_comida, nombre_comida) values (32, 'Wine - Prem Select Charddonany');
insert into Comidas (id_comida, nombre_comida) values (33, 'Lotus Leaves');
insert into Comidas (id_comida, nombre_comida) values (34, 'Carbonated Water - Lemon Lime');
insert into Comidas (id_comida, nombre_comida) values (35, 'Chevere Logs');
insert into Comidas (id_comida, nombre_comida) values (36, 'Lobster - Base');
insert into Comidas (id_comida, nombre_comida) values (37, 'Shrimp - 100 / 200 Cold Water');
insert into Comidas (id_comida, nombre_comida) values (38, 'Shrimp - Baby, Cold Water');
insert into Comidas (id_comida, nombre_comida) values (39, 'Coffee - French Vanilla Frothy');
insert into Comidas (id_comida, nombre_comida) values (40, 'Gelatine Leaves - Envelopes');
insert into Comidas (id_comida, nombre_comida) values (41, 'Nut - Cashews, Whole, Raw');
insert into Comidas (id_comida, nombre_comida) values (42, 'Sole - Iqf');
insert into Comidas (id_comida, nombre_comida) values (43, 'Wine - Segura Viudas Aria Brut');
insert into Comidas (id_comida, nombre_comida) values (44, 'Gingerale - Diet - Schweppes');
insert into Comidas (id_comida, nombre_comida) values (45, 'Fennel - Seeds');
insert into Comidas (id_comida, nombre_comida) values (46, 'Ice Cream - Fudge Bars');
insert into Comidas (id_comida, nombre_comida) values (47, 'Wine - Gato Negro Cabernet');
insert into Comidas (id_comida, nombre_comida) values (48, 'Coffee - Beans, Whole');
insert into Comidas (id_comida, nombre_comida) values (49, 'Wine - Mondavi Coastal Private');
insert into Comidas (id_comida, nombre_comida) values (50, 'Chick Peas - Canned');
insert into Comidas (id_comida, nombre_comida) values (51, 'Cookies Oatmeal Raisin');
insert into Comidas (id_comida, nombre_comida) values (52, 'Tuna - Bluefin');
insert into Comidas (id_comida, nombre_comida) values (53, 'Pastry - French Mini Assorted');
insert into Comidas (id_comida, nombre_comida) values (54, 'Crab - Imitation Flakes');
insert into Comidas (id_comida, nombre_comida) values (55, 'Huck White Towels');
insert into Comidas (id_comida, nombre_comida) values (56, 'Garbage Bags - Clear');
insert into Comidas (id_comida, nombre_comida) values (57, 'Juice - Clamato, 341 Ml');
insert into Comidas (id_comida, nombre_comida) values (58, 'Ice Cream - Vanilla');
insert into Comidas (id_comida, nombre_comida) values (59, 'Garlic - Primerba, Paste');
insert into Comidas (id_comida, nombre_comida) values (60, 'Kiwi Gold Zespri');
insert into Comidas (id_comida, nombre_comida) values (61, 'Clementine');
insert into Comidas (id_comida, nombre_comida) values (62, 'Grapes - Green');
insert into Comidas (id_comida, nombre_comida) values (63, 'Steam Pan Full Lid');
insert into Comidas (id_comida, nombre_comida) values (64, 'Wine - Prem Select Charddonany');
insert into Comidas (id_comida, nombre_comida) values (65, 'Yogurt - Plain');
insert into Comidas (id_comida, nombre_comida) values (66, 'Fudge - Cream Fudge');
insert into Comidas (id_comida, nombre_comida) values (67, 'Blueberries - Frozen');
insert into Comidas (id_comida, nombre_comida) values (68, 'Parsley - Dried');
insert into Comidas (id_comida, nombre_comida) values (69, 'Glass Clear 8 Oz');
insert into Comidas (id_comida, nombre_comida) values (70, 'Vegetable - Base');
insert into Comidas (id_comida, nombre_comida) values (71, 'Peach - Halves');
insert into Comidas (id_comida, nombre_comida) values (72, 'Beef - Shank');
insert into Comidas (id_comida, nombre_comida) values (73, 'Cake - Box Window 10x10x2.5');
insert into Comidas (id_comida, nombre_comida) values (74, 'Ostrich - Prime Cut');
insert into Comidas (id_comida, nombre_comida) values (75, 'Duck - Legs');
insert into Comidas (id_comida, nombre_comida) values (76, 'Mushroom - Portebello');
insert into Comidas (id_comida, nombre_comida) values (77, 'Foil Wrap');
insert into Comidas (id_comida, nombre_comida) values (78, 'Sauce - Apple, Unsweetened');
insert into Comidas (id_comida, nombre_comida) values (79, 'Egg - Salad Premix');
insert into Comidas (id_comida, nombre_comida) values (80, 'Figs');
insert into Comidas (id_comida, nombre_comida) values (81, 'Tomato Paste');
insert into Comidas (id_comida, nombre_comida) values (82, 'Pepper - Black, Crushed');
insert into Comidas (id_comida, nombre_comida) values (83, 'Papayas');
insert into Comidas (id_comida, nombre_comida) values (84, 'Veal - Inside, Choice');
insert into Comidas (id_comida, nombre_comida) values (85, 'Nut - Pistachio, Shelled');
insert into Comidas (id_comida, nombre_comida) values (86, 'The Pop Shoppe - Black Cherry');
insert into Comidas (id_comida, nombre_comida) values (87, 'Jameson Irish Whiskey');
insert into Comidas (id_comida, nombre_comida) values (88, 'Huck White Towels');
insert into Comidas (id_comida, nombre_comida) values (89, 'Gingerale - Diet - Schweppes');
insert into Comidas (id_comida, nombre_comida) values (90, 'Honey - Liquid');
insert into Comidas (id_comida, nombre_comida) values (91, 'Cheese - Le Cheve Noir');
insert into Comidas (id_comida, nombre_comida) values (92, 'Sprouts - Alfalfa');
insert into Comidas (id_comida, nombre_comida) values (93, 'Island Oasis - Raspberry');
insert into Comidas (id_comida, nombre_comida) values (94, 'Bread Country Roll');
insert into Comidas (id_comida, nombre_comida) values (95, 'Tortillas - Flour, 8');
insert into Comidas (id_comida, nombre_comida) values (96, 'Tabasco Sauce, 2 Oz');
insert into Comidas (id_comida, nombre_comida) values (97, 'Wine - Beringer Founders Estate');
insert into Comidas (id_comida, nombre_comida) values (98, 'Salami - Genova');
insert into Comidas (id_comida, nombre_comida) values (99, 'Wine - Remy Pannier Rose');
insert into Comidas (id_comida, nombre_comida) values (100, 'Tahini Paste');

insert into Menu_cine (id_menu_cine, id_comida, id_cine, precio, disponibilidad) values (1, 77, 100, 55.37, false);
insert into Menu_cine (id_menu_cine, id_comida, id_cine, precio, disponibilidad) values (2, 95, 83, 20.63, false);
insert into Menu_cine (id_menu_cine, id_comida, id_cine, precio, disponibilidad) values (3, 18, 38, 45.07, true);
insert into Menu_cine (id_menu_cine, id_comida, id_cine, precio, disponibilidad) values (4, 89, 8, 75.99, true);
insert into Menu_cine (id_menu_cine, id_comida, id_cine, precio, disponibilidad) values (5, 35, 30, 81.71, false);
insert into Menu_cine (id_menu_cine, id_comida, id_cine, precio, disponibilidad) values (6, 66, 65, 27.89, false);
insert into Menu_cine (id_menu_cine, id_comida, id_cine, precio, disponibilidad) values (7, 20, 91, 46.88, true);
insert into Menu_cine (id_menu_cine, id_comida, id_cine, precio, disponibilidad) values (8, 37, 92, 51.78, false);
insert into Menu_cine (id_menu_cine, id_comida, id_cine, precio, disponibilidad) values (9, 81, 39, 42.37, false);
insert into Menu_cine (id_menu_cine, id_comida, id_cine, precio, disponibilidad) values (10, 40, 7, 22.08, false);
insert into Menu_cine (id_menu_cine, id_comida, id_cine, precio, disponibilidad) values (11, 10, 55, 40.27, false);
insert into Menu_cine (id_menu_cine, id_comida, id_cine, precio, disponibilidad) values (12, 60, 11, 40.5, true);
insert into Menu_cine (id_menu_cine, id_comida, id_cine, precio, disponibilidad) values (13, 69, 49, 11.02, true);
insert into Menu_cine (id_menu_cine, id_comida, id_cine, precio, disponibilidad) values (14, 34, 93, 39.74, false);
insert into Menu_cine (id_menu_cine, id_comida, id_cine, precio, disponibilidad) values (15, 69, 47, 21.33, true);
insert into Menu_cine (id_menu_cine, id_comida, id_cine, precio, disponibilidad) values (16, 87, 61, 5.87, false);
insert into Menu_cine (id_menu_cine, id_comida, id_cine, precio, disponibilidad) values (17, 53, 41, 73.34, false);
insert into Menu_cine (id_menu_cine, id_comida, id_cine, precio, disponibilidad) values (18, 67, 62, 84.52, false);
insert into Menu_cine (id_menu_cine, id_comida, id_cine, precio, disponibilidad) values (19, 11, 65, 83.99, true);
insert into Menu_cine (id_menu_cine, id_comida, id_cine, precio, disponibilidad) values (20, 81, 20, 77.58, true);
insert into Menu_cine (id_menu_cine, id_comida, id_cine, precio, disponibilidad) values (21, 15, 56, 5.28, true);
insert into Menu_cine (id_menu_cine, id_comida, id_cine, precio, disponibilidad) values (22, 81, 42, 53.49, false);
insert into Menu_cine (id_menu_cine, id_comida, id_cine, precio, disponibilidad) values (23, 40, 6, 3.31, false);
insert into Menu_cine (id_menu_cine, id_comida, id_cine, precio, disponibilidad) values (24, 43, 28, 50.89, false);
insert into Menu_cine (id_menu_cine, id_comida, id_cine, precio, disponibilidad) values (25, 23, 87, 74.41, true);
insert into Menu_cine (id_menu_cine, id_comida, id_cine, precio, disponibilidad) values (26, 91, 68, 14.17, false);
insert into Menu_cine (id_menu_cine, id_comida, id_cine, precio, disponibilidad) values (27, 75, 4, 29.77, true);
insert into Menu_cine (id_menu_cine, id_comida, id_cine, precio, disponibilidad) values (28, 97, 94, 53.19, true);
insert into Menu_cine (id_menu_cine, id_comida, id_cine, precio, disponibilidad) values (29, 86, 13, 73.78, true);
insert into Menu_cine (id_menu_cine, id_comida, id_cine, precio, disponibilidad) values (30, 86, 20, 42.04, false);
insert into Menu_cine (id_menu_cine, id_comida, id_cine, precio, disponibilidad) values (31, 28, 26, 46.88, false);
insert into Menu_cine (id_menu_cine, id_comida, id_cine, precio, disponibilidad) values (32, 64, 76, 52.41, true);
insert into Menu_cine (id_menu_cine, id_comida, id_cine, precio, disponibilidad) values (33, 72, 63, 46.17, true);
insert into Menu_cine (id_menu_cine, id_comida, id_cine, precio, disponibilidad) values (34, 62, 21, 44.25, true);
insert into Menu_cine (id_menu_cine, id_comida, id_cine, precio, disponibilidad) values (35, 94, 26, 53.23, true);
insert into Menu_cine (id_menu_cine, id_comida, id_cine, precio, disponibilidad) values (36, 40, 53, 66.29, true);
insert into Menu_cine (id_menu_cine, id_comida, id_cine, precio, disponibilidad) values (37, 49, 11, 62.53, true);
insert into Menu_cine (id_menu_cine, id_comida, id_cine, precio, disponibilidad) values (38, 81, 9, 77.57, true);
insert into Menu_cine (id_menu_cine, id_comida, id_cine, precio, disponibilidad) values (39, 9, 96, 72.98, true);
insert into Menu_cine (id_menu_cine, id_comida, id_cine, precio, disponibilidad) values (40, 78, 39, 71.59, false);
insert into Menu_cine (id_menu_cine, id_comida, id_cine, precio, disponibilidad) values (41, 6, 75, 2.3, false);
insert into Menu_cine (id_menu_cine, id_comida, id_cine, precio, disponibilidad) values (42, 84, 25, 98.47, true);
insert into Menu_cine (id_menu_cine, id_comida, id_cine, precio, disponibilidad) values (43, 48, 22, 49.89, true);
insert into Menu_cine (id_menu_cine, id_comida, id_cine, precio, disponibilidad) values (44, 53, 49, 22.93, true);
insert into Menu_cine (id_menu_cine, id_comida, id_cine, precio, disponibilidad) values (45, 65, 46, 79.09, true);
insert into Menu_cine (id_menu_cine, id_comida, id_cine, precio, disponibilidad) values (46, 1, 91, 95.29, false);
insert into Menu_cine (id_menu_cine, id_comida, id_cine, precio, disponibilidad) values (47, 72, 38, 37.04, false);
insert into Menu_cine (id_menu_cine, id_comida, id_cine, precio, disponibilidad) values (48, 4, 63, 59.83, true);
insert into Menu_cine (id_menu_cine, id_comida, id_cine, precio, disponibilidad) values (49, 26, 42, 65.27, true);
insert into Menu_cine (id_menu_cine, id_comida, id_cine, precio, disponibilidad) values (50, 23, 29, 83.22, false);
insert into Menu_cine (id_menu_cine, id_comida, id_cine, precio, disponibilidad) values (51, 54, 15, 40.86, true);
insert into Menu_cine (id_menu_cine, id_comida, id_cine, precio, disponibilidad) values (52, 96, 70, 67.73, false);
insert into Menu_cine (id_menu_cine, id_comida, id_cine, precio, disponibilidad) values (53, 13, 93, 66.59, false);
insert into Menu_cine (id_menu_cine, id_comida, id_cine, precio, disponibilidad) values (54, 41, 38, 90.32, false);
insert into Menu_cine (id_menu_cine, id_comida, id_cine, precio, disponibilidad) values (55, 49, 62, 49.24, false);
insert into Menu_cine (id_menu_cine, id_comida, id_cine, precio, disponibilidad) values (56, 24, 17, 32.66, true);
insert into Menu_cine (id_menu_cine, id_comida, id_cine, precio, disponibilidad) values (57, 18, 48, 74.92, true);
insert into Menu_cine (id_menu_cine, id_comida, id_cine, precio, disponibilidad) values (58, 49, 8, 50.23, true);
insert into Menu_cine (id_menu_cine, id_comida, id_cine, precio, disponibilidad) values (59, 60, 89, 4.07, false);
insert into Menu_cine (id_menu_cine, id_comida, id_cine, precio, disponibilidad) values (60, 93, 65, 66.67, false);
insert into Menu_cine (id_menu_cine, id_comida, id_cine, precio, disponibilidad) values (61, 16, 48, 51.74, true);
insert into Menu_cine (id_menu_cine, id_comida, id_cine, precio, disponibilidad) values (62, 3, 79, 43.87, false);
insert into Menu_cine (id_menu_cine, id_comida, id_cine, precio, disponibilidad) values (63, 32, 51, 60.21, true);
insert into Menu_cine (id_menu_cine, id_comida, id_cine, precio, disponibilidad) values (64, 13, 74, 47.76, false);
insert into Menu_cine (id_menu_cine, id_comida, id_cine, precio, disponibilidad) values (65, 20, 14, 60.48, false);
insert into Menu_cine (id_menu_cine, id_comida, id_cine, precio, disponibilidad) values (66, 95, 33, 81.04, true);
insert into Menu_cine (id_menu_cine, id_comida, id_cine, precio, disponibilidad) values (67, 43, 16, 12.74, false);
insert into Menu_cine (id_menu_cine, id_comida, id_cine, precio, disponibilidad) values (68, 52, 13, 36.43, true);
insert into Menu_cine (id_menu_cine, id_comida, id_cine, precio, disponibilidad) values (69, 57, 35, 13.36, false);
insert into Menu_cine (id_menu_cine, id_comida, id_cine, precio, disponibilidad) values (70, 22, 27, 84.24, true);
insert into Menu_cine (id_menu_cine, id_comida, id_cine, precio, disponibilidad) values (71, 21, 30, 19.25, false);
insert into Menu_cine (id_menu_cine, id_comida, id_cine, precio, disponibilidad) values (72, 17, 33, 46.81, true);
insert into Menu_cine (id_menu_cine, id_comida, id_cine, precio, disponibilidad) values (73, 28, 73, 52.73, true);
insert into Menu_cine (id_menu_cine, id_comida, id_cine, precio, disponibilidad) values (74, 11, 13, 43.48, true);
insert into Menu_cine (id_menu_cine, id_comida, id_cine, precio, disponibilidad) values (75, 49, 94, 2.61, false);
insert into Menu_cine (id_menu_cine, id_comida, id_cine, precio, disponibilidad) values (76, 16, 7, 14.61, false);
insert into Menu_cine (id_menu_cine, id_comida, id_cine, precio, disponibilidad) values (77, 9, 16, 70.06, false);
insert into Menu_cine (id_menu_cine, id_comida, id_cine, precio, disponibilidad) values (78, 33, 32, 2.06, false);
insert into Menu_cine (id_menu_cine, id_comida, id_cine, precio, disponibilidad) values (79, 88, 56, 69.85, false);
insert into Menu_cine (id_menu_cine, id_comida, id_cine, precio, disponibilidad) values (80, 90, 43, 88.34, false);
insert into Menu_cine (id_menu_cine, id_comida, id_cine, precio, disponibilidad) values (81, 27, 74, 8.82, true);
insert into Menu_cine (id_menu_cine, id_comida, id_cine, precio, disponibilidad) values (82, 51, 62, 31.86, false);
insert into Menu_cine (id_menu_cine, id_comida, id_cine, precio, disponibilidad) values (83, 71, 21, 5.03, true);
insert into Menu_cine (id_menu_cine, id_comida, id_cine, precio, disponibilidad) values (84, 57, 100, 64.19, false);
insert into Menu_cine (id_menu_cine, id_comida, id_cine, precio, disponibilidad) values (85, 81, 30, 30.57, false);
insert into Menu_cine (id_menu_cine, id_comida, id_cine, precio, disponibilidad) values (86, 73, 71, 34.2, false);
insert into Menu_cine (id_menu_cine, id_comida, id_cine, precio, disponibilidad) values (87, 10, 11, 87.07, false);
insert into Menu_cine (id_menu_cine, id_comida, id_cine, precio, disponibilidad) values (88, 99, 57, 29.8, false);
insert into Menu_cine (id_menu_cine, id_comida, id_cine, precio, disponibilidad) values (89, 83, 5, 13.93, false);
insert into Menu_cine (id_menu_cine, id_comida, id_cine, precio, disponibilidad) values (90, 14, 58, 48.01, false);
insert into Menu_cine (id_menu_cine, id_comida, id_cine, precio, disponibilidad) values (91, 65, 50, 20.99, false);
insert into Menu_cine (id_menu_cine, id_comida, id_cine, precio, disponibilidad) values (92, 5, 56, 47.95, true);
insert into Menu_cine (id_menu_cine, id_comida, id_cine, precio, disponibilidad) values (93, 32, 11, 88.46, false);
insert into Menu_cine (id_menu_cine, id_comida, id_cine, precio, disponibilidad) values (94, 79, 81, 20.84, true);
insert into Menu_cine (id_menu_cine, id_comida, id_cine, precio, disponibilidad) values (95, 74, 51, 99.69, false);
insert into Menu_cine (id_menu_cine, id_comida, id_cine, precio, disponibilidad) values (96, 43, 86, 49.23, false);
insert into Menu_cine (id_menu_cine, id_comida, id_cine, precio, disponibilidad) values (97, 7, 65, 50.08, true);
insert into Menu_cine (id_menu_cine, id_comida, id_cine, precio, disponibilidad) values (98, 88, 16, 92.59, false);
insert into Menu_cine (id_menu_cine, id_comida, id_cine, precio, disponibilidad) values (99, 52, 9, 22.57, true);
insert into Menu_cine (id_menu_cine, id_comida, id_cine, precio, disponibilidad) values (100, 61, 96, 10.02, false);
