set datestyle = 'MDY';
-- Ubicaciones
CREATE TABLE Ubicaciones (
    id_ubicacion SERIAL PRIMARY KEY,
    nombre_ubicacion VARCHAR(255) NOT NULL,
    id_padre INTEGER REFERENCES Ubicaciones(id_ubicacion)
);

-- Generos
CREATE TABLE Generos (
    id_genero SERIAL PRIMARY KEY,
    nombre_genero VARCHAR(100) UNIQUE NOT NULL,
    descripcion_genero TEXT
);

-- Peliculas
CREATE TABLE Peliculas (
    id_pelicula SERIAL PRIMARY KEY,
    nombre_pelicula VARCHAR(255) NOT NULL,
    id_genero INTEGER REFERENCES Generos(id_genero),
    duracion_pelicula Integer NOT NULL,
    idioma VARCHAR(50)
);

-- Cines
CREATE TABLE Cines (
    id_cine SERIAL PRIMARY KEY,
    id_ubicacion INTEGER REFERENCES Ubicaciones(id_ubicacion),
    nombre_cine VARCHAR(255) NOT NULL,
    telefono_cine VARCHAR(50)
);

-- Tipos_salas
CREATE TABLE Tipos_salas (
    id_tipo_sala SERIAL PRIMARY KEY,
    nombre VARCHAR(100) NOT NULL,
    descripcion VARCHAR(255)
);

-- Salas
CREATE TABLE Salas (
    id_sala SERIAL PRIMARY KEY,
    nombre_sala VARCHAR(100) NOT NULL,
    id_tipo_sala INTEGER REFERENCES Tipos_salas(id_tipo_sala),
    sala_capacidad INTEGER NOT NULL,
    id_cine INTEGER REFERENCES Cines(id_cine)
);

-- Funciones
CREATE TABLE Funciones (
    id_funcion SERIAL PRIMARY KEY,
    id_sala INTEGER REFERENCES Salas(id_sala),
    id_pelicula INTEGER REFERENCES Peliculas(id_pelicula),
    fecha_funcion DATE NOT NULL,
    hora_inicio_funcion TIME NOT NULL
);


-- Cargos
CREATE TABLE Cargos (
    id_cargo SERIAL PRIMARY KEY,
    nombre_cargo VARCHAR(100) UNIQUE NOT NULL,
    descripcion_cargo TEXT
);

-- Usuarios
CREATE TABLE Usuarios (
    id_usuario SERIAL PRIMARY KEY,
    nombre_usuario VARCHAR(50) NOT NULL,
    contrasena_usuario VARCHAR(255) NOT NULL,
    fecha_creacion DATE NOT NULL,
    apellido_usuario VARCHAR(100) NOT NULL,
    fecha_nacimiento_usuario DATE,
    id_cine INTEGER REFERENCES Cines(id_cine),
    id_cargo INTEGER REFERENCES Cargos(id_cargo),
    email_usuario VARCHAR(255) UNIQUE NOT NULL
);

-- Comidas
CREATE TABLE Comidas (
    id_comida SERIAL PRIMARY KEY,
    nombre_comida VARCHAR(100) NOT NULL
);

-- Menu_cine con ON DELETE RESTRICT y ON UPDATE CASCADE
CREATE TABLE Menu_cine (
    id_menu_cine SERIAL PRIMARY KEY,
    id_comida INTEGER REFERENCES Comidas(id_comida)
        ON DELETE RESTRICT
        ON UPDATE CASCADE,
    id_cine INTEGER REFERENCES Cines(id_cine),
    precio VARCHAR(50) NOT NULL,
    disponibilidad BOOLEAN DEFAULT true
);

-- Reservaciones
CREATE TABLE Reservaciones (
    id_reservacion SERIAL PRIMARY KEY,
    id_funcion INTEGER REFERENCES Funciones(id_funcion),
    id_usuario INTEGER REFERENCES Usuarios(id_usuario),
    id_menu_cine Integer REFERENCES Menu_cine(id_menu_cine)
      ON DELETE RESTRICT
      ON UPDATE CASCADE,
    cantidad_boletas INTEGER NOT NULL,
    fecha_reserva DATE NOT NULL,
    total_pago VARCHAR(50) NOT NULL
);

-- Sillas
CREATE TABLE Sillas (
    id_silla SERIAL PRIMARY KEY,
    id_sala INTEGER REFERENCES Salas(id_sala),
    nombre_silla VARCHAR(50) NOT NULL
);

-- Sillas_reservadas
CREATE TABLE Sillas_reservadas (
    id_silla_reservada SERIAL PRIMARY KEY,
    id_reservacion INTEGER REFERENCES Reservaciones(id_reservacion),
    id_silla INTEGER REFERENCES Sillas(id_silla)
);

-- Metodos_de_pago
CREATE TABLE Metodos_de_pago (
    id_metodo_pago SERIAL PRIMARY KEY,
    nombre_pago VARCHAR(100) NOT NULL,
    descripcion_pago TEXT
);

-- Pagos
CREATE TABLE Pagos (
    id_pago SERIAL PRIMARY KEY,
    id_reserva INTEGER REFERENCES Reservaciones(id_reservacion),
    id_metodo_pago INTEGER REFERENCES Metodos_de_pago(id_metodo_pago),
    fecha_pago DATE NOT NULL,
    valor_pago VARCHAR(50) NOT NULL
);




insert into Ubicaciones (id_ubicacion, nombre_ubicacion, id_padre) values (1, 'France', null);
insert into Ubicaciones (id_ubicacion, nombre_ubicacion, id_padre) values (2, 'Australia', null);
insert into Ubicaciones (id_ubicacion, nombre_ubicacion, id_padre) values (3, 'Sydney', 2);
insert into Ubicaciones (id_ubicacion, nombre_ubicacion, id_padre) values (4, 'Australia', 3);
insert into Ubicaciones (id_ubicacion, nombre_ubicacion, id_padre) values (5, 'Japan', null);
insert into Ubicaciones (id_ubicacion, nombre_ubicacion, id_padre) values (6, 'USA', 5);
insert into Ubicaciones (id_ubicacion, nombre_ubicacion, id_padre) values (7, 'Sydney', null);
insert into Ubicaciones (id_ubicacion, nombre_ubicacion, id_padre) values (8, 'Japan', 7);
insert into Ubicaciones (id_ubicacion, nombre_ubicacion, id_padre) values (9, 'Sydney', 8);
insert into Ubicaciones (id_ubicacion, nombre_ubicacion, id_padre) values (10, 'Paris', null);
insert into Ubicaciones (id_ubicacion, nombre_ubicacion, id_padre) values (11, 'Brazil', 10);
insert into Ubicaciones (id_ubicacion, nombre_ubicacion, id_padre) values (12, 'Japan', 11);
insert into Ubicaciones (id_ubicacion, nombre_ubicacion, id_padre) values (13, 'USA', null);
insert into Ubicaciones (id_ubicacion, nombre_ubicacion, id_padre) values (14, 'New York', 13);
insert into Ubicaciones (id_ubicacion, nombre_ubicacion, id_padre) values (15, 'Australia', 14);
insert into Ubicaciones (id_ubicacion, nombre_ubicacion, id_padre) values (16, 'Paris', 15);
insert into Ubicaciones (id_ubicacion, nombre_ubicacion, id_padre) values (17, 'Brazil', null);
insert into Ubicaciones (id_ubicacion, nombre_ubicacion, id_padre) values (18, 'Paris', null);
insert into Ubicaciones (id_ubicacion, nombre_ubicacion, id_padre) values (19, 'France', 18);
insert into Ubicaciones (id_ubicacion, nombre_ubicacion, id_padre) values (20, 'Japan', 19);
insert into Ubicaciones (id_ubicacion, nombre_ubicacion, id_padre) values (21, 'Tokyo', 20);
insert into Ubicaciones (id_ubicacion, nombre_ubicacion, id_padre) values (22, 'Rio de Janeiro', null);
insert into Ubicaciones (id_ubicacion, nombre_ubicacion, id_padre) values (23, 'France', null);
insert into Ubicaciones (id_ubicacion, nombre_ubicacion, id_padre) values (24, 'USA', 23);
insert into Ubicaciones (id_ubicacion, nombre_ubicacion, id_padre) values (25, 'Sydney', 24);
insert into Ubicaciones (id_ubicacion, nombre_ubicacion, id_padre) values (26, 'Sydney', null);
insert into Ubicaciones (id_ubicacion, nombre_ubicacion, id_padre) values (27, 'Australia', 26);
insert into Ubicaciones (id_ubicacion, nombre_ubicacion, id_padre) values (28, 'New York', null);
insert into Ubicaciones (id_ubicacion, nombre_ubicacion, id_padre) values (29, 'Japan', 28);
insert into Ubicaciones (id_ubicacion, nombre_ubicacion, id_padre) values (30, 'Brazil', null);
insert into Ubicaciones (id_ubicacion, nombre_ubicacion, id_padre) values (31, 'Australia', null);
insert into Ubicaciones (id_ubicacion, nombre_ubicacion, id_padre) values (32, 'Sydney', 31);
insert into Ubicaciones (id_ubicacion, nombre_ubicacion, id_padre) values (33, 'Brazil', 32);
insert into Ubicaciones (id_ubicacion, nombre_ubicacion, id_padre) values (34, 'France', 33);
insert into Ubicaciones (id_ubicacion, nombre_ubicacion, id_padre) values (35, 'Rio de Janeiro', null);
insert into Ubicaciones (id_ubicacion, nombre_ubicacion, id_padre) values (36, 'France', null);
insert into Ubicaciones (id_ubicacion, nombre_ubicacion, id_padre) values (37, 'France', 36);
insert into Ubicaciones (id_ubicacion, nombre_ubicacion, id_padre) values (38, 'New York', 37);
insert into Ubicaciones (id_ubicacion, nombre_ubicacion, id_padre) values (39, 'Paris', 38);
insert into Ubicaciones (id_ubicacion, nombre_ubicacion, id_padre) values (40, 'France', null);
insert into Ubicaciones (id_ubicacion, nombre_ubicacion, id_padre) values (41, 'Japan', null);
insert into Ubicaciones (id_ubicacion, nombre_ubicacion, id_padre) values (42, 'New York', null);
insert into Ubicaciones (id_ubicacion, nombre_ubicacion, id_padre) values (43, 'Tokyo', null);
insert into Ubicaciones (id_ubicacion, nombre_ubicacion, id_padre) values (44, 'New York', 43);
insert into Ubicaciones (id_ubicacion, nombre_ubicacion, id_padre) values (45, 'USA', 44);
insert into Ubicaciones (id_ubicacion, nombre_ubicacion, id_padre) values (46, 'France', 45);
insert into Ubicaciones (id_ubicacion, nombre_ubicacion, id_padre) values (47, 'Paris', null);
insert into Ubicaciones (id_ubicacion, nombre_ubicacion, id_padre) values (48, 'France', 47);
insert into Ubicaciones (id_ubicacion, nombre_ubicacion, id_padre) values (49, 'Australia', 48);
insert into Ubicaciones (id_ubicacion, nombre_ubicacion, id_padre) values (50, 'Paris', 49);
insert into Ubicaciones (id_ubicacion, nombre_ubicacion, id_padre) values (51, 'Rio de Janeiro', null);
insert into Ubicaciones (id_ubicacion, nombre_ubicacion, id_padre) values (52, 'Paris', 51);
insert into Ubicaciones (id_ubicacion, nombre_ubicacion, id_padre) values (53, 'Sydney', null);
insert into Ubicaciones (id_ubicacion, nombre_ubicacion, id_padre) values (54, 'Sydney', 53);
insert into Ubicaciones (id_ubicacion, nombre_ubicacion, id_padre) values (55, 'New York', null);
insert into Ubicaciones (id_ubicacion, nombre_ubicacion, id_padre) values (56, 'Paris', 55);
insert into Ubicaciones (id_ubicacion, nombre_ubicacion, id_padre) values (57, 'Australia', 56);
insert into Ubicaciones (id_ubicacion, nombre_ubicacion, id_padre) values (58, 'Australia', 57);
insert into Ubicaciones (id_ubicacion, nombre_ubicacion, id_padre) values (59, 'Tokyo', null);
insert into Ubicaciones (id_ubicacion, nombre_ubicacion, id_padre) values (60, 'Brazil', 59);
insert into Ubicaciones (id_ubicacion, nombre_ubicacion, id_padre) values (61, 'Brazil', null);
insert into Ubicaciones (id_ubicacion, nombre_ubicacion, id_padre) values (62, 'Japan', null);
insert into Ubicaciones (id_ubicacion, nombre_ubicacion, id_padre) values (63, 'Brazil', null);
insert into Ubicaciones (id_ubicacion, nombre_ubicacion, id_padre) values (64, 'Japan', null);
insert into Ubicaciones (id_ubicacion, nombre_ubicacion, id_padre) values (65, 'France', 64);
insert into Ubicaciones (id_ubicacion, nombre_ubicacion, id_padre) values (66, 'France', 65);
insert into Ubicaciones (id_ubicacion, nombre_ubicacion, id_padre) values (67, 'New York', 66);
insert into Ubicaciones (id_ubicacion, nombre_ubicacion, id_padre) values (68, 'France', 67);
insert into Ubicaciones (id_ubicacion, nombre_ubicacion, id_padre) values (69, 'Australia', 68);
insert into Ubicaciones (id_ubicacion, nombre_ubicacion, id_padre) values (70, 'Rio de Janeiro', 69);
insert into Ubicaciones (id_ubicacion, nombre_ubicacion, id_padre) values (71, 'Rio de Janeiro', 70);
insert into Ubicaciones (id_ubicacion, nombre_ubicacion, id_padre) values (72, 'Australia', 71);
insert into Ubicaciones (id_ubicacion, nombre_ubicacion, id_padre) values (73, 'Paris', null);
insert into Ubicaciones (id_ubicacion, nombre_ubicacion, id_padre) values (74, 'France', 73);
insert into Ubicaciones (id_ubicacion, nombre_ubicacion, id_padre) values (75, 'France', null);
insert into Ubicaciones (id_ubicacion, nombre_ubicacion, id_padre) values (76, 'New York', null);
insert into Ubicaciones (id_ubicacion, nombre_ubicacion, id_padre) values (77, 'France', 76);
insert into Ubicaciones (id_ubicacion, nombre_ubicacion, id_padre) values (78, 'Japan', 77);
insert into Ubicaciones (id_ubicacion, nombre_ubicacion, id_padre) values (79, 'Sydney', 78);
insert into Ubicaciones (id_ubicacion, nombre_ubicacion, id_padre) values (80, 'France', 79);
insert into Ubicaciones (id_ubicacion, nombre_ubicacion, id_padre) values (81, 'Japan', null);
insert into Ubicaciones (id_ubicacion, nombre_ubicacion, id_padre) values (82, 'Japan', null);
insert into Ubicaciones (id_ubicacion, nombre_ubicacion, id_padre) values (83, 'Japan', null);
insert into Ubicaciones (id_ubicacion, nombre_ubicacion, id_padre) values (84, 'Rio de Janeiro', 83);
insert into Ubicaciones (id_ubicacion, nombre_ubicacion, id_padre) values (85, 'Paris', null);
insert into Ubicaciones (id_ubicacion, nombre_ubicacion, id_padre) values (86, 'Paris', null);
insert into Ubicaciones (id_ubicacion, nombre_ubicacion, id_padre) values (87, 'Japan', 86);
insert into Ubicaciones (id_ubicacion, nombre_ubicacion, id_padre) values (88, 'France', 87);
insert into Ubicaciones (id_ubicacion, nombre_ubicacion, id_padre) values (89, 'Paris', null);
insert into Ubicaciones (id_ubicacion, nombre_ubicacion, id_padre) values (90, 'Rio de Janeiro', 89);
insert into Ubicaciones (id_ubicacion, nombre_ubicacion, id_padre) values (91, 'France', null);
insert into Ubicaciones (id_ubicacion, nombre_ubicacion, id_padre) values (92, 'USA', 91);
insert into Ubicaciones (id_ubicacion, nombre_ubicacion, id_padre) values (93, 'Brazil', 92);
insert into Ubicaciones (id_ubicacion, nombre_ubicacion, id_padre) values (94, 'USA', null);
insert into Ubicaciones (id_ubicacion, nombre_ubicacion, id_padre) values (95, 'Rio de Janeiro', 94);
insert into Ubicaciones (id_ubicacion, nombre_ubicacion, id_padre) values (96, 'France', 95);
insert into Ubicaciones (id_ubicacion, nombre_ubicacion, id_padre) values (97, 'New York', 96);
insert into Ubicaciones (id_ubicacion, nombre_ubicacion, id_padre) values (98, 'Brazil', null);
insert into Ubicaciones (id_ubicacion, nombre_ubicacion, id_padre) values (99, 'New York', null);
insert into Ubicaciones (id_ubicacion, nombre_ubicacion, id_padre) values (100, 'Rio de Janeiro', 99);

insert into Generos (id_genero, nombre_genero, descripcion_genero) values (1, 'Crime|Documentary', 'Burns involving 20-29% of body surface with 20-29% third degree burns');
insert into Generos (id_genero, nombre_genero, descripcion_genero) values (2, 'Drama', 'Partial traumatic amputation of one unspecified lesser toe');
insert into Generos (id_genero, nombre_genero, descripcion_genero) values (3, 'Crime|Drama|Film-Noir|Romance|Thriller', 'Pedestrian on skateboard injured in collision with other nonmotor vehicle, unspecified whether traffic or nontraffic accident, subsequent encounter');
insert into Generos (id_genero, nombre_genero, descripcion_genero) values (4, 'Action|Crime|Thriller', 'Displaced fracture of body of left calcaneus, subsequent encounter for fracture with routine healing');
insert into Generos (id_genero, nombre_genero, descripcion_genero) values (5, 'Drama 2', 'Atherosclerosis of native arteries of extremities with intermittent claudication, right leg');
insert into Generos (id_genero, nombre_genero, descripcion_genero) values (6, 'Horror', 'Burn of second degree of left knee, subsequent encounter');
insert into Generos (id_genero, nombre_genero, descripcion_genero) values (7, 'Action|Crime|Drama', 'Vibratory urticaria');
insert into Generos (id_genero, nombre_genero, descripcion_genero) values (8, 'Comedy|Romance', 'Displaced supracondylar fracture without intracondylar extension of lower end of right femur, subsequent encounter for closed fracture with nonunion');
insert into Generos (id_genero, nombre_genero, descripcion_genero) values (9, 'Animation', 'Unspecified fracture of facial bones');
insert into Generos (id_genero, nombre_genero, descripcion_genero) values (10, 'Drama 3', 'Toxic effect of venom of caterpillars, intentional self-harm, sequela');
insert into Generos (id_genero, nombre_genero, descripcion_genero) values (11, 'Action|Crime|Thriller 2', 'Varicose veins of unspecified lower extremity with both ulcer of ankle and inflammation');
insert into Generos (id_genero, nombre_genero, descripcion_genero) values (12, 'Action', 'Rheumatoid lung disease with rheumatoid arthritis of unspecified hip');
insert into Generos (id_genero, nombre_genero, descripcion_genero) values (13, 'Adventure|War', 'Fracture of orbital floor, right side, subsequent encounter for fracture with routine healing');
insert into Generos (id_genero, nombre_genero, descripcion_genero) values (14, 'Children|Comedy', 'Superficial frostbite of neck, subsequent encounter');
insert into Generos (id_genero, nombre_genero, descripcion_genero) values (15, 'Crime|Drama', 'Rett''s syndrome');
insert into Generos (id_genero, nombre_genero, descripcion_genero) values (16, 'Drama 4', 'Forced landing of glider (nonpowered) injuring occupant, initial encounter');
insert into Generos (id_genero, nombre_genero, descripcion_genero) values (17, 'Drama 5', 'Person boarding or alighting a pedal cycle injured in collision with other nonmotor vehicle in nontraffic accident');
insert into Generos (id_genero, nombre_genero, descripcion_genero) values (18, 'Action 2', 'Corrosion of third degree of female genital region');
insert into Generos (id_genero, nombre_genero, descripcion_genero) values (19, 'Thriller', 'Displaced fracture of lateral condyle of unspecified humerus, initial encounter for open fracture');
insert into Generos (id_genero, nombre_genero, descripcion_genero) values (20, 'Drama|Thriller', 'Breakdown (mechanical) of unspecified cardiac electronic device, subsequent encounter');
insert into Generos (id_genero, nombre_genero, descripcion_genero) values (21, 'Comedy|Horror|Mystery', 'Subluxation of proximal interphalangeal joint of right middle finger, initial encounter');
insert into Generos (id_genero, nombre_genero, descripcion_genero) values (22, 'Horror|Thriller', 'Acute and subacute allergic otitis media (mucoid) (sanguinous) (serous), recurrent, unspecified ear');
insert into Generos (id_genero, nombre_genero, descripcion_genero) values (23, 'Children|Comedy|Fantasy', 'Toxic effect of contact with other venomous marine animals, undetermined, initial encounter');
insert into Generos (id_genero, nombre_genero, descripcion_genero) values (24, 'Drama 6', 'Supervision of pregnancy with history of molar pregnancy, third trimester');
insert into Generos (id_genero, nombre_genero, descripcion_genero) values (25, 'Drama 7', 'Other injury of superior mesenteric artery, sequela');
insert into Generos (id_genero, nombre_genero, descripcion_genero) values (26, 'Drama 8', 'Other specified congenital malformations of peripheral vascular system');
insert into Generos (id_genero, nombre_genero, descripcion_genero) values (27, 'Drama 9', 'Major depressive disorder, single episode, unspecified');
insert into Generos (id_genero, nombre_genero, descripcion_genero) values (28, 'Drama 10', 'Other mechanical complication of unspecified cardiac and vascular devices and implants, subsequent encounter');
insert into Generos (id_genero, nombre_genero, descripcion_genero) values (29, 'Drama|Romance', 'Panniculitis affecting regions of neck and back, thoracic region');
insert into Generos (id_genero, nombre_genero, descripcion_genero) values (30, 'Drama 11', 'Deficiency of other specified nutrient elements');
insert into Generos (id_genero, nombre_genero, descripcion_genero) values (31, 'Drama 12', 'Strain of extensor or abductor muscles, fascia and tendons of unspecified thumb at forearm level, initial encounter');
insert into Generos (id_genero, nombre_genero, descripcion_genero) values (32, 'Documentary', 'Displaced fracture of lesser trochanter of unspecified femur, subsequent encounter for open fracture type I or II with routine healing');
insert into Generos (id_genero, nombre_genero, descripcion_genero) values (33, 'Documentary 2', 'Military operations involving other explosions and fragments, civilian, subsequent encounter');
insert into Generos (id_genero, nombre_genero, descripcion_genero) values (34, 'Comedy|Romance 2', 'Strain of muscle, fascia and tendon of other parts of biceps, unspecified arm, sequela');
insert into Generos (id_genero, nombre_genero, descripcion_genero) values (35, 'Crime|Mystery|Thriller', 'Other myeloid leukemia');
insert into Generos (id_genero, nombre_genero, descripcion_genero) values (36, 'Comedy|Romance 3', 'Displaced spiral fracture of shaft of right fibula, subsequent encounter for open fracture type I or II with routine healing');
insert into Generos (id_genero, nombre_genero, descripcion_genero) values (37, 'Drama|Romance 2', 'Open bite of left eyelid and periocular area, subsequent encounter');
insert into Generos (id_genero, nombre_genero, descripcion_genero) values (38, 'Crime|Drama|Thriller', 'Other viral diseases complicating pregnancy, third trimester');
insert into Generos (id_genero, nombre_genero, descripcion_genero) values (39, 'Drama|Thriller 2', 'Malignant neoplasm of right ovary');
insert into Generos (id_genero, nombre_genero, descripcion_genero) values (40, 'Horror|Thriller 2', 'Other subluxation of left ulnohumeral joint, subsequent encounter');
insert into Generos (id_genero, nombre_genero, descripcion_genero) values (41, 'Comedy|Drama|Western', 'Superficial foreign body of nose');
insert into Generos (id_genero, nombre_genero, descripcion_genero) values (42, 'Action|Western', 'Poisoning by keratolytics, keratoplastics, and other hair treatment drugs and preparations, intentional self-harm, initial encounter');
insert into Generos (id_genero, nombre_genero, descripcion_genero) values (43, 'Drama 13', 'Stress fracture, unspecified toe(s), initial encounter for fracture');
insert into Generos (id_genero, nombre_genero, descripcion_genero) values (44, 'Western 4', 'Other fracture of upper and lower end of right fibula, subsequent encounter for closed fracture with delayed healing');
insert into Generos (id_genero, nombre_genero, descripcion_genero) values (45, 'Drama 14', 'Nondisplaced bicondylar fracture of left tibia, subsequent encounter for open fracture type I or II with nonunion');
insert into Generos (id_genero, nombre_genero, descripcion_genero) values (46, 'Comedy|Drama', 'Poisoning by immunoglobulin, accidental (unintentional), sequela');
insert into Generos (id_genero, nombre_genero, descripcion_genero) values (47, 'Comedy', 'Burn of unspecified degree of buttock');
insert into Generos (id_genero, nombre_genero, descripcion_genero) values (48, 'Comedy|Western', 'Prolapse and hernia of left ovary and fallopian tube');
insert into Generos (id_genero, nombre_genero, descripcion_genero) values (49, 'Documentary|Musical', 'Acute posterior multifocal placoid pigment epitheliopathy, left eye');
insert into Generos (id_genero, nombre_genero, descripcion_genero) values (50, 'Animation 2', 'Unspecified injury of ulnar artery at forearm level, unspecified arm');
insert into Generos (id_genero, nombre_genero, descripcion_genero) values (51, 'Animation|Comedy|Fantasy|Sci-Fi', 'Complication of inhalation therapy, initial encounter');
insert into Generos (id_genero, nombre_genero, descripcion_genero) values (52, 'Comedy|Horror|Musical|Western', 'Displaced fracture of shaft of second metacarpal bone, right hand, subsequent encounter for fracture with nonunion');
insert into Generos (id_genero, nombre_genero, descripcion_genero) values (53, 'Crime|Drama 2', 'Unspecified myringitis');
insert into Generos (id_genero, nombre_genero, descripcion_genero) values (54, 'Comedy|Musical', 'Corrosion of cornea and conjunctival sac, left eye, initial encounter');
insert into Generos (id_genero, nombre_genero, descripcion_genero) values (55, 'Drama|Thriller 3', 'Poisoning by ganglionic blocking drugs, accidental (unintentional), sequela');
insert into Generos (id_genero, nombre_genero, descripcion_genero) values (56, 'Comedy 2', 'Fracture of unspecified phalanx of right thumb, sequela');
insert into Generos (id_genero, nombre_genero, descripcion_genero) values (57, 'Documentary|Thriller', 'Malignant neoplasm of gum');
insert into Generos (id_genero, nombre_genero, descripcion_genero) values (58, 'Comedy|Drama|Romance', 'Poisoning by other nonopioid analgesics and antipyretics, not elsewhere classified, intentional self-harm, sequela');
insert into Generos (id_genero, nombre_genero, descripcion_genero) values (59, 'Fantasy|Romance', 'Unspecified injury of unspecified blood vessel at forearm level, right arm, sequela');
insert into Generos (id_genero, nombre_genero, descripcion_genero) values (60, 'Drama|Musical|Romance', 'Unspecified injury of muscle, fascia and tendon of the posterior muscle group at thigh level, left thigh, initial encounter');
insert into Generos (id_genero, nombre_genero, descripcion_genero) values (61, 'Drama|Romance 3', 'Poisoning by mixed bacterial vaccines without a pertussis component, intentional self-harm, subsequent encounter');
insert into Generos (id_genero, nombre_genero, descripcion_genero) values (62, 'Comedy 3', 'Displaced oblique fracture of shaft of right femur, sequela');
insert into Generos (id_genero, nombre_genero, descripcion_genero) values (63, 'Crime|Drama|Thriller 2', 'Unspecified occupant of bus injured in noncollision transport accident in nontraffic accident, initial encounter');
insert into Generos (id_genero, nombre_genero, descripcion_genero) values (64, 'Documentary|Fantasy', 'Nezelof''s syndrome');
insert into Generos (id_genero, nombre_genero, descripcion_genero) values (65, 'Comedy 4', 'Personal history of other diseases of male genital organs');
insert into Generos (id_genero, nombre_genero, descripcion_genero) values (66, 'Adventure|Children|Musical', 'Glycogen storage disease, unspecified');
insert into Generos (id_genero, nombre_genero, descripcion_genero) values (67, 'Documentary 3', 'Toxic effect of phenol and phenol homologues, assault, subsequent encounter');
insert into Generos (id_genero, nombre_genero, descripcion_genero) values (68, 'Documentary 4', 'Pathological fracture in other disease, left radius, subsequent encounter for fracture with delayed healing');
insert into Generos (id_genero, nombre_genero, descripcion_genero) values (69, 'Adventure|Animation|Children', 'Displaced unspecified condyle fracture of lower end of left femur, subsequent encounter for closed fracture with nonunion');
insert into Generos (id_genero, nombre_genero, descripcion_genero) values (70, 'Comedy 5', 'Toxic effect of carbon tetrachloride, undetermined, initial encounter');
insert into Generos (id_genero, nombre_genero, descripcion_genero) values (71, 'Comedy|Musical 2', 'Fracture of unspecified tarsal bone(s) of unspecified foot, initial encounter for open fracture');
insert into Generos (id_genero, nombre_genero, descripcion_genero) values (72, 'Comedy|Drama 2', 'Traumatic rupture of other ligament of left ring finger at metacarpophalangeal and interphalangeal joint');
insert into Generos (id_genero, nombre_genero, descripcion_genero) values (73, 'Comedy 6', 'Other intraoperative and postprocedural complications of the spleen');
insert into Generos (id_genero, nombre_genero, descripcion_genero) values (74, 'Drama|Mystery', 'Nondisplaced oblique fracture of shaft of left fibula, subsequent encounter for open fracture type IIIA, IIIB, or IIIC with delayed healing');
insert into Generos (id_genero, nombre_genero, descripcion_genero) values (75, 'Documentary 5', 'Human immunodeficiency virus [HIV] disease complicating pregnancy, second trimester');
insert into Generos (id_genero, nombre_genero, descripcion_genero) values (76, 'Adventure|War 2', 'Penetrating wound of orbit with or without foreign body, right eye');
insert into Generos (id_genero, nombre_genero, descripcion_genero) values (77, 'Comedy|Drama|Romance 2', 'Laceration of flexor muscle, fascia and tendon of left little finger at forearm level, subsequent encounter');
insert into Generos (id_genero, nombre_genero, descripcion_genero) values (78, 'Adventure|Children|Comedy', 'Other physeal fracture of upper end of unspecified tibia, subsequent encounter for fracture with delayed healing');
insert into Generos (id_genero, nombre_genero, descripcion_genero) values (79, 'Action|Mystery|Thriller', 'Displaced bicondylar fracture of right tibia, subsequent encounter for open fracture type IIIA, IIIB, or IIIC with malunion');
insert into Generos (id_genero, nombre_genero, descripcion_genero) values (80, 'Action|Adventure|Fantasy', 'Unspecified traumatic nondisplaced spondylolisthesis of fifth cervical vertebra, subsequent encounter for fracture with delayed healing');
insert into Generos (id_genero, nombre_genero, descripcion_genero) values (81, 'Drama 15', 'Other mechanical complication of other specified internal prosthetic devices, implants and grafts');
insert into Generos (id_genero, nombre_genero, descripcion_genero) values (82, 'Crime|Sci-Fi', 'Retained (nonmagnetic) (old) foreign body in anterior chamber, right eye');
insert into Generos (id_genero, nombre_genero, descripcion_genero) values (83, 'Documentary 6', 'Motorcycle driver injured in collision with other nonmotor vehicle in traffic accident, subsequent encounter');
insert into Generos (id_genero, nombre_genero, descripcion_genero) values (84, 'Comedy|Drama|Romance 3', 'Fall from sled, subsequent encounter');
insert into Generos (id_genero, nombre_genero, descripcion_genero) values (85, 'Comedy|Drama|Romance 4', 'Unspecified complication of foreign body accidentally left in body following kidney dialysis, subsequent encounter');
insert into Generos (id_genero, nombre_genero, descripcion_genero) values (86, 'Horror 2', 'Age-related osteoporosis with current pathological fracture, unspecified humerus, subsequent encounter for fracture with malunion');
insert into Generos (id_genero, nombre_genero, descripcion_genero) values (87, 'Documentary 7', 'Unspecified open wound of left middle finger without damage to nail, sequela');
insert into Generos (id_genero, nombre_genero, descripcion_genero) values (88, 'Sci-Fi', 'Unspecified atrial flutter');
insert into Generos (id_genero, nombre_genero, descripcion_genero) values (89, 'Documentary 8', 'Congenital aphakia');
insert into Generos (id_genero, nombre_genero, descripcion_genero) values (90, 'Crime|Drama 3', 'Bather struck by nonpowered watercraft, initial encounter');
insert into Generos (id_genero, nombre_genero, descripcion_genero) values (91, 'Drama|Thriller 4', 'Unspecified fracture of right forearm, subsequent encounter for closed fracture with nonunion');
insert into Generos (id_genero, nombre_genero, descripcion_genero) values (92, 'Drama 16', 'Displaced longitudinal fracture of unspecified patella, subsequent encounter for open fracture type IIIA, IIIB, or IIIC with nonunion');
insert into Generos (id_genero, nombre_genero, descripcion_genero) values (93, 'Action|Comedy|Romance', 'Rupture of synovium, right foot');
insert into Generos (id_genero, nombre_genero, descripcion_genero) values (94, 'Comedy|Drama|Romance 5', 'Driver of heavy transport vehicle injured in collision with pedestrian or animal in traffic accident, sequela');
insert into Generos (id_genero, nombre_genero, descripcion_genero) values (95, 'Action|Adventure|Crime|Thriller', 'Obturator dislocation of unspecified hip, initial encounter');
insert into Generos (id_genero, nombre_genero, descripcion_genero) values (96, 'Comedy|Romance 4', 'Penetrating wound of orbit with or without foreign body, unspecified eye');
insert into Generos (id_genero, nombre_genero, descripcion_genero) values (97, 'Comedy|Fantasy|Thriller', 'Poisoning by methadone, accidental (unintentional), subsequent encounter');
insert into Generos (id_genero, nombre_genero, descripcion_genero) values (98, 'Comedy|Documentary|Musical', 'Torus fracture of lower end of left fibula, subsequent encounter for fracture with nonunion');
insert into Generos (id_genero, nombre_genero, descripcion_genero) values (99, 'Comedy|Drama 3', 'Disproportion of reconstructed breast');
insert into Generos (id_genero, nombre_genero, descripcion_genero) values (100, 'Action 3', 'Medial dislocation of left ulnohumeral joint, subsequent encounter');

insert into Peliculas (id_pelicula, nombre_pelicula, id_genero, duracion_pelicula, idioma) values (1, 'Parallel Sons', 82, 102, 'Assamese');
insert into Peliculas (id_pelicula, nombre_pelicula, id_genero, duracion_pelicula, idioma) values (2, 'Under Our Skin', 32, 92, 'Malagasy');
insert into Peliculas (id_pelicula, nombre_pelicula, id_genero, duracion_pelicula, idioma) values (3, 'Lincoln Lawyer, The', 1, 129, 'Yiddish');
insert into Peliculas (id_pelicula, nombre_pelicula, id_genero, duracion_pelicula, idioma) values (4, 'Fletch Lives', 78, 116, 'French');
insert into Peliculas (id_pelicula, nombre_pelicula, id_genero, duracion_pelicula, idioma) values (5, 'Woman of Affairs, A', 41, 104, 'Dutch');
insert into Peliculas (id_pelicula, nombre_pelicula, id_genero, duracion_pelicula, idioma) values (6, 'Vares: Private Eye (Vares - Yksityisetsivä)', 83, 98, 'Dutch');
insert into Peliculas (id_pelicula, nombre_pelicula, id_genero, duracion_pelicula, idioma) values (7, 'Amorosa', 35, 95, 'Khmer');
insert into Peliculas (id_pelicula, nombre_pelicula, id_genero, duracion_pelicula, idioma) values (8, 'Position Among The Stars (Stand van de Sterren)', 1, 96, 'West Frisian');
insert into Peliculas (id_pelicula, nombre_pelicula, id_genero, duracion_pelicula, idioma) values (9, 'Prodigal Son, The (Tuhlaajapoika)', 26, 114, 'Telugu');
insert into Peliculas (id_pelicula, nombre_pelicula, id_genero, duracion_pelicula, idioma) values (10, 'Real McCoy, The', 71, 125, 'Japanese');
insert into Peliculas (id_pelicula, nombre_pelicula, id_genero, duracion_pelicula, idioma) values (11, 'Gaslight', 84, 90, 'German');
insert into Peliculas (id_pelicula, nombre_pelicula, id_genero, duracion_pelicula, idioma) values (12, 'Primer', 4, 97, 'Belarusian');
insert into Peliculas (id_pelicula, nombre_pelicula, id_genero, duracion_pelicula, idioma) values (13, 'Proof', 52, 122, 'Croatian');
insert into Peliculas (id_pelicula, nombre_pelicula, id_genero, duracion_pelicula, idioma) values (14, 'Oscar and the Lady in Pink', 79, 94, 'Arabic');
insert into Peliculas (id_pelicula, nombre_pelicula, id_genero, duracion_pelicula, idioma) values (15, 'Jack', 65, 119, 'Yiddish');
insert into Peliculas (id_pelicula, nombre_pelicula, id_genero, duracion_pelicula, idioma) values (16, 'Disaster Movie', 83, 130, 'Albanian');
insert into Peliculas (id_pelicula, nombre_pelicula, id_genero, duracion_pelicula, idioma) values (17, 'Welcome to Collinwood', 10, 92, 'Tok Pisin');
insert into Peliculas (id_pelicula, nombre_pelicula, id_genero, duracion_pelicula, idioma) values (18, 'Princess Protection Program', 98, 111, 'Irish Gaelic');
insert into Peliculas (id_pelicula, nombre_pelicula, id_genero, duracion_pelicula, idioma) values (19, 'Now, Voyager', 67, 104, 'Quechua');
insert into Peliculas (id_pelicula, nombre_pelicula, id_genero, duracion_pelicula, idioma) values (20, 'Paradise', 90, 104, 'Malay');
insert into Peliculas (id_pelicula, nombre_pelicula, id_genero, duracion_pelicula, idioma) values (21, 'In the Company of Men', 1, 128, 'Dutch');
insert into Peliculas (id_pelicula, nombre_pelicula, id_genero, duracion_pelicula, idioma) values (22, 'Liquidator, The', 45, 114, 'Tswana');
insert into Peliculas (id_pelicula, nombre_pelicula, id_genero, duracion_pelicula, idioma) values (23, 'Protocols of Zion', 77, 101, 'Zulu');
insert into Peliculas (id_pelicula, nombre_pelicula, id_genero, duracion_pelicula, idioma) values (24, 'Sparrow (a.k.a. Cultured Bird) (Man jeuk)', 47, 96, 'Yiddish');
insert into Peliculas (id_pelicula, nombre_pelicula, id_genero, duracion_pelicula, idioma) values (25, 'Rescue Dawn', 31, 108, 'Tswana');
insert into Peliculas (id_pelicula, nombre_pelicula, id_genero, duracion_pelicula, idioma) values (26, 'Paddington', 64, 107, 'Tswana');
insert into Peliculas (id_pelicula, nombre_pelicula, id_genero, duracion_pelicula, idioma) values (27, 'Sand Sharks', 88, 112, 'Sotho');
insert into Peliculas (id_pelicula, nombre_pelicula, id_genero, duracion_pelicula, idioma) values (28, 'Divorce, Le', 57, 118, 'Bosnian');
insert into Peliculas (id_pelicula, nombre_pelicula, id_genero, duracion_pelicula, idioma) values (29, 'Goofy Movie, A', 81, 100, 'Burmese');
insert into Peliculas (id_pelicula, nombre_pelicula, id_genero, duracion_pelicula, idioma) values (30, 'La liga no es cosa de hombres', 8, 102, 'Northern Sotho');
insert into Peliculas (id_pelicula, nombre_pelicula, id_genero, duracion_pelicula, idioma) values (31, 'Band Called Death, A', 90, 129, 'Afrikaans');
insert into Peliculas (id_pelicula, nombre_pelicula, id_genero, duracion_pelicula, idioma) values (32, 'Triad Underworld (Gong wu) (Jiang Hu)', 92, 112, 'Papiamento');
insert into Peliculas (id_pelicula, nombre_pelicula, id_genero, duracion_pelicula, idioma) values (33, 'Love Liza', 77, 99, 'Burmese');
insert into Peliculas (id_pelicula, nombre_pelicula, id_genero, duracion_pelicula, idioma) values (34, 'Tom at the Farm (Tom à la ferme)', 87, 96, 'Thai');
insert into Peliculas (id_pelicula, nombre_pelicula, id_genero, duracion_pelicula, idioma) values (35, 'I Will Fight No More Forever', 32, 106, 'Bengali');
insert into Peliculas (id_pelicula, nombre_pelicula, id_genero, duracion_pelicula, idioma) values (36, 'Sacrificio: Who Betrayed Che Guevara', 83, 114, 'Hindi');
insert into Peliculas (id_pelicula, nombre_pelicula, id_genero, duracion_pelicula, idioma) values (37, 'La Luna', 65, 115, 'Kurdish');
insert into Peliculas (id_pelicula, nombre_pelicula, id_genero, duracion_pelicula, idioma) values (38, 'Ultrasuede: In Search of Halston', 61, 119, 'Lithuanian');
insert into Peliculas (id_pelicula, nombre_pelicula, id_genero, duracion_pelicula, idioma) values (39, 'Smokin'' Aces 2: Assassins'' Ball', 92, 93, 'Polish');
insert into Peliculas (id_pelicula, nombre_pelicula, id_genero, duracion_pelicula, idioma) values (40, 'Nothing in Common', 85, 126, 'Punjabi');
insert into Peliculas (id_pelicula, nombre_pelicula, id_genero, duracion_pelicula, idioma) values (41, 'Night They Raided Minsky''s, The (Night They Invented Striptease, The)', 59, 121, 'Dhivehi');
insert into Peliculas (id_pelicula, nombre_pelicula, id_genero, duracion_pelicula, idioma) values (42, 'La Première étoile', 68, 128, 'Sotho');
insert into Peliculas (id_pelicula, nombre_pelicula, id_genero, duracion_pelicula, idioma) values (43, 'Diary of the Dead', 94, 112, 'Swahili');
insert into Peliculas (id_pelicula, nombre_pelicula, id_genero, duracion_pelicula, idioma) values (44, 'Dimples', 41, 122, 'Hiri Motu');
insert into Peliculas (id_pelicula, nombre_pelicula, id_genero, duracion_pelicula, idioma) values (45, 'Out of the Blue', 94, 118, 'Macedonian');
insert into Peliculas (id_pelicula, nombre_pelicula, id_genero, duracion_pelicula, idioma) values (46, 'Boost, The', 23, 113, 'Bulgarian');
insert into Peliculas (id_pelicula, nombre_pelicula, id_genero, duracion_pelicula, idioma) values (47, 'On the Run', 65, 91, 'Lao');
insert into Peliculas (id_pelicula, nombre_pelicula, id_genero, duracion_pelicula, idioma) values (48, 'Vincent', 46, 126, 'Montenegrin');
insert into Peliculas (id_pelicula, nombre_pelicula, id_genero, duracion_pelicula, idioma) values (49, 'Jean Renoir: Part One - From La Belle Époque to World War II', 40, 113, 'Khmer');
insert into Peliculas (id_pelicula, nombre_pelicula, id_genero, duracion_pelicula, idioma) values (50, 'Agent Vinod', 15, 130, 'Khmer');
insert into Peliculas (id_pelicula, nombre_pelicula, id_genero, duracion_pelicula, idioma) values (51, '35 Up', 44, 120, 'Ndebele');
insert into Peliculas (id_pelicula, nombre_pelicula, id_genero, duracion_pelicula, idioma) values (52, 'Nine Months', 51, 126, 'Khmer');
insert into Peliculas (id_pelicula, nombre_pelicula, id_genero, duracion_pelicula, idioma) values (53, 'Conceiving Ada', 99, 92, 'Lao');
insert into Peliculas (id_pelicula, nombre_pelicula, id_genero, duracion_pelicula, idioma) values (54, 'Flubber', 54, 128, 'Burmese');
insert into Peliculas (id_pelicula, nombre_pelicula, id_genero, duracion_pelicula, idioma) values (55, 'Gladiators, The (Gladiatorerna)', 91, 102, 'Georgian');
insert into Peliculas (id_pelicula, nombre_pelicula, id_genero, duracion_pelicula, idioma) values (56, 'Cutie Honey', 78, 97, 'Catalan');
insert into Peliculas (id_pelicula, nombre_pelicula, id_genero, duracion_pelicula, idioma) values (57, 'Abominable Dr. Phibes, The', 53, 126, 'Czech');
insert into Peliculas (id_pelicula, nombre_pelicula, id_genero, duracion_pelicula, idioma) values (58, 'Crimes Against Humanity', 57, 97, 'Croatian');
insert into Peliculas (id_pelicula, nombre_pelicula, id_genero, duracion_pelicula, idioma) values (59, 'Port of Shadows (Quai des brumes)', 77, 123, 'Dutch');
insert into Peliculas (id_pelicula, nombre_pelicula, id_genero, duracion_pelicula, idioma) values (60, 'Grapes of Wrath, The', 53, 122, 'Punjabi');
insert into Peliculas (id_pelicula, nombre_pelicula, id_genero, duracion_pelicula, idioma) values (61, 'Puff, Puff, Pass', 69, 96, 'Tok Pisin');
insert into Peliculas (id_pelicula, nombre_pelicula, id_genero, duracion_pelicula, idioma) values (62, 'Boogie Man: The Lee Atwater Story', 100, 105, 'Dhivehi');
insert into Peliculas (id_pelicula, nombre_pelicula, id_genero, duracion_pelicula, idioma) values (63, 'Glenn Miller Story, The', 82, 99, 'Ndebele');
insert into Peliculas (id_pelicula, nombre_pelicula, id_genero, duracion_pelicula, idioma) values (64, 'Beast of Yucca Flats, The', 22, 90, 'Swedish');
insert into Peliculas (id_pelicula, nombre_pelicula, id_genero, duracion_pelicula, idioma) values (65, 'Harry + Max', 62, 94, 'Gagauz');
insert into Peliculas (id_pelicula, nombre_pelicula, id_genero, duracion_pelicula, idioma) values (66, 'Miami Blues', 31, 96, 'Japanese');
insert into Peliculas (id_pelicula, nombre_pelicula, id_genero, duracion_pelicula, idioma) values (67, 'First Nudie Musical, The', 65, 104, 'Quechua');
insert into Peliculas (id_pelicula, nombre_pelicula, id_genero, duracion_pelicula, idioma) values (68, 'Dead Men Walk', 23, 117, 'Macedonian');
insert into Peliculas (id_pelicula, nombre_pelicula, id_genero, duracion_pelicula, idioma) values (69, 'How the Myth Was Made: A Study of Robert Flaherty''s Man of Aran', 79, 94, 'Romanian');
insert into Peliculas (id_pelicula, nombre_pelicula, id_genero, duracion_pelicula, idioma) values (70, 'Smiling Fish and Goat on Fire', 85, 124, 'Pashto');
insert into Peliculas (id_pelicula, nombre_pelicula, id_genero, duracion_pelicula, idioma) values (71, 'Wood & Stock: Sexo, Orégano e Rock''n''Roll', 34, 115, 'Malayalam');
insert into Peliculas (id_pelicula, nombre_pelicula, id_genero, duracion_pelicula, idioma) values (72, 'Cloverfield', 90, 92, 'Korean');
insert into Peliculas (id_pelicula, nombre_pelicula, id_genero, duracion_pelicula, idioma) values (73, 'Love Letter, The', 25, 125, 'Bislama');
insert into Peliculas (id_pelicula, nombre_pelicula, id_genero, duracion_pelicula, idioma) values (74, 'Kumiko, the Treasure Hunter', 57, 109, 'Malayalam');
insert into Peliculas (id_pelicula, nombre_pelicula, id_genero, duracion_pelicula, idioma) values (75, 'Constant Gardener, The', 9, 99, 'Portuguese');
insert into Peliculas (id_pelicula, nombre_pelicula, id_genero, duracion_pelicula, idioma) values (76, 'Hostile Witness', 47, 130, 'Guaraní');
insert into Peliculas (id_pelicula, nombre_pelicula, id_genero, duracion_pelicula, idioma) values (77, 'Last Call (Hoogste tijd)', 10, 100, 'Polish');
insert into Peliculas (id_pelicula, nombre_pelicula, id_genero, duracion_pelicula, idioma) values (78, 'Holokaustin värit', 38, 108, 'Māori');
insert into Peliculas (id_pelicula, nombre_pelicula, id_genero, duracion_pelicula, idioma) values (79, 'Alien from L.A.', 98, 117, 'New Zealand Sign Language');
insert into Peliculas (id_pelicula, nombre_pelicula, id_genero, duracion_pelicula, idioma) values (80, 'Turn Me On, Dammit! (Få meg på, for faen)', 35, 115, 'Gujarati');
insert into Peliculas (id_pelicula, nombre_pelicula, id_genero, duracion_pelicula, idioma) values (81, 'Transporter, The', 86, 126, 'Zulu');
insert into Peliculas (id_pelicula, nombre_pelicula, id_genero, duracion_pelicula, idioma) values (82, 'Wolfman, The', 85, 117, 'Thai');
insert into Peliculas (id_pelicula, nombre_pelicula, id_genero, duracion_pelicula, idioma) values (83, 'Femme Nikita, La (Nikita)', 70, 93, 'Tajik');
insert into Peliculas (id_pelicula, nombre_pelicula, id_genero, duracion_pelicula, idioma) values (84, 'Inseparable', 62, 115, 'Malay');
insert into Peliculas (id_pelicula, nombre_pelicula, id_genero, duracion_pelicula, idioma) values (85, 'Mikra Anglia', 74, 121, 'Hindi');
insert into Peliculas (id_pelicula, nombre_pelicula, id_genero, duracion_pelicula, idioma) values (86, 'Prime of Miss Jean Brodie, The', 7, 95, 'Dzongkha');
insert into Peliculas (id_pelicula, nombre_pelicula, id_genero, duracion_pelicula, idioma) values (87, 'Pride of the Yankees, The', 44, 120, 'Portuguese');
insert into Peliculas (id_pelicula, nombre_pelicula, id_genero, duracion_pelicula, idioma) values (88, 'Hustle & Flow', 91, 99, 'Pashto');
insert into Peliculas (id_pelicula, nombre_pelicula, id_genero, duracion_pelicula, idioma) values (89, 'Dragon Hunter', 96, 114, 'Haitian Creole');
insert into Peliculas (id_pelicula, nombre_pelicula, id_genero, duracion_pelicula, idioma) values (90, 'Intruder, The', 56, 127, 'Fijian');
insert into Peliculas (id_pelicula, nombre_pelicula, id_genero, duracion_pelicula, idioma) values (91, 'Sällskapsresan II - Snowroller', 55, 122, 'Irish Gaelic');
insert into Peliculas (id_pelicula, nombre_pelicula, id_genero, duracion_pelicula, idioma) values (92, 'Transylvania', 8, 112, 'Dzongkha');
insert into Peliculas (id_pelicula, nombre_pelicula, id_genero, duracion_pelicula, idioma) values (93, 'Cutlet for Three (Ein Schnitzel für drei)', 95, 109, 'Bosnian');
insert into Peliculas (id_pelicula, nombre_pelicula, id_genero, duracion_pelicula, idioma) values (94, 'Jealousy', 8, 122, 'Ndebele');
insert into Peliculas (id_pelicula, nombre_pelicula, id_genero, duracion_pelicula, idioma) values (95, 'Terror Within, The', 12, 94, 'Dhivehi');
insert into Peliculas (id_pelicula, nombre_pelicula, id_genero, duracion_pelicula, idioma) values (96, 'Shun Li and the Poet', 78, 96, 'Kazakh');
insert into Peliculas (id_pelicula, nombre_pelicula, id_genero, duracion_pelicula, idioma) values (97, 'American Buffalo', 93, 126, 'Northern Sotho');
insert into Peliculas (id_pelicula, nombre_pelicula, id_genero, duracion_pelicula, idioma) values (98, 'Paimen, piika ja emäntä', 46, 98, 'Amharic');
insert into Peliculas (id_pelicula, nombre_pelicula, id_genero, duracion_pelicula, idioma) values (99, 'Mother and Child', 32, 118, 'Yiddish');
insert into Peliculas (id_pelicula, nombre_pelicula, id_genero, duracion_pelicula, idioma) values (100, 'Rink, The', 13, 97, 'Lithuanian');

insert into Cines (id_cine, id_ubicacion, nombre_cine, telefono_cine) values (1, 13, 'Sodium Fluoride and Hydrofluoric Acid', '391-278-6201');
insert into Cines (id_cine, id_ubicacion, nombre_cine, telefono_cine) values (2, 67, 'Ciprofloxacin', '411-434-9971');
insert into Cines (id_cine, id_ubicacion, nombre_cine, telefono_cine) values (3, 74, 'Laxative', '318-135-9459');
insert into Cines (id_cine, id_ubicacion, nombre_cine, telefono_cine) values (4, 95, 'Diphenhydramine HCl', '532-267-8086');
insert into Cines (id_cine, id_ubicacion, nombre_cine, telefono_cine) values (5, 25, 'marcaine, lidocaine, kenalog, povidone iodine', '874-939-3963');
insert into Cines (id_cine, id_ubicacion, nombre_cine, telefono_cine) values (6, 77, 'BENZALKONIUM CHLORIDE', '600-918-4140');
insert into Cines (id_cine, id_ubicacion, nombre_cine, telefono_cine) values (7, 8, 'benztropine mesylate', '277-738-7296');
insert into Cines (id_cine, id_ubicacion, nombre_cine, telefono_cine) values (8, 10, 'Phenylephrine Hydrochloride', '784-532-5663');
insert into Cines (id_cine, id_ubicacion, nombre_cine, telefono_cine) values (9, 45, 'Bacitracin', '921-598-0675');
insert into Cines (id_cine, id_ubicacion, nombre_cine, telefono_cine) values (10, 11, 'TITANIUMDIOXIDE', '946-874-9113');
insert into Cines (id_cine, id_ubicacion, nombre_cine, telefono_cine) values (11, 64, 'Etodolac', '169-654-0878');
insert into Cines (id_cine, id_ubicacion, nombre_cine, telefono_cine) values (12, 24, 'Aspirin', '284-293-4982');
insert into Cines (id_cine, id_ubicacion, nombre_cine, telefono_cine) values (13, 5, 'repaglinide', '506-208-9782');
insert into Cines (id_cine, id_ubicacion, nombre_cine, telefono_cine) values (14, 84, 'Aspirin', '748-503-3318');
insert into Cines (id_cine, id_ubicacion, nombre_cine, telefono_cine) values (15, 9, 'Verticillium', '873-331-2607');
insert into Cines (id_cine, id_ubicacion, nombre_cine, telefono_cine) values (16, 9, 'Hydrocodone Bitartrate and Acetaminophen', '281-710-3133');
insert into Cines (id_cine, id_ubicacion, nombre_cine, telefono_cine) values (17, 8, 'TITANIUM DIOXIDE', '738-917-9647');
insert into Cines (id_cine, id_ubicacion, nombre_cine, telefono_cine) values (18, 70, 'Apis Aconitum', '147-604-7911');
insert into Cines (id_cine, id_ubicacion, nombre_cine, telefono_cine) values (19, 49, 'Lorazepam', '113-561-2250');
insert into Cines (id_cine, id_ubicacion, nombre_cine, telefono_cine) values (20, 70, 'Ceftazidime', '804-514-7675');
insert into Cines (id_cine, id_ubicacion, nombre_cine, telefono_cine) values (21, 29, 'Cocculus indicus, Colchicum autumnale, gelsemium sempervirens, Juniperus communis, Kali carbonicum, Kali phosphoricum, Nux vomica, Passiflora incarnata, Phosphoricum acidum, Phosphorus', '354-133-4744');
insert into Cines (id_cine, id_ubicacion, nombre_cine, telefono_cine) values (22, 16, 'Menthol Methyl Salicylate', '990-705-3655');
insert into Cines (id_cine, id_ubicacion, nombre_cine, telefono_cine) values (23, 81, 'ACETAMINOPHEN, PHENYLEPHRINE HYDROCHLORIDE', '131-160-4435');
insert into Cines (id_cine, id_ubicacion, nombre_cine, telefono_cine) values (24, 35, 'Acetaminophen', '327-659-4442');
insert into Cines (id_cine, id_ubicacion, nombre_cine, telefono_cine) values (25, 3, 'Fluconazole', '136-990-9281');
insert into Cines (id_cine, id_ubicacion, nombre_cine, telefono_cine) values (26, 28, 'varenicline tartrate', '548-688-8121');
insert into Cines (id_cine, id_ubicacion, nombre_cine, telefono_cine) values (27, 49, 'Chrysosplenium Chamomilla', '701-183-2947');
insert into Cines (id_cine, id_ubicacion, nombre_cine, telefono_cine) values (28, 71, 'ambrosia trifida pollen and ambrosia artemisiifolia pollen', '146-855-8666');
insert into Cines (id_cine, id_ubicacion, nombre_cine, telefono_cine) values (29, 17, 'Octinoxate, Zinc Oxide, Octisalate, Oxybenzone', '757-973-8722');
insert into Cines (id_cine, id_ubicacion, nombre_cine, telefono_cine) values (30, 63, 'DEXTROMETHORPHAN HYDROBROMIDE, DOXYLAMINE SUCCINATE', '528-898-1939');
insert into Cines (id_cine, id_ubicacion, nombre_cine, telefono_cine) values (31, 90, 'Hydroxychloroquine Sulfate', '152-869-1276');
insert into Cines (id_cine, id_ubicacion, nombre_cine, telefono_cine) values (32, 51, 'Acetaminophen and Codeine Phosphate', '281-580-7016');
insert into Cines (id_cine, id_ubicacion, nombre_cine, telefono_cine) values (33, 87, 'Titanium Dioxide and Zinc Oxide', '445-251-5768');
insert into Cines (id_cine, id_ubicacion, nombre_cine, telefono_cine) values (34, 37, 'Urea', '187-535-6018');
insert into Cines (id_cine, id_ubicacion, nombre_cine, telefono_cine) values (35, 82, 'acetaminophen and caffeine', '498-371-4233');
insert into Cines (id_cine, id_ubicacion, nombre_cine, telefono_cine) values (36, 30, 'Pioglitazone and metformin', '208-684-6043');
insert into Cines (id_cine, id_ubicacion, nombre_cine, telefono_cine) values (37, 39, 'Air', '701-195-7239');
insert into Cines (id_cine, id_ubicacion, nombre_cine, telefono_cine) values (38, 32, 'baclofen', '228-112-7313');
insert into Cines (id_cine, id_ubicacion, nombre_cine, telefono_cine) values (39, 36, 'CHLOROXYLENOL', '484-476-6591');
insert into Cines (id_cine, id_ubicacion, nombre_cine, telefono_cine) values (40, 49, 'acetaminophen and codeine phosphate', '920-478-2380');
insert into Cines (id_cine, id_ubicacion, nombre_cine, telefono_cine) values (41, 71, 'Pyrithione Zinc', '429-981-3137');
insert into Cines (id_cine, id_ubicacion, nombre_cine, telefono_cine) values (42, 47, 'Dextroamphetamine Sulfate', '311-182-5004');
insert into Cines (id_cine, id_ubicacion, nombre_cine, telefono_cine) values (43, 68, 'leflunomide', '339-153-5249');
insert into Cines (id_cine, id_ubicacion, nombre_cine, telefono_cine) values (44, 8, 'Carvedilol', '652-474-1394');
insert into Cines (id_cine, id_ubicacion, nombre_cine, telefono_cine) values (45, 63, 'Menthol, zinc oxide', '486-865-0932');
insert into Cines (id_cine, id_ubicacion, nombre_cine, telefono_cine) values (46, 44, 'Natrum Muriaticum', '438-688-5025');
insert into Cines (id_cine, id_ubicacion, nombre_cine, telefono_cine) values (47, 39, 'Ibuprofen', '227-578-7889');
insert into Cines (id_cine, id_ubicacion, nombre_cine, telefono_cine) values (48, 28, 'TITANIUM DIOXIDE, OCTINOXATE', '665-583-1860');
insert into Cines (id_cine, id_ubicacion, nombre_cine, telefono_cine) values (49, 72, 'Escitalopram', '739-442-7133');
insert into Cines (id_cine, id_ubicacion, nombre_cine, telefono_cine) values (50, 38, 'Bismuth subsalicylate', '334-578-9803');
insert into Cines (id_cine, id_ubicacion, nombre_cine, telefono_cine) values (51, 20, 'ASPIRIN', '236-574-1452');
insert into Cines (id_cine, id_ubicacion, nombre_cine, telefono_cine) values (52, 63, 'Avobenzone, Octisalate, Octocrylene, and Oxybenzone', '610-567-8661');
insert into Cines (id_cine, id_ubicacion, nombre_cine, telefono_cine) values (53, 60, 'Titanium Dioxide, Zinc Oxide', '851-549-9865');
insert into Cines (id_cine, id_ubicacion, nombre_cine, telefono_cine) values (54, 48, 'Octinoxate, Oxybenzone', '115-629-4064');
insert into Cines (id_cine, id_ubicacion, nombre_cine, telefono_cine) values (55, 99, 'Pheniramine Maleate and Naphazoline Hydrochloride', '983-802-5545');
insert into Cines (id_cine, id_ubicacion, nombre_cine, telefono_cine) values (56, 63, 'Risperidone', '967-352-2442');
insert into Cines (id_cine, id_ubicacion, nombre_cine, telefono_cine) values (57, 100, 'avobenzone, homosalate, octisalate, octocrylene, oxybenzone', '609-108-7594');
insert into Cines (id_cine, id_ubicacion, nombre_cine, telefono_cine) values (58, 19, 'ibuprofen', '715-664-2990');
insert into Cines (id_cine, id_ubicacion, nombre_cine, telefono_cine) values (59, 57, 'norgestimate and ethinyl estradiol', '634-877-2328');
insert into Cines (id_cine, id_ubicacion, nombre_cine, telefono_cine) values (60, 10, 'Alternaria tenuis', '251-794-5527');
insert into Cines (id_cine, id_ubicacion, nombre_cine, telefono_cine) values (61, 12, 'ydrocodone bitartrate and acetaminophen', '368-798-7019');
insert into Cines (id_cine, id_ubicacion, nombre_cine, telefono_cine) values (62, 33, 'Dextromethorphan Hydrobromide, Guaifenesin, Phenylephrine Hydrochloride', '128-775-8005');
insert into Cines (id_cine, id_ubicacion, nombre_cine, telefono_cine) values (63, 40, 'fondaparinux sodium', '332-421-4538');
insert into Cines (id_cine, id_ubicacion, nombre_cine, telefono_cine) values (64, 20, 'Aluminum Zirconium Tetrachlorohydrex Gly', '264-821-0222');
insert into Cines (id_cine, id_ubicacion, nombre_cine, telefono_cine) values (65, 52, 'amiodarone hydrochloride', '932-715-0421');
insert into Cines (id_cine, id_ubicacion, nombre_cine, telefono_cine) values (66, 87, 'Aethusa cynapium 6X, Cocculus indicus 12X, Colchicum autumnale 12X, Ipecacuanha 8X, Nux vomica 30X, Petroleum 12X, Veratrum album 30X', '883-863-9035');
insert into Cines (id_cine, id_ubicacion, nombre_cine, telefono_cine) values (67, 62, 'purified water', '126-273-9838');
insert into Cines (id_cine, id_ubicacion, nombre_cine, telefono_cine) values (68, 33, 'Chloroxylenol', '972-873-8438');
insert into Cines (id_cine, id_ubicacion, nombre_cine, telefono_cine) values (69, 85, 'Aconitum napellus, Argentum nitricum, Arnica montana, Valeriana officinalis', '473-987-7064');
insert into Cines (id_cine, id_ubicacion, nombre_cine, telefono_cine) values (70, 37, 'fluticasone propionate', '480-738-6140');
insert into Cines (id_cine, id_ubicacion, nombre_cine, telefono_cine) values (71, 51, 'Acetaminophen, Dextromethorphan Hydrobromide, Phenylephrine Hydrochloride', '667-519-6615');
insert into Cines (id_cine, id_ubicacion, nombre_cine, telefono_cine) values (72, 50, 'Calcium Carbonate', '592-882-8425');
insert into Cines (id_cine, id_ubicacion, nombre_cine, telefono_cine) values (73, 16, 'NAJA NAJA VENOM', '927-251-5820');
insert into Cines (id_cine, id_ubicacion, nombre_cine, telefono_cine) values (74, 57, 'Acetaminophen', '318-585-1326');
insert into Cines (id_cine, id_ubicacion, nombre_cine, telefono_cine) values (75, 23, 'Glyburide', '253-973-2391');
insert into Cines (id_cine, id_ubicacion, nombre_cine, telefono_cine) values (76, 5, 'Cedar, Red Juniperus virginiana', '606-552-2471');
insert into Cines (id_cine, id_ubicacion, nombre_cine, telefono_cine) values (77, 24, 'ALCOHOL', '887-951-5213');
insert into Cines (id_cine, id_ubicacion, nombre_cine, telefono_cine) values (78, 94, 'SPIRONOLACTONE', '914-218-6344');
insert into Cines (id_cine, id_ubicacion, nombre_cine, telefono_cine) values (79, 92, 'Lisinopril and Hydrochlorothiazide', '906-137-8375');
insert into Cines (id_cine, id_ubicacion, nombre_cine, telefono_cine) values (80, 21, 'Ascorbic Acid, .Alpha.-Tocopherol, Pyridoxine, Folic Acid, Calcium, Iron, Cholecalciferol, CRYPTHECODINIUM COHNII DHA OIL, and Docusate Sodium', '122-297-5059');
insert into Cines (id_cine, id_ubicacion, nombre_cine, telefono_cine) values (81, 72, 'Losartan Potassium', '333-884-2521');
insert into Cines (id_cine, id_ubicacion, nombre_cine, telefono_cine) values (82, 62, 'alendronate sodium', '442-131-6931');
insert into Cines (id_cine, id_ubicacion, nombre_cine, telefono_cine) values (83, 9, 'Benazepril hydrochloride', '883-964-7014');
insert into Cines (id_cine, id_ubicacion, nombre_cine, telefono_cine) values (84, 37, 'Ambrosia dumosa', '240-181-9396');
insert into Cines (id_cine, id_ubicacion, nombre_cine, telefono_cine) values (85, 87, 'Anastrozole', '596-931-0499');
insert into Cines (id_cine, id_ubicacion, nombre_cine, telefono_cine) values (86, 29, 'alendronate sodium', '733-359-8144');
insert into Cines (id_cine, id_ubicacion, nombre_cine, telefono_cine) values (87, 63, 'Phenylephrine Hydrochloride', '507-649-1115');
insert into Cines (id_cine, id_ubicacion, nombre_cine, telefono_cine) values (88, 38, 'psyllium husk', '161-714-0530');
insert into Cines (id_cine, id_ubicacion, nombre_cine, telefono_cine) values (89, 60, 'ZIPRASIDONE HYDROCHLORIDE', '594-919-1394');
insert into Cines (id_cine, id_ubicacion, nombre_cine, telefono_cine) values (90, 70, 'Pyrrole', '717-949-2639');
insert into Cines (id_cine, id_ubicacion, nombre_cine, telefono_cine) values (91, 44, 'Octinoxate, Octisalate, Oxybenzone, Titanium Dioxide', '117-477-7794');
insert into Cines (id_cine, id_ubicacion, nombre_cine, telefono_cine) values (92, 38, 'Berberis Vulgaris, Petroselinum Sativum, Sabal Serrulata, Uva Ursi, CAntharis, Lithium Carbonicum, Mercurius Corrosivus', '385-138-6521');
insert into Cines (id_cine, id_ubicacion, nombre_cine, telefono_cine) values (93, 38, 'moxifloxacin hydrochloride', '151-613-1700');
insert into Cines (id_cine, id_ubicacion, nombre_cine, telefono_cine) values (94, 92, 'TOPICAL STARCH', '172-275-9918');
insert into Cines (id_cine, id_ubicacion, nombre_cine, telefono_cine) values (95, 4, 'Western Water Hemp', '757-452-8395');
insert into Cines (id_cine, id_ubicacion, nombre_cine, telefono_cine) values (96, 66, 'ESCITALOPRAM OXALATE', '950-352-2369');
insert into Cines (id_cine, id_ubicacion, nombre_cine, telefono_cine) values (97, 55, 'Dextromethorphan HBr, Guaifenesin', '609-482-3277');
insert into Cines (id_cine, id_ubicacion, nombre_cine, telefono_cine) values (98, 33, 'Enalapril Maleate', '490-844-3612');
insert into Cines (id_cine, id_ubicacion, nombre_cine, telefono_cine) values (99, 40, 'Alendronate Sodium', '235-456-9607');
insert into Cines (id_cine, id_ubicacion, nombre_cine, telefono_cine) values (100, 22, 'Aluminum Chlorohydrate', '890-459-9047');


insert into Tipos_salas (id_tipo_sala, nombre, descripcion) values (1, 'Western Wart Lichen', 'Remove corneal implant');
insert into Tipos_salas (id_tipo_sala, nombre, descripcion) values (2, 'Chaparral Ragwort', 'Revis cutan ileoureteros');
insert into Tipos_salas (id_tipo_sala, nombre, descripcion) values (3, 'Orthothecium Moss', 'Local perfusion liver');
insert into Tipos_salas (id_tipo_sala, nombre, descripcion) values (4, 'Farinose Crabseye Lichen', 'Ankle synovectomy');
insert into Tipos_salas (id_tipo_sala, nombre, descripcion) values (5, 'Xanthocephalum', 'Excision lingual tonsil');
insert into Tipos_salas (id_tipo_sala, nombre, descripcion) values (6, 'Ixora', 'Part ostect-metacar/car');
insert into Tipos_salas (id_tipo_sala, nombre, descripcion) values (7, 'Leptosiphon', 'Clos endoscopic lung bx');
insert into Tipos_salas (id_tipo_sala, nombre, descripcion) values (8, 'Piedmont Threeawn', 'CAS w multiple datasets');
insert into Tipos_salas (id_tipo_sala, nombre, descripcion) values (9, 'Low Sandmat', 'Autotrnsplnt islets lang');
insert into Tipos_salas (id_tipo_sala, nombre, descripcion) values (10, 'Curtis'' Threeawn', 'Cl red-int fix rad/ulna');
insert into Tipos_salas (id_tipo_sala, nombre, descripcion) values (11, 'Doll''s Daisy', 'BBBD via infusion');
insert into Tipos_salas (id_tipo_sala, nombre, descripcion) values (12, 'Texas Vervain', 'Incision of testes');
insert into Tipos_salas (id_tipo_sala, nombre, descripcion) values (13, 'Thelopsis Lichen', 'Cryosurg destr rect les');
insert into Tipos_salas (id_tipo_sala, nombre, descripcion) values (14, 'Pacific Fescue', 'Hypothermia');
insert into Tipos_salas (id_tipo_sala, nombre, descripcion) values (15, 'Yellow Mandarin', 'Control bladd hemorrhage');
insert into Tipos_salas (id_tipo_sala, nombre, descripcion) values (16, 'Compact Prairie Clover', 'Other arthrotomy NOS');
insert into Tipos_salas (id_tipo_sala, nombre, descripcion) values (17, 'Brasiletto', 'Nephropexy');
insert into Tipos_salas (id_tipo_sala, nombre, descripcion) values (18, 'Tangor', 'Osteopath manipulat NEC');
insert into Tipos_salas (id_tipo_sala, nombre, descripcion) values (19, 'Florida Pineland Spurge', 'Other myectomy');
insert into Tipos_salas (id_tipo_sala, nombre, descripcion) values (20, 'Louisiana Quillwort', 'Lap adhesiolys ova/tube');
insert into Tipos_salas (id_tipo_sala, nombre, descripcion) values (21, 'Hairy Canary-clover', 'Endo imp oth grf abd aor');
insert into Tipos_salas (id_tipo_sala, nombre, descripcion) values (22, 'Forest Scurfpea', 'Patellar sequestrectomy');
insert into Tipos_salas (id_tipo_sala, nombre, descripcion) values (23, 'Silverweed', 'Repl joint of foot, toe');
insert into Tipos_salas (id_tipo_sala, nombre, descripcion) values (24, 'Cockspur', 'Oth remove both ovaries');
insert into Tipos_salas (id_tipo_sala, nombre, descripcion) values (25, 'Rough Cocklebur', 'Revise disc prost cerv');
insert into Tipos_salas (id_tipo_sala, nombre, descripcion) values (26, 'Berlandier''s Jopoy', 'Sinusectomy NOS');
insert into Tipos_salas (id_tipo_sala, nombre, descripcion) values (27, 'Corn Spurry', 'Other hydrotherapy');
insert into Tipos_salas (id_tipo_sala, nombre, descripcion) values (28, 'Schweinitz''s Ragwort', 'Thumb reattachment');
insert into Tipos_salas (id_tipo_sala, nombre, descripcion) values (29, 'Carlquist''s Tarweed', 'Biopsy of diaphragm');
insert into Tipos_salas (id_tipo_sala, nombre, descripcion) values (30, 'Lemmon''s Lessingia', 'Other eyelid incision');
insert into Tipos_salas (id_tipo_sala, nombre, descripcion) values (31, 'Curtiss'' Lespedeza', 'Reduct intuss ali tract');
insert into Tipos_salas (id_tipo_sala, nombre, descripcion) values (32, 'Feijoa', 'Cystotomy & adhesiolysis');
insert into Tipos_salas (id_tipo_sala, nombre, descripcion) values (33, 'Hypotrachyna Lichen', 'Close rectal fist NEC');
insert into Tipos_salas (id_tipo_sala, nombre, descripcion) values (34, 'Natal Orange', 'Smallpox vaccination');
insert into Tipos_salas (id_tipo_sala, nombre, descripcion) values (35, 'Black Cottonwood', 'Psychia interv/eval NEC');
insert into Tipos_salas (id_tipo_sala, nombre, descripcion) values (36, 'New England Fontinalis Moss', 'Vaginoscopy');
insert into Tipos_salas (id_tipo_sala, nombre, descripcion) values (37, 'Little Quakinggrass', 'Retinal tear cryotherapy');
insert into Tipos_salas (id_tipo_sala, nombre, descripcion) values (38, 'Prairie Acacia', 'Limb lengthn-metatar/tar');
insert into Tipos_salas (id_tipo_sala, nombre, descripcion) values (39, 'Thickleaf Phlox', 'Cord/epid/vas ops NEC');
insert into Tipos_salas (id_tipo_sala, nombre, descripcion) values (40, 'Small-leaf Fiddleleaf', 'Suture urethral lacerat');
insert into Tipos_salas (id_tipo_sala, nombre, descripcion) values (41, 'Blemished Lichen', 'Bladder reconstruction');
insert into Tipos_salas (id_tipo_sala, nombre, descripcion) values (42, 'San Diego Povertyweed', 'Skull plate insertion');
insert into Tipos_salas (id_tipo_sala, nombre, descripcion) values (43, 'Western Daisy Fleabane', 'Percu abdominal drainage');
insert into Tipos_salas (id_tipo_sala, nombre, descripcion) values (44, 'Soxman''s Milkvetch', 'Oth trachea dx procedure');
insert into Tipos_salas (id_tipo_sala, nombre, descripcion) values (45, 'Wedgeleaf Horkelia', 'Hysterectomy NEC/NOS');
insert into Tipos_salas (id_tipo_sala, nombre, descripcion) values (46, 'Bering Hairgrass', 'Blow therapeut into tube');
insert into Tipos_salas (id_tipo_sala, nombre, descripcion) values (47, 'Oat', 'Bil fem hern repair-grft');
insert into Tipos_salas (id_tipo_sala, nombre, descripcion) values (48, 'Anisomeridium Lichen', 'Arthroplas metacarp wit');
insert into Tipos_salas (id_tipo_sala, nombre, descripcion) values (49, 'Annual Sandwort', 'Rad subtot pancreatectom');
insert into Tipos_salas (id_tipo_sala, nombre, descripcion) values (50, 'Forbes''s Hawthorn', 'Insert removable bridge');
insert into Tipos_salas (id_tipo_sala, nombre, descripcion) values (51, 'Bitter Panicgrass', 'Parasitology-upper urin');
insert into Tipos_salas (id_tipo_sala, nombre, descripcion) values (52, 'Arctic Willowherb', 'Spine tract w skull dev');
insert into Tipos_salas (id_tipo_sala, nombre, descripcion) values (53, 'Eleutheranthera', 'Repl pacem w dual-cham');
insert into Tipos_salas (id_tipo_sala, nombre, descripcion) values (54, 'Orthotrichum Moss', 'Eswl gb/bile duct');
insert into Tipos_salas (id_tipo_sala, nombre, descripcion) values (55, 'Bellybutton Veinfern', 'Scler fistuliz w iridect');
insert into Tipos_salas (id_tipo_sala, nombre, descripcion) values (56, 'Felt Lichen', 'Thoraco robotic ast proc');
insert into Tipos_salas (id_tipo_sala, nombre, descripcion) values (57, 'Narihira Bamboo', 'C-vasc scan/isotop funct');
insert into Tipos_salas (id_tipo_sala, nombre, descripcion) values (58, 'Stinking Milkvetch', 'Nasal function study');
insert into Tipos_salas (id_tipo_sala, nombre, descripcion) values (59, 'Racemed Milkwort', 'C-vasc scan/isotop funct');
insert into Tipos_salas (id_tipo_sala, nombre, descripcion) values (60, 'Rosy Owl''s-clover', 'Excise patella for graft');
insert into Tipos_salas (id_tipo_sala, nombre, descripcion) values (61, 'Slender Spikerush', 'Oth vagin pessary insert');
insert into Tipos_salas (id_tipo_sala, nombre, descripcion) values (62, 'Cox''s Mariposa Lily', 'Dilat enterostomy stoma');
insert into Tipos_salas (id_tipo_sala, nombre, descripcion) values (63, 'Streambank Copperleaf', 'Loc exc les metacar/car');
insert into Tipos_salas (id_tipo_sala, nombre, descripcion) values (64, 'Sierra Stonecrop', 'Phonocardiogram');
insert into Tipos_salas (id_tipo_sala, nombre, descripcion) values (65, 'Annual Muhly', 'Lap lys perivesureth adh');
insert into Tipos_salas (id_tipo_sala, nombre, descripcion) values (66, 'Rio Grande Tonguefern', 'Appl ext fix-metatar/tar');
insert into Tipos_salas (id_tipo_sala, nombre, descripcion) values (67, 'Sweet Autumn Virginsbower', 'Loc exc les metacar/car');
insert into Tipos_salas (id_tipo_sala, nombre, descripcion) values (68, 'Arkansas River Feverfew', 'Vag hysterectomy NEC/NOS');
insert into Tipos_salas (id_tipo_sala, nombre, descripcion) values (69, 'Stinkvine', 'Incision of lid margin');
insert into Tipos_salas (id_tipo_sala, nombre, descripcion) values (70, 'Wedgeleaf Fleabane', 'Sing source radiosurgery');
insert into Tipos_salas (id_tipo_sala, nombre, descripcion) values (71, 'Stone Rubberweed', 'Phonocardiogram');
insert into Tipos_salas (id_tipo_sala, nombre, descripcion) values (72, 'Yellow Star-tulip', 'Pacemaker volt threshold');
insert into Tipos_salas (id_tipo_sala, nombre, descripcion) values (73, 'Parry''s Rush', 'Referral alcohol rehab');
insert into Tipos_salas (id_tipo_sala, nombre, descripcion) values (74, 'Antilles Heliotrope', 'Inject ca chemother NEC');
insert into Tipos_salas (id_tipo_sala, nombre, descripcion) values (75, 'California Sweetcicely', 'Refusion of spine NEC');
insert into Tipos_salas (id_tipo_sala, nombre, descripcion) values (76, 'Virginia Glasswort', 'Lap left hemicolectomy');
insert into Tipos_salas (id_tipo_sala, nombre, descripcion) values (77, 'Desert Goldenrod', 'Cell blk/pap-spleen/marr');
insert into Tipos_salas (id_tipo_sala, nombre, descripcion) values (78, 'Karanda', 'Small bowel incision NEC');
insert into Tipos_salas (id_tipo_sala, nombre, descripcion) values (79, 'Squarestem', 'Lid marg lac rx-part th');
insert into Tipos_salas (id_tipo_sala, nombre, descripcion) values (80, 'Sheldon''s Sedge', 'Osteoplasty mandible bdy');
insert into Tipos_salas (id_tipo_sala, nombre, descripcion) values (81, 'Bearded Cinquefoil', 'Cranial sinus i & d');
insert into Tipos_salas (id_tipo_sala, nombre, descripcion) values (82, 'Back''s Sedge', 'Repair rectovag fistula');
insert into Tipos_salas (id_tipo_sala, nombre, descripcion) values (83, 'Big Red Stem Moss', 'Inject into thorax cavit');
insert into Tipos_salas (id_tipo_sala, nombre, descripcion) values (84, 'Tufted Evening Primrose', 'Stern interposition NEC');
insert into Tipos_salas (id_tipo_sala, nombre, descripcion) values (85, 'Superb Beardtongue', 'Pull-thru rect resec NEC');
insert into Tipos_salas (id_tipo_sala, nombre, descripcion) values (86, 'Australasian Catchbirdtree', 'Transab cerclage cervix');
insert into Tipos_salas (id_tipo_sala, nombre, descripcion) values (87, 'Indianhemp', 'Repair of spleen');
insert into Tipos_salas (id_tipo_sala, nombre, descripcion) values (88, 'Pacific Aster', 'Ventricl shunt-head/neck');
insert into Tipos_salas (id_tipo_sala, nombre, descripcion) values (89, 'Southern Blue Monkshood', 'Syn implant to face bone');
insert into Tipos_salas (id_tipo_sala, nombre, descripcion) values (90, 'Serpentine Savory', 'Tongue operation NEC');
insert into Tipos_salas (id_tipo_sala, nombre, descripcion) values (91, 'Greenviolet', 'Skl xray-shoulder/up arm');
insert into Tipos_salas (id_tipo_sala, nombre, descripcion) values (92, 'Stiffstem Flax', 'Biliary tube irrigation');
insert into Tipos_salas (id_tipo_sala, nombre, descripcion) values (93, 'Bougainvillea', 'Epiglottidectomy');
insert into Tipos_salas (id_tipo_sala, nombre, descripcion) values (94, 'Bellwort', 'Corneal incision');
insert into Tipos_salas (id_tipo_sala, nombre, descripcion) values (95, 'Pringle''s Phacelia', 'Fus/refus 9 vertebrae');
insert into Tipos_salas (id_tipo_sala, nombre, descripcion) values (96, 'Shield Lichen', 'Plast op hnd-mus/fas grf');
insert into Tipos_salas (id_tipo_sala, nombre, descripcion) values (97, 'Nineleaf Biscuitroot', 'Debrid opn fx-metat/tar');
insert into Tipos_salas (id_tipo_sala, nombre, descripcion) values (98, 'Narrowleaf Colicwood', 'Skl xray-shoulder/up arm');
insert into Tipos_salas (id_tipo_sala, nombre, descripcion) values (99, 'Roland''s Seablite', 'Seminal vesicle op NEC');
insert into Tipos_salas (id_tipo_sala, nombre, descripcion) values (100, 'Euryale', 'Extraoc musc dx proc NEC');

insert into Salas (id_sala, nombre_sala, id_tipo_sala, sala_capacidad, id_cine) values (1, 'Common Sotol', 92, 70, 28);
insert into Salas (id_sala, nombre_sala, id_tipo_sala, sala_capacidad, id_cine) values (2, 'Pelotazo', 67, 51, 93);
insert into Salas (id_sala, nombre_sala, id_tipo_sala, sala_capacidad, id_cine) values (3, 'Donner Lake Lupine', 95, 50, 92);
insert into Salas (id_sala, nombre_sala, id_tipo_sala, sala_capacidad, id_cine) values (4, 'Helocarpon Lichen', 99, 67, 89);
insert into Salas (id_sala, nombre_sala, id_tipo_sala, sala_capacidad, id_cine) values (5, 'Lesser Yellowthroat Gilia', 13, 57, 91);
insert into Salas (id_sala, nombre_sala, id_tipo_sala, sala_capacidad, id_cine) values (6, 'Largeflower Triteleia', 6, 66, 18);
insert into Salas (id_sala, nombre_sala, id_tipo_sala, sala_capacidad, id_cine) values (7, 'Mayaca', 12, 52, 44);
insert into Salas (id_sala, nombre_sala, id_tipo_sala, sala_capacidad, id_cine) values (8, 'Mascarene Island Leaf-flower', 99, 67, 66);
insert into Salas (id_sala, nombre_sala, id_tipo_sala, sala_capacidad, id_cine) values (9, 'Bristly Speargrass', 82, 64, 8);
insert into Salas (id_sala, nombre_sala, id_tipo_sala, sala_capacidad, id_cine) values (10, 'Summer Holly', 66, 56, 22);
insert into Salas (id_sala, nombre_sala, id_tipo_sala, sala_capacidad, id_cine) values (11, 'Bristly Fiddleneck', 44, 50, 2);
insert into Salas (id_sala, nombre_sala, id_tipo_sala, sala_capacidad, id_cine) values (12, 'Yellow Loosestrife', 75, 53, 86);
insert into Salas (id_sala, nombre_sala, id_tipo_sala, sala_capacidad, id_cine) values (13, 'Blueleaf Beardtongue', 18, 52, 12);
insert into Salas (id_sala, nombre_sala, id_tipo_sala, sala_capacidad, id_cine) values (14, 'Carpet Burrweed', 83, 57, 23);
insert into Salas (id_sala, nombre_sala, id_tipo_sala, sala_capacidad, id_cine) values (15, 'Cliff Fern', 77, 67, 82);
insert into Salas (id_sala, nombre_sala, id_tipo_sala, sala_capacidad, id_cine) values (16, 'Hidden Orchid', 24, 55, 36);
insert into Salas (id_sala, nombre_sala, id_tipo_sala, sala_capacidad, id_cine) values (17, 'King''s Compact Sandwort', 18, 52, 96);
insert into Salas (id_sala, nombre_sala, id_tipo_sala, sala_capacidad, id_cine) values (18, 'American Hornbeam', 10, 66, 70);
insert into Salas (id_sala, nombre_sala, id_tipo_sala, sala_capacidad, id_cine) values (19, 'Lakeshore Sedge', 11, 61, 60);
insert into Salas (id_sala, nombre_sala, id_tipo_sala, sala_capacidad, id_cine) values (20, 'Gray''s Flatsedge', 51, 52, 75);
insert into Salas (id_sala, nombre_sala, id_tipo_sala, sala_capacidad, id_cine) values (21, 'Largeflower Yellow False Foxglove', 75, 68, 21);
insert into Salas (id_sala, nombre_sala, id_tipo_sala, sala_capacidad, id_cine) values (22, 'Forest Spleenwort', 31, 59, 28);
insert into Salas (id_sala, nombre_sala, id_tipo_sala, sala_capacidad, id_cine) values (23, 'Asian Indigo', 22, 57, 15);
insert into Salas (id_sala, nombre_sala, id_tipo_sala, sala_capacidad, id_cine) values (24, 'Gyalideopsis Lichen', 72, 61, 67);
insert into Salas (id_sala, nombre_sala, id_tipo_sala, sala_capacidad, id_cine) values (25, 'Creeping Nicker', 63, 57, 54);
insert into Salas (id_sala, nombre_sala, id_tipo_sala, sala_capacidad, id_cine) values (26, 'Australian Panicgrass', 48, 69, 8);
insert into Salas (id_sala, nombre_sala, id_tipo_sala, sala_capacidad, id_cine) values (27, 'Santa Rosa Mountains Linanthus', 75, 66, 49);
insert into Salas (id_sala, nombre_sala, id_tipo_sala, sala_capacidad, id_cine) values (28, 'Western Giant Hyssop', 76, 69, 47);
insert into Salas (id_sala, nombre_sala, id_tipo_sala, sala_capacidad, id_cine) values (29, 'Shredding Suncup', 64, 57, 62);
insert into Salas (id_sala, nombre_sala, id_tipo_sala, sala_capacidad, id_cine) values (30, 'Tall Buckwheat', 57, 64, 13);
insert into Salas (id_sala, nombre_sala, id_tipo_sala, sala_capacidad, id_cine) values (31, 'Beard Lichen', 78, 62, 19);
insert into Salas (id_sala, nombre_sala, id_tipo_sala, sala_capacidad, id_cine) values (32, 'Lemmon''s Alkaligrass', 3, 50, 65);
insert into Salas (id_sala, nombre_sala, id_tipo_sala, sala_capacidad, id_cine) values (33, 'Arctic Sweetgrass', 97, 66, 5);
insert into Salas (id_sala, nombre_sala, id_tipo_sala, sala_capacidad, id_cine) values (34, 'Gridscale Maiden Fern', 8, 53, 42);
insert into Salas (id_sala, nombre_sala, id_tipo_sala, sala_capacidad, id_cine) values (35, 'Viscid Acacia', 36, 58, 90);
insert into Salas (id_sala, nombre_sala, id_tipo_sala, sala_capacidad, id_cine) values (36, 'Pink Cudweed', 48, 53, 42);
insert into Salas (id_sala, nombre_sala, id_tipo_sala, sala_capacidad, id_cine) values (37, 'Cream Milkvetch', 83, 52, 69);
insert into Salas (id_sala, nombre_sala, id_tipo_sala, sala_capacidad, id_cine) values (38, 'California Muhly', 97, 53, 94);
insert into Salas (id_sala, nombre_sala, id_tipo_sala, sala_capacidad, id_cine) values (39, 'Lygeum', 14, 59, 28);
insert into Salas (id_sala, nombre_sala, id_tipo_sala, sala_capacidad, id_cine) values (40, 'Funnel Lily', 51, 51, 77);
insert into Salas (id_sala, nombre_sala, id_tipo_sala, sala_capacidad, id_cine) values (41, 'Rim Lichen', 42, 64, 31);
insert into Salas (id_sala, nombre_sala, id_tipo_sala, sala_capacidad, id_cine) values (42, 'American Ocellularia Lichen', 3, 50, 35);
insert into Salas (id_sala, nombre_sala, id_tipo_sala, sala_capacidad, id_cine) values (43, 'Leafy Brickellbush', 69, 68, 7);
insert into Salas (id_sala, nombre_sala, id_tipo_sala, sala_capacidad, id_cine) values (44, 'Weber''s Cryptantha', 64, 59, 68);
insert into Salas (id_sala, nombre_sala, id_tipo_sala, sala_capacidad, id_cine) values (45, 'Shortcoal Bluegrass', 48, 53, 69);
insert into Salas (id_sala, nombre_sala, id_tipo_sala, sala_capacidad, id_cine) values (46, 'Lecidea Lichen', 44, 50, 83);
insert into Salas (id_sala, nombre_sala, id_tipo_sala, sala_capacidad, id_cine) values (47, 'False Yam', 86, 65, 14);
insert into Salas (id_sala, nombre_sala, id_tipo_sala, sala_capacidad, id_cine) values (48, 'Cortez''s Croton', 41, 69, 11);
insert into Salas (id_sala, nombre_sala, id_tipo_sala, sala_capacidad, id_cine) values (49, 'California Brodiaea', 66, 55, 89);
insert into Salas (id_sala, nombre_sala, id_tipo_sala, sala_capacidad, id_cine) values (50, 'Naked Oat', 82, 58, 59);
insert into Salas (id_sala, nombre_sala, id_tipo_sala, sala_capacidad, id_cine) values (51, 'Catchfly Prairie Gentian', 73, 54, 14);
insert into Salas (id_sala, nombre_sala, id_tipo_sala, sala_capacidad, id_cine) values (52, 'Puerto Rico Creepingfern', 45, 51, 24);
insert into Salas (id_sala, nombre_sala, id_tipo_sala, sala_capacidad, id_cine) values (53, 'Pacific Blacksnakeroot', 98, 66, 87);
insert into Salas (id_sala, nombre_sala, id_tipo_sala, sala_capacidad, id_cine) values (54, 'Interior Bush Lupine', 11, 54, 31);
insert into Salas (id_sala, nombre_sala, id_tipo_sala, sala_capacidad, id_cine) values (55, 'Mountain Figwort', 68, 56, 99);
insert into Salas (id_sala, nombre_sala, id_tipo_sala, sala_capacidad, id_cine) values (56, 'Devil''s Potato', 21, 50, 13);
insert into Salas (id_sala, nombre_sala, id_tipo_sala, sala_capacidad, id_cine) values (57, 'Molokai Treecotton', 80, 62, 74);
insert into Salas (id_sala, nombre_sala, id_tipo_sala, sala_capacidad, id_cine) values (58, 'Swamp Rose', 8, 62, 53);
insert into Salas (id_sala, nombre_sala, id_tipo_sala, sala_capacidad, id_cine) values (59, 'Inflated Cartilage Lichen', 67, 61, 53);
insert into Salas (id_sala, nombre_sala, id_tipo_sala, sala_capacidad, id_cine) values (60, 'Small Tumbleweed Mustard', 71, 59, 94);
insert into Salas (id_sala, nombre_sala, id_tipo_sala, sala_capacidad, id_cine) values (61, 'Wart Lichen', 65, 52, 82);
insert into Salas (id_sala, nombre_sala, id_tipo_sala, sala_capacidad, id_cine) values (62, 'Cloudswept Colicwood', 15, 50, 9);
insert into Salas (id_sala, nombre_sala, id_tipo_sala, sala_capacidad, id_cine) values (63, 'Pungent Oak', 21, 68, 30);
insert into Salas (id_sala, nombre_sala, id_tipo_sala, sala_capacidad, id_cine) values (64, 'Philodendron', 88, 67, 49);
insert into Salas (id_sala, nombre_sala, id_tipo_sala, sala_capacidad, id_cine) values (65, 'Puerto Rico Johnnyberry', 38, 66, 50);
insert into Salas (id_sala, nombre_sala, id_tipo_sala, sala_capacidad, id_cine) values (66, 'Siberian Bugseed', 56, 55, 87);
insert into Salas (id_sala, nombre_sala, id_tipo_sala, sala_capacidad, id_cine) values (67, 'Flavopunctelia Lichen', 59, 59, 34);
insert into Salas (id_sala, nombre_sala, id_tipo_sala, sala_capacidad, id_cine) values (68, 'Forest Dubautia', 51, 68, 30);
insert into Salas (id_sala, nombre_sala, id_tipo_sala, sala_capacidad, id_cine) values (69, 'Herb Of Grace', 14, 54, 32);
insert into Salas (id_sala, nombre_sala, id_tipo_sala, sala_capacidad, id_cine) values (70, 'Bractless Blazingstar', 13, 62, 31);
insert into Salas (id_sala, nombre_sala, id_tipo_sala, sala_capacidad, id_cine) values (71, 'Maxon''s Goldback Fern', 81, 66, 72);
insert into Salas (id_sala, nombre_sala, id_tipo_sala, sala_capacidad, id_cine) values (72, 'Endococcus Lichen', 40, 63, 79);
insert into Salas (id_sala, nombre_sala, id_tipo_sala, sala_capacidad, id_cine) values (73, 'False Silverback', 77, 69, 27);
insert into Salas (id_sala, nombre_sala, id_tipo_sala, sala_capacidad, id_cine) values (74, 'Donn''s Dry Rock Moss', 69, 50, 99);
insert into Salas (id_sala, nombre_sala, id_tipo_sala, sala_capacidad, id_cine) values (75, 'San Diego Needlegrass', 35, 62, 46);
insert into Salas (id_sala, nombre_sala, id_tipo_sala, sala_capacidad, id_cine) values (76, 'Batoko Plum', 9, 67, 10);
insert into Salas (id_sala, nombre_sala, id_tipo_sala, sala_capacidad, id_cine) values (77, 'Niaouli-tree', 5, 70, 100);
insert into Salas (id_sala, nombre_sala, id_tipo_sala, sala_capacidad, id_cine) values (78, 'Common Nipplewort', 79, 59, 15);
insert into Salas (id_sala, nombre_sala, id_tipo_sala, sala_capacidad, id_cine) values (79, 'Artocarpus', 2, 61, 8);
insert into Salas (id_sala, nombre_sala, id_tipo_sala, sala_capacidad, id_cine) values (80, 'Creosote Bush', 70, 69, 19);
insert into Salas (id_sala, nombre_sala, id_tipo_sala, sala_capacidad, id_cine) values (81, 'Nail Lichen', 44, 57, 4);
insert into Salas (id_sala, nombre_sala, id_tipo_sala, sala_capacidad, id_cine) values (82, 'Tephromela Lichen', 80, 61, 65);
insert into Salas (id_sala, nombre_sala, id_tipo_sala, sala_capacidad, id_cine) values (83, 'Isachne', 55, 62, 93);
insert into Salas (id_sala, nombre_sala, id_tipo_sala, sala_capacidad, id_cine) values (84, 'Creeping Bluestar', 26, 63, 86);
insert into Salas (id_sala, nombre_sala, id_tipo_sala, sala_capacidad, id_cine) values (85, 'Bermudagrass', 52, 52, 51);
insert into Salas (id_sala, nombre_sala, id_tipo_sala, sala_capacidad, id_cine) values (86, 'China Root', 91, 62, 52);
insert into Salas (id_sala, nombre_sala, id_tipo_sala, sala_capacidad, id_cine) values (87, 'Wilcox''s Woollystar', 48, 52, 87);
insert into Salas (id_sala, nombre_sala, id_tipo_sala, sala_capacidad, id_cine) values (88, 'Thurber''s Hoarypea', 84, 57, 46);
insert into Salas (id_sala, nombre_sala, id_tipo_sala, sala_capacidad, id_cine) values (89, 'Andreaea Moss', 81, 56, 9);
insert into Salas (id_sala, nombre_sala, id_tipo_sala, sala_capacidad, id_cine) values (90, 'Kellogg''s Lewisia', 97, 53, 62);
insert into Salas (id_sala, nombre_sala, id_tipo_sala, sala_capacidad, id_cine) values (91, 'Hammock Fern', 95, 63, 85);
insert into Salas (id_sala, nombre_sala, id_tipo_sala, sala_capacidad, id_cine) values (92, 'Narrowleaf Stoneseed', 23, 60, 12);
insert into Salas (id_sala, nombre_sala, id_tipo_sala, sala_capacidad, id_cine) values (93, 'Citron', 33, 70, 16);
insert into Salas (id_sala, nombre_sala, id_tipo_sala, sala_capacidad, id_cine) values (94, 'San Diego Thorn-mint', 18, 70, 31);
insert into Salas (id_sala, nombre_sala, id_tipo_sala, sala_capacidad, id_cine) values (95, 'Scarlet Buckwheat', 86, 60, 28);
insert into Salas (id_sala, nombre_sala, id_tipo_sala, sala_capacidad, id_cine) values (96, 'Wheeler''s Tarweed', 53, 53, 74);
insert into Salas (id_sala, nombre_sala, id_tipo_sala, sala_capacidad, id_cine) values (97, 'Desert Twinbugs', 62, 69, 49);
insert into Salas (id_sala, nombre_sala, id_tipo_sala, sala_capacidad, id_cine) values (98, 'Kunth''s Cyanea', 84, 62, 75);
insert into Salas (id_sala, nombre_sala, id_tipo_sala, sala_capacidad, id_cine) values (99, 'Mojave Wildrye', 85, 52, 6);
insert into Salas (id_sala, nombre_sala, id_tipo_sala, sala_capacidad, id_cine) values (100, 'Boje', 43, 64, 26);

insert into Funciones (id_funcion, id_sala, id_pelicula, fecha_funcion, hora_inicio_funcion) values (1, 86, 1, '01/04/2024', '5:33 PM');
insert into Funciones (id_funcion, id_sala, id_pelicula, fecha_funcion, hora_inicio_funcion) values (2, 43, 26, '03/13/2024', '4:52 PM');
insert into Funciones (id_funcion, id_sala, id_pelicula, fecha_funcion, hora_inicio_funcion) values (3, 68, 64, '09/09/2023', '8:36 PM');
insert into Funciones (id_funcion, id_sala, id_pelicula, fecha_funcion, hora_inicio_funcion) values (4, 86, 9, '01/08/2024', '3:30 PM');
insert into Funciones (id_funcion, id_sala, id_pelicula, fecha_funcion, hora_inicio_funcion) values (5, 31, 12, '07/16/2024', '3:23 PM');
insert into Funciones (id_funcion, id_sala, id_pelicula, fecha_funcion, hora_inicio_funcion) values (6, 81, 82, '06/17/2024', '9:28 PM');
insert into Funciones (id_funcion, id_sala, id_pelicula, fecha_funcion, hora_inicio_funcion) values (7, 72, 11, '01/05/2024', '8:06 PM');
insert into Funciones (id_funcion, id_sala, id_pelicula, fecha_funcion, hora_inicio_funcion) values (8, 55, 29, '06/08/2024', '9:10 PM');
insert into Funciones (id_funcion, id_sala, id_pelicula, fecha_funcion, hora_inicio_funcion) values (9, 27, 57, '11/22/2023', '1:04 PM');
insert into Funciones (id_funcion, id_sala, id_pelicula, fecha_funcion, hora_inicio_funcion) values (10, 83, 9, '04/22/2024', '7:45 PM');
insert into Funciones (id_funcion, id_sala, id_pelicula, fecha_funcion, hora_inicio_funcion) values (11, 73, 52, '11/27/2023', '12:58 PM');
insert into Funciones (id_funcion, id_sala, id_pelicula, fecha_funcion, hora_inicio_funcion) values (12, 7, 57, '11/07/2023', '11:45 AM');
insert into Funciones (id_funcion, id_sala, id_pelicula, fecha_funcion, hora_inicio_funcion) values (13, 94, 61, '02/20/2024', '5:31 PM');
insert into Funciones (id_funcion, id_sala, id_pelicula, fecha_funcion, hora_inicio_funcion) values (14, 24, 83, '05/07/2024', '7:44 PM');
insert into Funciones (id_funcion, id_sala, id_pelicula, fecha_funcion, hora_inicio_funcion) values (15, 58, 60, '07/02/2024', '11:39 AM');
insert into Funciones (id_funcion, id_sala, id_pelicula, fecha_funcion, hora_inicio_funcion) values (16, 73, 6, '09/08/2023', '12:14 PM');
insert into Funciones (id_funcion, id_sala, id_pelicula, fecha_funcion, hora_inicio_funcion) values (17, 96, 83, '08/18/2024', '3:54 PM');
insert into Funciones (id_funcion, id_sala, id_pelicula, fecha_funcion, hora_inicio_funcion) values (18, 82, 72, '04/09/2024', '2:06 PM');
insert into Funciones (id_funcion, id_sala, id_pelicula, fecha_funcion, hora_inicio_funcion) values (19, 43, 43, '01/19/2024', '1:07 PM');
insert into Funciones (id_funcion, id_sala, id_pelicula, fecha_funcion, hora_inicio_funcion) values (20, 99, 11, '01/06/2024', '11:22 AM');
insert into Funciones (id_funcion, id_sala, id_pelicula, fecha_funcion, hora_inicio_funcion) values (21, 34, 7, '08/15/2024', '7:56 PM');
insert into Funciones (id_funcion, id_sala, id_pelicula, fecha_funcion, hora_inicio_funcion) values (22, 68, 1, '05/08/2024', '8:28 PM');
insert into Funciones (id_funcion, id_sala, id_pelicula, fecha_funcion, hora_inicio_funcion) values (23, 38, 52, '11/05/2023', '2:02 PM');
insert into Funciones (id_funcion, id_sala, id_pelicula, fecha_funcion, hora_inicio_funcion) values (24, 8, 84, '08/10/2024', '7:08 PM');
insert into Funciones (id_funcion, id_sala, id_pelicula, fecha_funcion, hora_inicio_funcion) values (25, 97, 19, '09/16/2023', '12:19 PM');
insert into Funciones (id_funcion, id_sala, id_pelicula, fecha_funcion, hora_inicio_funcion) values (26, 11, 56, '02/22/2024', '3:24 PM');
insert into Funciones (id_funcion, id_sala, id_pelicula, fecha_funcion, hora_inicio_funcion) values (27, 20, 7, '06/25/2024', '8:52 PM');
insert into Funciones (id_funcion, id_sala, id_pelicula, fecha_funcion, hora_inicio_funcion) values (28, 46, 95, '10/19/2023', '9:22 PM');
insert into Funciones (id_funcion, id_sala, id_pelicula, fecha_funcion, hora_inicio_funcion) values (29, 10, 22, '04/19/2024', '1:12 PM');
insert into Funciones (id_funcion, id_sala, id_pelicula, fecha_funcion, hora_inicio_funcion) values (30, 39, 37, '09/13/2023', '11:33 AM');
insert into Funciones (id_funcion, id_sala, id_pelicula, fecha_funcion, hora_inicio_funcion) values (31, 17, 26, '02/04/2024', '12:18 PM');
insert into Funciones (id_funcion, id_sala, id_pelicula, fecha_funcion, hora_inicio_funcion) values (32, 55, 55, '09/11/2023', '6:26 PM');
insert into Funciones (id_funcion, id_sala, id_pelicula, fecha_funcion, hora_inicio_funcion) values (33, 94, 88, '01/12/2024', '2:07 PM');
insert into Funciones (id_funcion, id_sala, id_pelicula, fecha_funcion, hora_inicio_funcion) values (34, 60, 2, '08/16/2024', '11:46 PM');
insert into Funciones (id_funcion, id_sala, id_pelicula, fecha_funcion, hora_inicio_funcion) values (35, 21, 10, '06/17/2024', '1:05 PM');
insert into Funciones (id_funcion, id_sala, id_pelicula, fecha_funcion, hora_inicio_funcion) values (36, 96, 86, '12/16/2023', '9:48 PM');
insert into Funciones (id_funcion, id_sala, id_pelicula, fecha_funcion, hora_inicio_funcion) values (37, 37, 20, '07/31/2024', '6:10 PM');
insert into Funciones (id_funcion, id_sala, id_pelicula, fecha_funcion, hora_inicio_funcion) values (38, 28, 49, '11/28/2023', '4:00 PM');
insert into Funciones (id_funcion, id_sala, id_pelicula, fecha_funcion, hora_inicio_funcion) values (39, 81, 22, '07/23/2024', '12:56 PM');
insert into Funciones (id_funcion, id_sala, id_pelicula, fecha_funcion, hora_inicio_funcion) values (40, 21, 84, '02/21/2024', '8:01 PM');
insert into Funciones (id_funcion, id_sala, id_pelicula, fecha_funcion, hora_inicio_funcion) values (41, 91, 19, '07/16/2024', '1:05 PM');
insert into Funciones (id_funcion, id_sala, id_pelicula, fecha_funcion, hora_inicio_funcion) values (42, 66, 2, '04/08/2024', '10:21 PM');
insert into Funciones (id_funcion, id_sala, id_pelicula, fecha_funcion, hora_inicio_funcion) values (43, 63, 50, '09/24/2023', '6:38 PM');
insert into Funciones (id_funcion, id_sala, id_pelicula, fecha_funcion, hora_inicio_funcion) values (44, 78, 64, '09/29/2023', '9:55 PM');
insert into Funciones (id_funcion, id_sala, id_pelicula, fecha_funcion, hora_inicio_funcion) values (45, 20, 16, '08/12/2024', '10:21 PM');
insert into Funciones (id_funcion, id_sala, id_pelicula, fecha_funcion, hora_inicio_funcion) values (46, 65, 56, '03/15/2024', '8:57 PM');
insert into Funciones (id_funcion, id_sala, id_pelicula, fecha_funcion, hora_inicio_funcion) values (47, 68, 17, '03/16/2024', '6:46 PM');
insert into Funciones (id_funcion, id_sala, id_pelicula, fecha_funcion, hora_inicio_funcion) values (48, 18, 91, '12/20/2023', '6:29 PM');
insert into Funciones (id_funcion, id_sala, id_pelicula, fecha_funcion, hora_inicio_funcion) values (49, 50, 7, '09/13/2023', '7:51 PM');
insert into Funciones (id_funcion, id_sala, id_pelicula, fecha_funcion, hora_inicio_funcion) values (50, 78, 34, '09/15/2023', '4:16 PM');
insert into Funciones (id_funcion, id_sala, id_pelicula, fecha_funcion, hora_inicio_funcion) values (51, 95, 6, '05/11/2024', '7:49 PM');
insert into Funciones (id_funcion, id_sala, id_pelicula, fecha_funcion, hora_inicio_funcion) values (52, 12, 5, '06/02/2024', '10:49 PM');
insert into Funciones (id_funcion, id_sala, id_pelicula, fecha_funcion, hora_inicio_funcion) values (53, 100, 4, '04/24/2024', '4:01 PM');
insert into Funciones (id_funcion, id_sala, id_pelicula, fecha_funcion, hora_inicio_funcion) values (54, 55, 61, '09/10/2023', '1:11 PM');
insert into Funciones (id_funcion, id_sala, id_pelicula, fecha_funcion, hora_inicio_funcion) values (55, 54, 24, '05/27/2024', '1:34 PM');
insert into Funciones (id_funcion, id_sala, id_pelicula, fecha_funcion, hora_inicio_funcion) values (56, 42, 43, '03/04/2024', '8:54 PM');
insert into Funciones (id_funcion, id_sala, id_pelicula, fecha_funcion, hora_inicio_funcion) values (57, 97, 21, '07/03/2024', '6:17 PM');
insert into Funciones (id_funcion, id_sala, id_pelicula, fecha_funcion, hora_inicio_funcion) values (58, 46, 1, '01/25/2024', '4:57 PM');
insert into Funciones (id_funcion, id_sala, id_pelicula, fecha_funcion, hora_inicio_funcion) values (59, 15, 44, '04/10/2024', '11:11 AM');
insert into Funciones (id_funcion, id_sala, id_pelicula, fecha_funcion, hora_inicio_funcion) values (60, 21, 85, '05/17/2024', '5:47 PM');
insert into Funciones (id_funcion, id_sala, id_pelicula, fecha_funcion, hora_inicio_funcion) values (61, 97, 16, '03/14/2024', '10:40 PM');
insert into Funciones (id_funcion, id_sala, id_pelicula, fecha_funcion, hora_inicio_funcion) values (62, 24, 3, '05/25/2024', '3:13 PM');
insert into Funciones (id_funcion, id_sala, id_pelicula, fecha_funcion, hora_inicio_funcion) values (63, 58, 87, '01/02/2024', '5:07 PM');
insert into Funciones (id_funcion, id_sala, id_pelicula, fecha_funcion, hora_inicio_funcion) values (64, 4, 20, '11/12/2023', '5:18 PM');
insert into Funciones (id_funcion, id_sala, id_pelicula, fecha_funcion, hora_inicio_funcion) values (65, 40, 73, '04/19/2024', '11:30 AM');
insert into Funciones (id_funcion, id_sala, id_pelicula, fecha_funcion, hora_inicio_funcion) values (66, 57, 7, '12/29/2023', '4:16 PM');
insert into Funciones (id_funcion, id_sala, id_pelicula, fecha_funcion, hora_inicio_funcion) values (67, 11, 54, '12/21/2023', '11:26 AM');
insert into Funciones (id_funcion, id_sala, id_pelicula, fecha_funcion, hora_inicio_funcion) values (68, 41, 100, '10/17/2023', '3:14 PM');
insert into Funciones (id_funcion, id_sala, id_pelicula, fecha_funcion, hora_inicio_funcion) values (69, 35, 68, '05/14/2024', '8:41 PM');
insert into Funciones (id_funcion, id_sala, id_pelicula, fecha_funcion, hora_inicio_funcion) values (70, 19, 19, '10/01/2023', '9:50 PM');
insert into Funciones (id_funcion, id_sala, id_pelicula, fecha_funcion, hora_inicio_funcion) values (71, 11, 96, '12/09/2023', '1:21 PM');
insert into Funciones (id_funcion, id_sala, id_pelicula, fecha_funcion, hora_inicio_funcion) values (72, 32, 31, '03/31/2024', '9:34 PM');
insert into Funciones (id_funcion, id_sala, id_pelicula, fecha_funcion, hora_inicio_funcion) values (73, 20, 8, '02/28/2024', '8:11 PM');
insert into Funciones (id_funcion, id_sala, id_pelicula, fecha_funcion, hora_inicio_funcion) values (74, 86, 77, '08/27/2023', '7:06 PM');
insert into Funciones (id_funcion, id_sala, id_pelicula, fecha_funcion, hora_inicio_funcion) values (75, 88, 86, '08/01/2024', '1:20 PM');
insert into Funciones (id_funcion, id_sala, id_pelicula, fecha_funcion, hora_inicio_funcion) values (76, 81, 29, '04/06/2024', '5:18 PM');
insert into Funciones (id_funcion, id_sala, id_pelicula, fecha_funcion, hora_inicio_funcion) values (77, 79, 67, '10/06/2023', '3:24 PM');
insert into Funciones (id_funcion, id_sala, id_pelicula, fecha_funcion, hora_inicio_funcion) values (78, 27, 59, '09/22/2023', '3:25 PM');
insert into Funciones (id_funcion, id_sala, id_pelicula, fecha_funcion, hora_inicio_funcion) values (79, 91, 68, '07/18/2024', '12:30 PM');
insert into Funciones (id_funcion, id_sala, id_pelicula, fecha_funcion, hora_inicio_funcion) values (80, 60, 68, '02/09/2024', '4:59 PM');
insert into Funciones (id_funcion, id_sala, id_pelicula, fecha_funcion, hora_inicio_funcion) values (81, 90, 78, '06/28/2024', '11:16 PM');
insert into Funciones (id_funcion, id_sala, id_pelicula, fecha_funcion, hora_inicio_funcion) values (82, 55, 61, '06/17/2024', '4:49 PM');
insert into Funciones (id_funcion, id_sala, id_pelicula, fecha_funcion, hora_inicio_funcion) values (83, 30, 79, '01/15/2024', '3:17 PM');
insert into Funciones (id_funcion, id_sala, id_pelicula, fecha_funcion, hora_inicio_funcion) values (84, 95, 50, '04/23/2024', '6:37 PM');
insert into Funciones (id_funcion, id_sala, id_pelicula, fecha_funcion, hora_inicio_funcion) values (85, 60, 97, '08/19/2024', '4:49 PM');
insert into Funciones (id_funcion, id_sala, id_pelicula, fecha_funcion, hora_inicio_funcion) values (86, 28, 61, '12/10/2023', '1:15 PM');
insert into Funciones (id_funcion, id_sala, id_pelicula, fecha_funcion, hora_inicio_funcion) values (87, 10, 29, '11/22/2023', '10:44 PM');
insert into Funciones (id_funcion, id_sala, id_pelicula, fecha_funcion, hora_inicio_funcion) values (88, 79, 52, '07/11/2024', '10:50 AM');
insert into Funciones (id_funcion, id_sala, id_pelicula, fecha_funcion, hora_inicio_funcion) values (89, 20, 34, '09/24/2023', '5:26 PM');
insert into Funciones (id_funcion, id_sala, id_pelicula, fecha_funcion, hora_inicio_funcion) values (90, 27, 84, '12/26/2023', '10:59 PM');
insert into Funciones (id_funcion, id_sala, id_pelicula, fecha_funcion, hora_inicio_funcion) values (91, 65, 73, '08/30/2023', '11:05 AM');
insert into Funciones (id_funcion, id_sala, id_pelicula, fecha_funcion, hora_inicio_funcion) values (92, 84, 77, '11/10/2023', '11:20 PM');
insert into Funciones (id_funcion, id_sala, id_pelicula, fecha_funcion, hora_inicio_funcion) values (93, 33, 79, '12/04/2023', '5:38 PM');
insert into Funciones (id_funcion, id_sala, id_pelicula, fecha_funcion, hora_inicio_funcion) values (94, 99, 21, '08/17/2024', '6:52 PM');
insert into Funciones (id_funcion, id_sala, id_pelicula, fecha_funcion, hora_inicio_funcion) values (95, 74, 1, '03/17/2024', '2:11 PM');
insert into Funciones (id_funcion, id_sala, id_pelicula, fecha_funcion, hora_inicio_funcion) values (96, 72, 50, '08/03/2024', '11:09 AM');
insert into Funciones (id_funcion, id_sala, id_pelicula, fecha_funcion, hora_inicio_funcion) values (97, 49, 97, '07/29/2024', '7:38 PM');
insert into Funciones (id_funcion, id_sala, id_pelicula, fecha_funcion, hora_inicio_funcion) values (98, 94, 68, '10/25/2023', '2:51 PM');
insert into Funciones (id_funcion, id_sala, id_pelicula, fecha_funcion, hora_inicio_funcion) values (99, 7, 73, '05/12/2024', '4:19 PM');
insert into Funciones (id_funcion, id_sala, id_pelicula, fecha_funcion, hora_inicio_funcion) values (100, 67, 44, '03/03/2024', '2:02 PM');


insert into Cargos (id_cargo, nombre_cargo, descripcion_cargo) values (1, 'Data Coordinator', 'Parox ventric tachycard');
insert into Cargos (id_cargo, nombre_cargo, descripcion_cargo) values (2, 'Programmer IV', 'Cholesteatoma extern ear');
insert into Cargos (id_cargo, nombre_cargo, descripcion_cargo) values (3, 'Account Coordinator', 'Screen mal neop-oral cav');
insert into Cargos (id_cargo, nombre_cargo, descripcion_cargo) values (4, 'Product Engineer', 'Pseudopapilledema');
insert into Cargos (id_cargo, nombre_cargo, descripcion_cargo) values (5, 'Nurse Practicioner', 'Profound impair both eye');
insert into Cargos (id_cargo, nombre_cargo, descripcion_cargo) values (6, 'Information Systems Manager', 'Reiter arthritis-pelvis');
insert into Cargos (id_cargo, nombre_cargo, descripcion_cargo) values (7, 'Junior Executive', 'Malign neopl leg');
insert into Cargos (id_cargo, nombre_cargo, descripcion_cargo) values (8, 'Geologist II', 'AMI lateral NEC, subseq');
insert into Cargos (id_cargo, nombre_cargo, descripcion_cargo) values (9, 'Paralegal', 'Priv dwel fire-pvc fumes');
insert into Cargos (id_cargo, nombre_cargo, descripcion_cargo) values (10, 'Computer Systems Analyst IV', 'TB lung infiltr-exm unkn');
insert into Cargos (id_cargo, nombre_cargo, descripcion_cargo) values (11, 'VP Accounting', 'Duodenum injury-open');
insert into Cargos (id_cargo, nombre_cargo, descripcion_cargo) values (12, 'Software Engineer I', 'Margin zone lymph spleen');
insert into Cargos (id_cargo, nombre_cargo, descripcion_cargo) values (13, 'Human Resources Assistant II', 'Periostitis-unspec');
insert into Cargos (id_cargo, nombre_cargo, descripcion_cargo) values (14, 'Design Engineer', 'Ben neo scalp/skin neck');
insert into Cargos (id_cargo, nombre_cargo, descripcion_cargo) values (15, 'Assistant Media Planner', 'Open wound of forearm');
insert into Cargos (id_cargo, nombre_cargo, descripcion_cargo) values (16, 'Mechanical Systems Engineer', 'Ret prod concept-postpar');
insert into Cargos (id_cargo, nombre_cargo, descripcion_cargo) values (17, 'Senior Quality Engineer', 'Preterm NEC 750-999g');
insert into Cargos (id_cargo, nombre_cargo, descripcion_cargo) values (18, 'Senior Sales Associate', 'Anomalies of divergence');
insert into Cargos (id_cargo, nombre_cargo, descripcion_cargo) values (19, 'Recruiter', 'Path resorption-internal');
insert into Cargos (id_cargo, nombre_cargo, descripcion_cargo) values (20, 'Business Systems Development Analyst', 'Baseball');
insert into Cargos (id_cargo, nombre_cargo, descripcion_cargo) values (21, 'Quality Engineer', 'Int inf e coli entrtoxgn');
insert into Cargos (id_cargo, nombre_cargo, descripcion_cargo) values (22, 'Senior Sales Associate II', 'Hodg lymph-histio inguin');
insert into Cargos (id_cargo, nombre_cargo, descripcion_cargo) values (23, 'Analyst Programmer', 'Intest helminthiasis NEC');
insert into Cargos (id_cargo, nombre_cargo, descripcion_cargo) values (24, 'Teacher', 'Menstrual disorder NEC');
insert into Cargos (id_cargo, nombre_cargo, descripcion_cargo) values (25, 'Human Resources Manager', 'Inorg dust pneumocon NEC');
insert into Cargos (id_cargo, nombre_cargo, descripcion_cargo) values (26, 'Executive Secretary', 'Heart contusion-closed');
insert into Cargos (id_cargo, nombre_cargo, descripcion_cargo) values (27, 'Nurse', 'Renal failure NOS');
insert into Cargos (id_cargo, nombre_cargo, descripcion_cargo) values (28, 'Graphic Designer', 'Mal histiocytosis thorax');
insert into Cargos (id_cargo, nombre_cargo, descripcion_cargo) values (29, 'Technical Writer', 'Circadian rhym-free run');
insert into Cargos (id_cargo, nombre_cargo, descripcion_cargo) values (30, 'Assistant Media Planner II', 'Blood asp w resp sympt');
insert into Cargos (id_cargo, nombre_cargo, descripcion_cargo) values (31, 'Project Manager', 'Anphylct reaction fish');
insert into Cargos (id_cargo, nombre_cargo, descripcion_cargo) values (32, 'Senior Sales Associate III', 'GI pathogen carrier NEC');
insert into Cargos (id_cargo, nombre_cargo, descripcion_cargo) values (33, 'Research Assistant III', 'Ac osteomyelitis-up/arm');
insert into Cargos (id_cargo, nombre_cargo, descripcion_cargo) values (34, 'Human Resources Assistant IV', 'Spina bifida-dorsal');
insert into Cargos (id_cargo, nombre_cargo, descripcion_cargo) values (35, 'Analyst Programmer II', 'Oth off-road mv-anim rid');
insert into Cargos (id_cargo, nombre_cargo, descripcion_cargo) values (36, 'Engineer III', 'Crush inj scapul region');
insert into Cargos (id_cargo, nombre_cargo, descripcion_cargo) values (37, 'Staff Scientist', 'Acute periodontitis');
insert into Cargos (id_cargo, nombre_cargo, descripcion_cargo) values (38, 'Chief Design Engineer', 'Immersion foot');
insert into Cargos (id_cargo, nombre_cargo, descripcion_cargo) values (39, 'Desktop Support Technician', 'Congenital neutropenia');
insert into Cargos (id_cargo, nombre_cargo, descripcion_cargo) values (40, 'Account Executive', 'Fx radius w ulna NOS-cl');
insert into Cargos (id_cargo, nombre_cargo, descripcion_cargo) values (41, 'Recruiting Manager', 'Mgkrcyt leuk wo ach rmsn');
insert into Cargos (id_cargo, nombre_cargo, descripcion_cargo) values (42, 'Financial Analyst', 'Loss control mv acc-driv');
insert into Cargos (id_cargo, nombre_cargo, descripcion_cargo) values (43, 'Chemical Engineer', 'Fm hx genital malig NEC');
insert into Cargos (id_cargo, nombre_cargo, descripcion_cargo) values (44, 'Research Nurse', 'Deformity of orbit NOS');
insert into Cargos (id_cargo, nombre_cargo, descripcion_cargo) values (45, 'Paralegal II', 'Fx mult phalan, hand-opn');
insert into Cargos (id_cargo, nombre_cargo, descripcion_cargo) values (46, 'Desktop Support Technician II', 'Measles complication NOS');
insert into Cargos (id_cargo, nombre_cargo, descripcion_cargo) values (47, 'Financial Analyst II', 'Oth mult sb-hosp w/o cs');
insert into Cargos (id_cargo, nombre_cargo, descripcion_cargo) values (48, 'Environmental Tech', 'TB bone/jt NOS-cult dx');
insert into Cargos (id_cargo, nombre_cargo, descripcion_cargo) values (49, 'Librarian', 'Cong anom of aorta NEC');
insert into Cargos (id_cargo, nombre_cargo, descripcion_cargo) values (50, 'Community Outreach Specialist', 'Sleep related bruxism');
insert into Cargos (id_cargo, nombre_cargo, descripcion_cargo) values (51, 'VP Marketing', 'Adv eff antprotazoal NEC');
insert into Cargos (id_cargo, nombre_cargo, descripcion_cargo) values (52, 'Software Consultant', 'Fit/adj breast pros/impl');
insert into Cargos (id_cargo, nombre_cargo, descripcion_cargo) values (53, 'Cost Accountant', 'Poisoning by caffeine');
insert into Cargos (id_cargo, nombre_cargo, descripcion_cargo) values (54, 'Financial Analyst III', 'Chronic liver dis NOS');
insert into Cargos (id_cargo, nombre_cargo, descripcion_cargo) values (55, 'Quality Engineer II', 'Menopausal disorder NEC');
insert into Cargos (id_cargo, nombre_cargo, descripcion_cargo) values (56, 'Quality Engineer III', 'Abn ftl hrt rate/rhy-ant');
insert into Cargos (id_cargo, nombre_cargo, descripcion_cargo) values (57, 'Chief Design Engineer II', 'Gb cholesterolosis');
insert into Cargos (id_cargo, nombre_cargo, descripcion_cargo) values (58, 'VP Accounting II', 'Nontrauma comp syn-abd');
insert into Cargos (id_cargo, nombre_cargo, descripcion_cargo) values (59, 'Systems Administrator II', '3rd deg burn breast');
insert into Cargos (id_cargo, nombre_cargo, descripcion_cargo) values (60, 'Internal Auditor', 'Uterine inert NEC-deliv');
insert into Cargos (id_cargo, nombre_cargo, descripcion_cargo) values (61, 'Senior Cost Accountant', 'Rickets, late effect');
insert into Cargos (id_cargo, nombre_cargo, descripcion_cargo) values (62, 'Web Designer II', 'Genital herpes NEC');
insert into Cargos (id_cargo, nombre_cargo, descripcion_cargo) values (63, 'Developer II', 'Mal neo breast-central');
insert into Cargos (id_cargo, nombre_cargo, descripcion_cargo) values (64, 'Research Nurse I', 'Thyroid dysfun preg-unsp');
insert into Cargos (id_cargo, nombre_cargo, descripcion_cargo) values (65, 'Structural Analysis Engineer', 'War inj:ind convn weapn');
insert into Cargos (id_cargo, nombre_cargo, descripcion_cargo) values (66, 'Occupational Therapist', 'Ring corneal ulcer');
insert into Cargos (id_cargo, nombre_cargo, descripcion_cargo) values (67, 'Director of Sales', 'Fx distal phal, hand-opn');
insert into Cargos (id_cargo, nombre_cargo, descripcion_cargo) values (68, 'Biostatistician III', 'Endomet intraepithl neop');
insert into Cargos (id_cargo, nombre_cargo, descripcion_cargo) values (69, 'Human Resources Manager I', 'Cerebel lacer-proln coma');
insert into Cargos (id_cargo, nombre_cargo, descripcion_cargo) values (70, 'GIS Technical Architect', 'Cachexia');
insert into Cargos (id_cargo, nombre_cargo, descripcion_cargo) values (71, 'VP Marketing I', 'Chr osteomyelit-pelvis');
insert into Cargos (id_cargo, nombre_cargo, descripcion_cargo) values (72, 'Senior Sales Associate I', 'Epilep NEC w/o intr epil');
insert into Cargos (id_cargo, nombre_cargo, descripcion_cargo) values (73, 'Speech Pathologist', 'Heat stroke & sunstroke');
insert into Cargos (id_cargo, nombre_cargo, descripcion_cargo) values (74, 'Account Executive I', 'Congenital syphilis NOS');
insert into Cargos (id_cargo, nombre_cargo, descripcion_cargo) values (75, 'Operator', 'Deep vein thromb-antepar');
insert into Cargos (id_cargo, nombre_cargo, descripcion_cargo) values (76, 'Data Coordinator I', 'Sec neuroendo tumor-bone');
insert into Cargos (id_cargo, nombre_cargo, descripcion_cargo) values (77, 'Associate Professor', 'Abnormal granulation NEC');
insert into Cargos (id_cargo, nombre_cargo, descripcion_cargo) values (78, 'Senior Financial Analyst', 'Outlet contraction-unsp');
insert into Cargos (id_cargo, nombre_cargo, descripcion_cargo) values (79, 'Senior Editor', 'Gastric/duodenal fistula');
insert into Cargos (id_cargo, nombre_cargo, descripcion_cargo) values (80, 'Chief Design Engineer I', 'Minimal change nephrosis');
insert into Cargos (id_cargo, nombre_cargo, descripcion_cargo) values (81, 'Office Assistant II', 'Oth abn fet dispro-deliv');
insert into Cargos (id_cargo, nombre_cargo, descripcion_cargo) values (82, 'Research Associate', 'Thalassemia NEC');
insert into Cargos (id_cargo, nombre_cargo, descripcion_cargo) values (83, 'Developer III', 'Postpart care after del');
insert into Cargos (id_cargo, nombre_cargo, descripcion_cargo) values (84, 'Senior Cost Accountant I', 'Thalassemia, unspecified');
insert into Cargos (id_cargo, nombre_cargo, descripcion_cargo) values (85, 'Quality Engineer I', 'Acq equinus deformity');
insert into Cargos (id_cargo, nombre_cargo, descripcion_cargo) values (86, 'Research Nurse II', 'Congenital anemia');
insert into Cargos (id_cargo, nombre_cargo, descripcion_cargo) values (87, 'Analog Circuit Design manager', 'Edema of larynx');
insert into Cargos (id_cargo, nombre_cargo, descripcion_cargo) values (88, 'Design Engineer I', 'Thoracic aortic ectasia');
insert into Cargos (id_cargo, nombre_cargo, descripcion_cargo) values (89, 'Marketing Assistant', 'Cl skull fx NEC-coma NOS');
insert into Cargos (id_cargo, nombre_cargo, descripcion_cargo) values (90, 'Social Worker', 'Wrestling');
insert into Cargos (id_cargo, nombre_cargo, descripcion_cargo) values (91, 'Paralegal I', 'Ac osteomyelitis-hand');
insert into Cargos (id_cargo, nombre_cargo, descripcion_cargo) values (92, 'Senior Quality Engineer I', 'Hx-uterus malignancy NEC');
insert into Cargos (id_cargo, nombre_cargo, descripcion_cargo) values (93, 'Editor', 'Acute prostatitis');
insert into Cargos (id_cargo, nombre_cargo, descripcion_cargo) values (94, 'Help Desk Technician', 'Alkal burn cornea/conjun');
insert into Cargos (id_cargo, nombre_cargo, descripcion_cargo) values (95, 'Developer IV', 'Cl skull fx NEC-coma NOS');
insert into Cargos (id_cargo, nombre_cargo, descripcion_cargo) values (96, 'Occupational Therapist I', 'Ac polio NOS-type NOS');
insert into Cargos (id_cargo, nombre_cargo, descripcion_cargo) values (97, 'Analyst Programmer I', 'Cramp in limb');
insert into Cargos (id_cargo, nombre_cargo, descripcion_cargo) values (98, 'Geological Engineer', 'Burn NOS hand-multiple');
insert into Cargos (id_cargo, nombre_cargo, descripcion_cargo) values (99, 'Marketing Manager', 'Inj internal carotid art');
insert into Cargos (id_cargo, nombre_cargo, descripcion_cargo) values (100, 'Nuclear Power Engineer', 'Pois-arom analgesics NEC');

insert into Usuarios (id_usuario, nombre_usuario, contrasena_usuario, fecha_creacion, apellido_usuario, fecha_nacimiento_usuario, id_cine, id_cargo, email_usuario) values (1, 'Virgie', '$2a$04$yaF8tsG/vSYDQJHI9hIDA.k.vBi6ieeFH11K0ChzfYlgfGTg7lMTC', '2023-11-17 17:05:01', 'Webber', '11/06/2023', null, null, 'vwebber0@hp.com');
insert into Usuarios (id_usuario, nombre_usuario, contrasena_usuario, fecha_creacion, apellido_usuario, fecha_nacimiento_usuario, id_cine, id_cargo, email_usuario) values (2, 'Orelee', '$2a$04$dWh7P.l5fmtUJLlxEMLriOBZfE..moQGRiAgYB0DNzSoIR7jIbFve', '2024-06-17 16:09:39', 'Yushkin', '02/26/2024', 26, 16, 'oyushkin1@accuweather.com');
insert into Usuarios (id_usuario, nombre_usuario, contrasena_usuario, fecha_creacion, apellido_usuario, fecha_nacimiento_usuario, id_cine, id_cargo, email_usuario) values (3, 'Brucie', '$2a$04$nAKCFD/AuNaGU5jM6L5O0OFyPSH9BT2z8zvei/nXncavyfMmfAR0m', '2024-05-06 03:25:32', 'Wrightham', '12/19/2023', 66, 58, 'bwrightham2@intel.com');
insert into Usuarios (id_usuario, nombre_usuario, contrasena_usuario, fecha_creacion, apellido_usuario, fecha_nacimiento_usuario, id_cine, id_cargo, email_usuario) values (4, 'Sayre', '$2a$04$6juRmAI5MQdecRc5zr2rs.ymUWhSbmo2X8x1BNosLKtg2zmfVQ92a', '2024-07-25 16:20:14', 'Havesides', '03/03/2024', 52, 78, 'shavesides3@intel.com');
insert into Usuarios (id_usuario, nombre_usuario, contrasena_usuario, fecha_creacion, apellido_usuario, fecha_nacimiento_usuario, id_cine, id_cargo, email_usuario) values (5, 'Iggie', '$2a$04$UKDHxvgWB/nA//dnIZV4nutiQYrHlBCP9vT6hfmz/hUcEOBjkSBh.', '2024-02-13 01:16:55', 'Sibly', '10/17/2023', 97, null, 'isibly4@dailymail.co.uk');
insert into Usuarios (id_usuario, nombre_usuario, contrasena_usuario, fecha_creacion, apellido_usuario, fecha_nacimiento_usuario, id_cine, id_cargo, email_usuario) values (6, 'Alec', '$2a$04$RF867v5piROav0gmzPNTJejI34D5eGLNM3pkrKFz.5Hzx57HPRq9G', '2023-12-27 15:35:57', 'Simner', '02/26/2024', null, null, 'asimner5@twitter.com');
insert into Usuarios (id_usuario, nombre_usuario, contrasena_usuario, fecha_creacion, apellido_usuario, fecha_nacimiento_usuario, id_cine, id_cargo, email_usuario) values (7, 'Ursa', '$2a$04$CDQm6EOrMx1N2sXs.hd0q.qgb.Yv4nmSi/7o15ga1akq.5rQV6RNG', '2023-10-04 04:05:19', 'Ismay', '10/27/2023', 9, 77, 'uismay6@google.com');
insert into Usuarios (id_usuario, nombre_usuario, contrasena_usuario, fecha_creacion, apellido_usuario, fecha_nacimiento_usuario, id_cine, id_cargo, email_usuario) values (8, 'Ainslie', '$2a$04$l.7AmDl81lIOu0WeFGIg4eT5sNUYtD5nsB7uPRgCRbC3BqgZVsMuS', '2024-05-09 22:53:07', 'Frankel', '07/21/2024', 33, 57, 'afrankel7@youku.com');
insert into Usuarios (id_usuario, nombre_usuario, contrasena_usuario, fecha_creacion, apellido_usuario, fecha_nacimiento_usuario, id_cine, id_cargo, email_usuario) values (9, 'Junie', '$2a$04$YrVLdPNcKUcGJUm19.FpnupGwaucBS7nJT8uX0n3IDbs9bTkcPBqy', '2024-02-08 04:41:43', 'Kuzma', '03/13/2024', 20, 4, 'jkuzma8@over-blog.com');
insert into Usuarios (id_usuario, nombre_usuario, contrasena_usuario, fecha_creacion, apellido_usuario, fecha_nacimiento_usuario, id_cine, id_cargo, email_usuario) values (10, 'Ilene', '$2a$04$Xy//XDO.LunM8SDHkEeWk.8GVOD6tiB0xpedbPrXLS9RVXrQMKbla', '2024-02-10 12:06:41', 'Sweett', '08/12/2024', null, null, 'isweett9@tumblr.com');
insert into Usuarios (id_usuario, nombre_usuario, contrasena_usuario, fecha_creacion, apellido_usuario, fecha_nacimiento_usuario, id_cine, id_cargo, email_usuario) values (11, 'Luca', '$2a$04$SyjDQFkbs3aBjUh0DKmUeeqHBUdROTbqpnOBwNx0/qo4Sd8Yg2Aly', '2024-08-10 22:15:31', 'Sach', '11/14/2023', 92, null, 'lsacha@merriam-webster.com');
insert into Usuarios (id_usuario, nombre_usuario, contrasena_usuario, fecha_creacion, apellido_usuario, fecha_nacimiento_usuario, id_cine, id_cargo, email_usuario) values (12, 'Creight', '$2a$04$cy/w6oJoopU8Eu.EfMUOOObblehozrcz9A31zmuurcgl0RexVZUXy', '2023-09-23 11:45:44', 'Capozzi', '08/24/2024', 80, 48, 'ccapozzib@jimdo.com');
insert into Usuarios (id_usuario, nombre_usuario, contrasena_usuario, fecha_creacion, apellido_usuario, fecha_nacimiento_usuario, id_cine, id_cargo, email_usuario) values (13, 'Benton', '$2a$04$SBajslyipdgU6Z6xX7t6P.t6L61DyTBG1faXxtSY05SnI9bWtMkNW', '2024-05-05 01:05:24', 'Durbyn', '11/08/2023', 26, 29, 'bdurbync@360.cn');
insert into Usuarios (id_usuario, nombre_usuario, contrasena_usuario, fecha_creacion, apellido_usuario, fecha_nacimiento_usuario, id_cine, id_cargo, email_usuario) values (14, 'Margette', '$2a$04$ySLumzI9F7bPt/2h4iz79uFqaSF/aeOZr73BcM6kV5ZmZ.LmDBKha', '2023-09-12 10:12:14', 'Riccardi', '06/08/2024', null, 47, 'mriccardid@ebay.co.uk');
insert into Usuarios (id_usuario, nombre_usuario, contrasena_usuario, fecha_creacion, apellido_usuario, fecha_nacimiento_usuario, id_cine, id_cargo, email_usuario) values (15, 'Arly', '$2a$04$c2YtHguymLSu.iJwTi3vRu/x0QzH6RJsVreFUBcioEJ19dIoBrFh2', '2023-09-10 11:25:01', 'Franzetti', '08/29/2023', 100, 8, 'afranzettie@nbcnews.com');
insert into Usuarios (id_usuario, nombre_usuario, contrasena_usuario, fecha_creacion, apellido_usuario, fecha_nacimiento_usuario, id_cine, id_cargo, email_usuario) values (16, 'Randi', '$2a$04$czga1BCbFDvtYqu26MDuSe2UiRmc2qt6fsL/CAvTNQdmJqV5bPCI2', '2024-04-08 22:30:23', 'McCaskill', '06/25/2024', 64, null, 'rmccaskillf@people.com.cn');
insert into Usuarios (id_usuario, nombre_usuario, contrasena_usuario, fecha_creacion, apellido_usuario, fecha_nacimiento_usuario, id_cine, id_cargo, email_usuario) values (17, 'Kendricks', '$2a$04$4REw9542orV/GYpQpOIoWuY7yIDiDJJ7EfUx/5S.o8Ud1zZbjeIEO', '2023-09-20 15:27:05', 'Barke', '04/21/2024', null, null, 'kbarkeg@mail.ru');
insert into Usuarios (id_usuario, nombre_usuario, contrasena_usuario, fecha_creacion, apellido_usuario, fecha_nacimiento_usuario, id_cine, id_cargo, email_usuario) values (18, 'Natalya', '$2a$04$EmRjK0ct0OodaaxRN3tCr.vKJbi03goU5PWWw..9kfCD4n8Vacby.', '2023-12-11 19:45:56', 'Warton', '04/02/2024', null, 23, 'nwartonh@ask.com');
insert into Usuarios (id_usuario, nombre_usuario, contrasena_usuario, fecha_creacion, apellido_usuario, fecha_nacimiento_usuario, id_cine, id_cargo, email_usuario) values (19, 'Kary', '$2a$04$U7EPCMqXOEK0pOhS7Lz/Nu.2A.YH6eHmM6JuxsizQ//./sw8Rqo02', '2024-02-27 18:19:24', 'Bauman', '01/22/2024', 59, 85, 'kbaumani@biglobe.ne.jp');
insert into Usuarios (id_usuario, nombre_usuario, contrasena_usuario, fecha_creacion, apellido_usuario, fecha_nacimiento_usuario, id_cine, id_cargo, email_usuario) values (20, 'Nate', '$2a$04$MYtNPtxRnT637f7mXmuYROHGGVdlfg04tmKMePRmpangL4MtIyvnm', '2023-10-05 23:02:23', 'Willavize', '11/02/2023', 39, 69, 'nwillavizej@joomla.org');
insert into Usuarios (id_usuario, nombre_usuario, contrasena_usuario, fecha_creacion, apellido_usuario, fecha_nacimiento_usuario, id_cine, id_cargo, email_usuario) values (21, 'Melita', '$2a$04$vXzfF.uFaiDzHSQh5bBE1ux54WBuZeHwwsYREgec9fdAqkuUpd9wC', '2024-03-19 07:59:35', 'Pillifant', '05/13/2024', null, 93, 'mpillifantk@hhs.gov');
insert into Usuarios (id_usuario, nombre_usuario, contrasena_usuario, fecha_creacion, apellido_usuario, fecha_nacimiento_usuario, id_cine, id_cargo, email_usuario) values (22, 'Hetti', '$2a$04$xptnoqgxPl6d6xxB8EP9A.iSktHhgYctxw0qsW.dOeRkOsEfDR8We', '2024-06-06 16:14:09', 'Child', '12/24/2023', null, 74, 'hchildl@dailymail.co.uk');
insert into Usuarios (id_usuario, nombre_usuario, contrasena_usuario, fecha_creacion, apellido_usuario, fecha_nacimiento_usuario, id_cine, id_cargo, email_usuario) values (23, 'Addy', '$2a$04$2.vfPGw2/xyvTUiYVCFuNeRcbv5STSqbPGG0qrhbL9xHh6uS/paAG', '2024-07-04 05:13:52', 'Perree', '12/10/2023', null, null, 'aperreem@sciencedirect.com');
insert into Usuarios (id_usuario, nombre_usuario, contrasena_usuario, fecha_creacion, apellido_usuario, fecha_nacimiento_usuario, id_cine, id_cargo, email_usuario) values (24, 'Tiebold', '$2a$04$ktoOEy0QeJFkqG3H8ERupeM9lBp/b1TNjZwbGeiN9E4OXi1moFpj2', '2024-02-01 17:55:30', 'Dunmuir', '07/03/2024', null, null, 'tdunmuirn@google.cn');
insert into Usuarios (id_usuario, nombre_usuario, contrasena_usuario, fecha_creacion, apellido_usuario, fecha_nacimiento_usuario, id_cine, id_cargo, email_usuario) values (25, 'Dolly', '$2a$04$GWz0D8GnqKLSSpnXQFTxsO7YjGJFD3kdMnwgPY6Ztdq5l1psLStLW', '2024-07-18 04:33:14', 'Schaffler', '01/08/2024', null, 99, 'dschafflero@wunderground.com');
insert into Usuarios (id_usuario, nombre_usuario, contrasena_usuario, fecha_creacion, apellido_usuario, fecha_nacimiento_usuario, id_cine, id_cargo, email_usuario) values (26, 'Dael', '$2a$04$hHWOwuDH7YBiLmgyJelVSeaU8aQGdn/GnwCZvClErybuE14GZbcXC', '2023-09-14 04:32:44', 'Letchford', '02/13/2024', 59, null, 'dletchfordp@flickr.com');
insert into Usuarios (id_usuario, nombre_usuario, contrasena_usuario, fecha_creacion, apellido_usuario, fecha_nacimiento_usuario, id_cine, id_cargo, email_usuario) values (27, 'Lorianne', '$2a$04$1ierS7Pb37qU5KcHJFZcFeImY/HQruq4zmBJ.q81rFsUPIpAHEL4K', '2024-05-16 12:30:36', 'Ruoss', '01/26/2024', 58, 61, 'lruossq@wp.com');
insert into Usuarios (id_usuario, nombre_usuario, contrasena_usuario, fecha_creacion, apellido_usuario, fecha_nacimiento_usuario, id_cine, id_cargo, email_usuario) values (28, 'Chickie', '$2a$04$A2PtTTxfT2eJgEc.Xs/gCupYhBjbrGigHUT.9Qdgd6SRopN0QZ7zK', '2024-04-14 12:57:51', 'Launchbury', '12/17/2023', null, 9, 'claunchburyr@qq.com');
insert into Usuarios (id_usuario, nombre_usuario, contrasena_usuario, fecha_creacion, apellido_usuario, fecha_nacimiento_usuario, id_cine, id_cargo, email_usuario) values (29, 'Forester', '$2a$04$HLDpNjHckyhLq1hBleixo.bPjB.4EoT7o.oSbSCDueV.C4jRhJ7pu', '2023-10-16 15:57:52', 'Sheivels', '06/20/2024', 52, null, 'fsheivelss@wikispaces.com');
insert into Usuarios (id_usuario, nombre_usuario, contrasena_usuario, fecha_creacion, apellido_usuario, fecha_nacimiento_usuario, id_cine, id_cargo, email_usuario) values (30, 'Leora', '$2a$04$54GgkcDstsOHRlIOgFjYfOzOnlcgMQ5Du3O6IEuZ3QbZElYw3EX/e', '2024-08-18 20:47:56', 'MacInnes', '03/29/2024', 43, 31, 'lmacinnest@com.com');
insert into Usuarios (id_usuario, nombre_usuario, contrasena_usuario, fecha_creacion, apellido_usuario, fecha_nacimiento_usuario, id_cine, id_cargo, email_usuario) values (31, 'Reinald', '$2a$04$3sfT4hsEoJmwti5JGcbIl.NDN//1qO1DnLyoXbJE834mP5NKHX8.O', '2023-12-19 09:33:48', 'Gunningham', '02/23/2024', 33, 4, 'rgunninghamu@smugmug.com');
insert into Usuarios (id_usuario, nombre_usuario, contrasena_usuario, fecha_creacion, apellido_usuario, fecha_nacimiento_usuario, id_cine, id_cargo, email_usuario) values (32, 'Juliette', '$2a$04$.JDz.iId2ufPC4MFRynIau9nqTdnGeSgn/aUbtsS.wwL4hqThcNoG', '2024-02-18 06:10:39', 'McGarry', '09/02/2023', 62, 61, 'jmcgarryv@vk.com');
insert into Usuarios (id_usuario, nombre_usuario, contrasena_usuario, fecha_creacion, apellido_usuario, fecha_nacimiento_usuario, id_cine, id_cargo, email_usuario) values (33, 'Lindsey', '$2a$04$8.eNB/kEgyEbuitVsQQE3u7bA1mH2I0hvVXs6m8slKQZwZOSTZX3W', '2024-06-28 04:49:12', 'Wafer', '10/15/2023', 50, 2, 'lwaferw@prweb.com');
insert into Usuarios (id_usuario, nombre_usuario, contrasena_usuario, fecha_creacion, apellido_usuario, fecha_nacimiento_usuario, id_cine, id_cargo, email_usuario) values (34, 'Tasha', '$2a$04$EkHWT63uIT./w7.AXMreMeOjWBg3Ka7sMZvZIDu8b6GVkL4wJSR4q', '2024-07-18 17:29:35', 'Learned', '03/07/2024', 32, 87, 'tlearnedx@amazon.co.jp');
insert into Usuarios (id_usuario, nombre_usuario, contrasena_usuario, fecha_creacion, apellido_usuario, fecha_nacimiento_usuario, id_cine, id_cargo, email_usuario) values (35, 'Walther', '$2a$04$lW1n1F0EiT9I4Dzqu0DIJe34BGoNN3kBJ5qyO1xxh/lCaAiFDSLAm', '2023-09-28 11:51:07', 'Balentyne', '11/27/2023', null, null, 'wbalentyney@elegantthemes.com');
insert into Usuarios (id_usuario, nombre_usuario, contrasena_usuario, fecha_creacion, apellido_usuario, fecha_nacimiento_usuario, id_cine, id_cargo, email_usuario) values (36, 'Johannes', '$2a$04$1N97Of.zDL8yMUNSRQfnFubcD/OhyV0aefkEUrTYTpPpuFfVfE29i', '2024-04-05 19:35:10', 'Gumme', '07/14/2024', 31, 42, 'jgummez@github.io');
insert into Usuarios (id_usuario, nombre_usuario, contrasena_usuario, fecha_creacion, apellido_usuario, fecha_nacimiento_usuario, id_cine, id_cargo, email_usuario) values (37, 'Casandra', '$2a$04$dzbBB7UanNVvBJXm127TFexFDkMARNMfnjbuCJE0WkCtaMleTjrBO', '2024-02-21 02:52:29', 'Muller', '12/20/2023', 34, null, 'cmuller10@ow.ly');
insert into Usuarios (id_usuario, nombre_usuario, contrasena_usuario, fecha_creacion, apellido_usuario, fecha_nacimiento_usuario, id_cine, id_cargo, email_usuario) values (38, 'Chas', '$2a$04$HXbk2p1oCjmg3l4LH.1ozu34m381gv51umWQJOJ7oi9pcH1tcMFhG', '2023-12-11 07:35:05', 'Bromont', '12/25/2023', 41, 4, 'cbromont11@biglobe.ne.jp');
insert into Usuarios (id_usuario, nombre_usuario, contrasena_usuario, fecha_creacion, apellido_usuario, fecha_nacimiento_usuario, id_cine, id_cargo, email_usuario) values (39, 'Lyda', '$2a$04$LEK8.v2V67YI8BHK1ECKFehB49AQfUTO62NyTS4rCa3AJifPUTUC6', '2024-08-12 09:07:16', 'Ruby', '10/16/2023', 43, null, 'lruby12@accuweather.com');
insert into Usuarios (id_usuario, nombre_usuario, contrasena_usuario, fecha_creacion, apellido_usuario, fecha_nacimiento_usuario, id_cine, id_cargo, email_usuario) values (40, 'Jannelle', '$2a$04$BloCzkdz401M1vOjv90/ue3TJyUYTYKW9jlkN4/.BOgJjR92rRb9u', '2023-11-17 07:06:27', 'Banford', '11/22/2023', null, 70, 'jbanford13@123-reg.co.uk');
insert into Usuarios (id_usuario, nombre_usuario, contrasena_usuario, fecha_creacion, apellido_usuario, fecha_nacimiento_usuario, id_cine, id_cargo, email_usuario) values (41, 'Rakel', '$2a$04$E/h9JbqRM.DPYDsvnoeSm.Iptz4GNGd0DKL6P0nKPrqdcWArGuE6K', '2024-02-23 07:03:23', 'Philbrook', '10/27/2023', null, 99, 'rphilbrook14@drupal.org');
insert into Usuarios (id_usuario, nombre_usuario, contrasena_usuario, fecha_creacion, apellido_usuario, fecha_nacimiento_usuario, id_cine, id_cargo, email_usuario) values (42, 'Lani', '$2a$04$nP1ihZNqwCqdGYesKTHI0.fK6KgDBv3sn4r2/IM.aM5wOQbUQMgLS', '2024-07-31 10:22:43', 'Butterworth', '01/25/2024', 16, 27, 'lbutterworth15@symantec.com');
insert into Usuarios (id_usuario, nombre_usuario, contrasena_usuario, fecha_creacion, apellido_usuario, fecha_nacimiento_usuario, id_cine, id_cargo, email_usuario) values (43, 'Chickie', '$2a$04$MxnG8ZNdU53hbfw8dvaWSuzNHeH0l9AwguOq11/f.85O9/H7gx6Hu', '2024-02-02 02:30:54', 'Wimlett', '03/05/2024', null, null, 'cwimlett16@wikimedia.org');
insert into Usuarios (id_usuario, nombre_usuario, contrasena_usuario, fecha_creacion, apellido_usuario, fecha_nacimiento_usuario, id_cine, id_cargo, email_usuario) values (44, 'Carlin', '$2a$04$Or1ZyNlI9v7Z8z/xMP3LS.TaQaLg7.5Qv610jIEwk4OYGUzasazye', '2023-12-19 15:43:56', 'Tailour', '02/27/2024', null, null, 'ctailour17@hc360.com');
insert into Usuarios (id_usuario, nombre_usuario, contrasena_usuario, fecha_creacion, apellido_usuario, fecha_nacimiento_usuario, id_cine, id_cargo, email_usuario) values (45, 'Bonny', '$2a$04$UhjYOS2m0x.Clu5BXJBXlO7t1ISVqjKfdqUTekLB7ne7ee2AzoNfi', '2024-04-25 06:54:37', 'Metcalf', '09/08/2023', null, 48, 'bmetcalf18@flavors.me');
insert into Usuarios (id_usuario, nombre_usuario, contrasena_usuario, fecha_creacion, apellido_usuario, fecha_nacimiento_usuario, id_cine, id_cargo, email_usuario) values (46, 'Taber', '$2a$04$x2r5Y2zk6i48bEI5CGJXdeG/8BF4fJvTFF7XZ4O7aPcayQxxoE1ty', '2024-07-30 01:29:38', 'Elkington', '02/26/2024', 77, null, 'telkington19@mac.com');
insert into Usuarios (id_usuario, nombre_usuario, contrasena_usuario, fecha_creacion, apellido_usuario, fecha_nacimiento_usuario, id_cine, id_cargo, email_usuario) values (47, 'Roscoe', '$2a$04$yO1jc57a1ynSsu/lespZcumIjoMMAG9r0yMvBdy4wFBQoSINIH9fq', '2024-05-24 20:08:55', 'Dalyell', '03/10/2024', 60, 60, 'rdalyell1a@microsoft.com');
insert into Usuarios (id_usuario, nombre_usuario, contrasena_usuario, fecha_creacion, apellido_usuario, fecha_nacimiento_usuario, id_cine, id_cargo, email_usuario) values (48, 'Avictor', '$2a$04$ftaS7heboGlG1rGRa6fUjuvG9Q5KuhMD327BjEgSthEOJt/qaebxO', '2024-08-01 02:56:41', 'Fulmen', '08/30/2023', 69, null, 'afulmen1b@cbsnews.com');
insert into Usuarios (id_usuario, nombre_usuario, contrasena_usuario, fecha_creacion, apellido_usuario, fecha_nacimiento_usuario, id_cine, id_cargo, email_usuario) values (49, 'Rafe', '$2a$04$0GT02rvDWMR2QkM8xFDM4ei/AvFdfYXW6N5ohkL3KfOP8u.sq1SLK', '2024-03-22 23:49:18', 'Luscombe', '06/26/2024', null, null, 'rluscombe1c@drupal.org');
insert into Usuarios (id_usuario, nombre_usuario, contrasena_usuario, fecha_creacion, apellido_usuario, fecha_nacimiento_usuario, id_cine, id_cargo, email_usuario) values (50, 'Gaspar', '$2a$04$7JWHUWlgUJwbJLDZuF/IUOwHVuU6l9Hc6oS0O92Su/7i2CLISJ4pG', '2024-08-10 18:14:26', 'Botley', '04/02/2024', null, 1, 'gbotley1d@about.com');
insert into Usuarios (id_usuario, nombre_usuario, contrasena_usuario, fecha_creacion, apellido_usuario, fecha_nacimiento_usuario, id_cine, id_cargo, email_usuario) values (51, 'Rennie', '$2a$04$oLCHyv93wdbshJjSiLW4Oe1yjjwbKp3fXmVSXViocen.Mt5WKkKfK', '2024-04-06 07:42:11', 'Ades', '03/26/2024', null, 65, 'rades1e@gravatar.com');
insert into Usuarios (id_usuario, nombre_usuario, contrasena_usuario, fecha_creacion, apellido_usuario, fecha_nacimiento_usuario, id_cine, id_cargo, email_usuario) values (52, 'Orv', '$2a$04$lsWpC3tpIQGRHK55MwejFOA9M1jJDQ6styjR6/Gls26NUj31HslAq', '2023-09-17 12:13:38', 'Hodcroft', '06/07/2024', 32, 21, 'ohodcroft1f@topsy.com');
insert into Usuarios (id_usuario, nombre_usuario, contrasena_usuario, fecha_creacion, apellido_usuario, fecha_nacimiento_usuario, id_cine, id_cargo, email_usuario) values (53, 'Kathe', '$2a$04$JG30Q43OGukNdRRjU9/U2.ZwbIcTTuP0CtbD8f9LfbjLZVauZm/r.', '2023-09-13 13:21:36', 'Parkisson', '05/08/2024', 59, 27, 'kparkisson1g@ucoz.ru');
insert into Usuarios (id_usuario, nombre_usuario, contrasena_usuario, fecha_creacion, apellido_usuario, fecha_nacimiento_usuario, id_cine, id_cargo, email_usuario) values (54, 'Brook', '$2a$04$xj9t9LrlL20EqMWBK8LZqen2w7/oN1cb9fA.JSlwuC.EgPGbRTwkG', '2024-02-19 01:56:40', 'Lodevick', '03/28/2024', null, null, 'blodevick1h@histats.com');
insert into Usuarios (id_usuario, nombre_usuario, contrasena_usuario, fecha_creacion, apellido_usuario, fecha_nacimiento_usuario, id_cine, id_cargo, email_usuario) values (55, 'Jarred', '$2a$04$InUHHfQg6CX/N8fP8L77IOOJFRqjADh/61nn1seJZmEccKVERvINC', '2024-08-10 02:51:45', 'Bitterton', '02/01/2024', 54, 82, 'jbitterton1i@github.com');
insert into Usuarios (id_usuario, nombre_usuario, contrasena_usuario, fecha_creacion, apellido_usuario, fecha_nacimiento_usuario, id_cine, id_cargo, email_usuario) values (56, 'Helsa', '$2a$04$Fq9AgjnwGAKb/Adtc1TOv.7d5dkWjk3qFrCimFM.r7aWtyvGBWT/q', '2024-01-05 18:40:51', 'Haymes', '02/08/2024', null, null, 'hhaymes1j@unesco.org');
insert into Usuarios (id_usuario, nombre_usuario, contrasena_usuario, fecha_creacion, apellido_usuario, fecha_nacimiento_usuario, id_cine, id_cargo, email_usuario) values (57, 'Mignon', '$2a$04$.AneKwDrC0/DMeJ1Uh3YzO0kjcEidGSOnjtnRO/LjfxiI59nS9//a', '2024-03-11 04:56:44', 'Bengtson', '10/10/2023', 3, 57, 'mbengtson1k@ehow.com');
insert into Usuarios (id_usuario, nombre_usuario, contrasena_usuario, fecha_creacion, apellido_usuario, fecha_nacimiento_usuario, id_cine, id_cargo, email_usuario) values (58, 'Kordula', '$2a$04$3p2cakuKbOa2B91/kPrzVO7gwUGVH12mqWaIzGDe5MA9i9i3P1VmS', '2024-05-08 21:28:34', 'Penhall', '11/19/2023', null, 57, 'kpenhall1l@wufoo.com');
insert into Usuarios (id_usuario, nombre_usuario, contrasena_usuario, fecha_creacion, apellido_usuario, fecha_nacimiento_usuario, id_cine, id_cargo, email_usuario) values (59, 'Marley', '$2a$04$HzmixZcvNxPP.66trGMHDufJrG0D5/IZOhpcVwUm0.t3hZxGfP12u', '2024-08-22 11:41:47', 'Austin', '09/21/2023', null, null, 'maustin1m@gov.uk');
insert into Usuarios (id_usuario, nombre_usuario, contrasena_usuario, fecha_creacion, apellido_usuario, fecha_nacimiento_usuario, id_cine, id_cargo, email_usuario) values (60, 'Alvira', '$2a$04$QHJB.ktCcc6uIQEYUeLZ6OLRAN/JD2Ga8Fb/0bxGb/glY9fb.P5le', '2023-12-09 23:57:17', 'Fairpo', '06/24/2024', 97, 88, 'afairpo1n@is.gd');
insert into Usuarios (id_usuario, nombre_usuario, contrasena_usuario, fecha_creacion, apellido_usuario, fecha_nacimiento_usuario, id_cine, id_cargo, email_usuario) values (61, 'Griff', '$2a$04$jLnEOvs5ry6hg52ipvKVVOpHAKwf93ihAE2qlFeZQt1uZrZVwUl6W', '2024-02-13 20:47:21', 'Fedder', '01/10/2024', null, 13, 'gfedder1o@hatena.ne.jp');
insert into Usuarios (id_usuario, nombre_usuario, contrasena_usuario, fecha_creacion, apellido_usuario, fecha_nacimiento_usuario, id_cine, id_cargo, email_usuario) values (62, 'Luz', '$2a$04$LCfDWcNSi8ds7GzhEhhxg.cHe8Xd09II.HuonWW5.Gj4SzU2L7MDG', '2024-07-13 21:05:35', 'Parradye', '03/27/2024', null, null, 'lparradye1p@php.net');
insert into Usuarios (id_usuario, nombre_usuario, contrasena_usuario, fecha_creacion, apellido_usuario, fecha_nacimiento_usuario, id_cine, id_cargo, email_usuario) values (63, 'Enrika', '$2a$04$aVTIHzwIJCP4SQ5BjT8px.4kHJ18p6UvXBBr6EgWUns9wcEcev1gO', '2023-12-16 06:27:35', 'Peche', '11/22/2023', null, null, 'epeche1q@salon.com');
insert into Usuarios (id_usuario, nombre_usuario, contrasena_usuario, fecha_creacion, apellido_usuario, fecha_nacimiento_usuario, id_cine, id_cargo, email_usuario) values (64, 'Marsh', '$2a$04$ToaeogDrsbGky16OKk4pLufMOlPjIjVp3JEEMetB6n1QvQhUBek66', '2023-09-22 14:17:51', 'Tincknell', '04/05/2024', null, 87, 'mtincknell1r@facebook.com');
insert into Usuarios (id_usuario, nombre_usuario, contrasena_usuario, fecha_creacion, apellido_usuario, fecha_nacimiento_usuario, id_cine, id_cargo, email_usuario) values (65, 'Perice', '$2a$04$/H83rbO0THnr7d0Wyo6g8uzgQGF0nOp86NremsPTWg8EkbpsDO7ui', '2024-07-28 18:05:28', 'Berzen', '11/04/2023', null, 36, 'pberzen1s@psu.edu');
insert into Usuarios (id_usuario, nombre_usuario, contrasena_usuario, fecha_creacion, apellido_usuario, fecha_nacimiento_usuario, id_cine, id_cargo, email_usuario) values (66, 'Ruthe', '$2a$04$.U/0xKxiUdrzl3TJ5XMEXuc7gcFl27n0V/l9HkMnzduAvx4pu9xqG', '2023-11-20 12:10:13', 'Swannack', '02/29/2024', 69, 16, 'rswannack1t@devhub.com');
insert into Usuarios (id_usuario, nombre_usuario, contrasena_usuario, fecha_creacion, apellido_usuario, fecha_nacimiento_usuario, id_cine, id_cargo, email_usuario) values (67, 'Umeko', '$2a$04$9mK7L1FRm849nLEDKveXF.Br6/lkkTSZr1RvF14JLqwgfE0ysEK4y', '2023-11-06 10:06:38', 'Sommerland', '12/13/2023', 29, null, 'usommerland1u@dion.ne.jp');
insert into Usuarios (id_usuario, nombre_usuario, contrasena_usuario, fecha_creacion, apellido_usuario, fecha_nacimiento_usuario, id_cine, id_cargo, email_usuario) values (68, 'Trip', '$2a$04$JiN.7A7jpL3R60YTGliRDOdlBFTv/oD6uOmh6hzcOKzLG2KWfW2BG', '2024-02-19 02:40:29', 'Bielby', '03/25/2024', 42, 69, 'tbielby1v@unc.edu');
insert into Usuarios (id_usuario, nombre_usuario, contrasena_usuario, fecha_creacion, apellido_usuario, fecha_nacimiento_usuario, id_cine, id_cargo, email_usuario) values (69, 'Mic', '$2a$04$Bb5R0w3n1xHma4tLS.mDI.0Xw9fjKBygKGx9NN4EMMD0RmTYIDIm6', '2024-02-01 15:14:47', 'Gowman', '08/25/2023', 34, null, 'mgowman1w@smh.com.au');
insert into Usuarios (id_usuario, nombre_usuario, contrasena_usuario, fecha_creacion, apellido_usuario, fecha_nacimiento_usuario, id_cine, id_cargo, email_usuario) values (70, 'Jory', '$2a$04$BuOKD5APKdDEVIERVfBTEu8q18OHq7WVcoMSJlWSiXKsVwoZR6yDS', '2024-07-25 14:44:59', 'Comber', '08/19/2024', 93, null, 'jcomber1x@gravatar.com');
insert into Usuarios (id_usuario, nombre_usuario, contrasena_usuario, fecha_creacion, apellido_usuario, fecha_nacimiento_usuario, id_cine, id_cargo, email_usuario) values (71, 'Jaquenette', '$2a$04$nbRcqYsyXd8o6tVLNldoOOzT36ZVDmv3tX/j2UIu9Pr4rS019y70y', '2024-04-05 07:58:10', 'O''Crigane', '07/15/2024', 88, null, 'jocrigane1y@yelp.com');
insert into Usuarios (id_usuario, nombre_usuario, contrasena_usuario, fecha_creacion, apellido_usuario, fecha_nacimiento_usuario, id_cine, id_cargo, email_usuario) values (72, 'Amata', '$2a$04$VUNCY7vGMtGY/nCRTPKo1.6zwksNvrrJaw6Wb4u48UAI48VJ2DtEm', '2024-06-27 17:53:03', 'Gladtbach', '12/01/2023', null, 5, 'agladtbach1z@rakuten.co.jp');
insert into Usuarios (id_usuario, nombre_usuario, contrasena_usuario, fecha_creacion, apellido_usuario, fecha_nacimiento_usuario, id_cine, id_cargo, email_usuario) values (73, 'Caddric', '$2a$04$VrIIbjYaaFpketv4ocb4XOAzYb/V4B4dRdKbVVBTIDc2hLN5tl7Ju', '2024-04-12 05:37:10', 'Stempe', '05/24/2024', 81, 35, 'cstempe20@telegraph.co.uk');
insert into Usuarios (id_usuario, nombre_usuario, contrasena_usuario, fecha_creacion, apellido_usuario, fecha_nacimiento_usuario, id_cine, id_cargo, email_usuario) values (74, 'Libbi', '$2a$04$7HtQPqKhF0pHWLnNPhzk/.7wtXq9cU6f6ANZn4io8AP2XKqzI4Z6.', '2024-02-26 06:14:15', 'Tewelson', '03/21/2024', 68, null, 'ltewelson21@comsenz.com');
insert into Usuarios (id_usuario, nombre_usuario, contrasena_usuario, fecha_creacion, apellido_usuario, fecha_nacimiento_usuario, id_cine, id_cargo, email_usuario) values (75, 'Agnesse', '$2a$04$9LJ2ZWumaxGvIc0O9gWpW.Pcq.hpZaUwvrj0Hg.Agy2Ido1hRz6r2', '2023-09-18 21:22:13', 'Oakwood', '04/18/2024', 36, null, 'aoakwood22@slideshare.net');
insert into Usuarios (id_usuario, nombre_usuario, contrasena_usuario, fecha_creacion, apellido_usuario, fecha_nacimiento_usuario, id_cine, id_cargo, email_usuario) values (76, 'Izak', '$2a$04$pszsMs4WxuZQQ7eRlMF3Q.HNtCxL0ihi3WIg.T25a1Vyi5dgHgX3S', '2024-03-24 12:31:43', 'Brickdale', '02/11/2024', 65, null, 'ibrickdale23@freewebs.com');
insert into Usuarios (id_usuario, nombre_usuario, contrasena_usuario, fecha_creacion, apellido_usuario, fecha_nacimiento_usuario, id_cine, id_cargo, email_usuario) values (77, 'Donica', '$2a$04$Z58vLsXQkg/MGOL.6Bpxiu.VtmPpXUWmcHB5HYAe2C/RXpwkh1ZCy', '2023-12-24 11:35:39', 'Farriar', '02/01/2024', 55, null, 'dfarriar24@1und1.de');
insert into Usuarios (id_usuario, nombre_usuario, contrasena_usuario, fecha_creacion, apellido_usuario, fecha_nacimiento_usuario, id_cine, id_cargo, email_usuario) values (78, 'Eben', '$2a$04$9sLotkCUp8j5HzDLnXoJP.ln6uXa4tux2C.7vJ2DtC3wYoDbLWyc6', '2023-09-19 04:34:39', 'Chilver', '07/27/2024', 2, null, 'echilver25@soundcloud.com');
insert into Usuarios (id_usuario, nombre_usuario, contrasena_usuario, fecha_creacion, apellido_usuario, fecha_nacimiento_usuario, id_cine, id_cargo, email_usuario) values (79, 'Alley', '$2a$04$riC9mHcxC1UtjybTFB9PeOgDDULEQowSmhMquqdMCQ.QHesjaPTtu', '2023-10-13 21:00:43', 'Al Hirsi', '11/08/2023', 44, null, 'aalhirsi26@dell.com');
insert into Usuarios (id_usuario, nombre_usuario, contrasena_usuario, fecha_creacion, apellido_usuario, fecha_nacimiento_usuario, id_cine, id_cargo, email_usuario) values (80, 'Loree', '$2a$04$R2.GYgFSp0nuBdBKmK9Evuz6FnOyywnUxXkZtJ5PS9QTq0skE0GgS', '2024-07-21 15:37:37', 'Klaesson', '06/22/2024', 32, 41, 'lklaesson27@vinaora.com');
insert into Usuarios (id_usuario, nombre_usuario, contrasena_usuario, fecha_creacion, apellido_usuario, fecha_nacimiento_usuario, id_cine, id_cargo, email_usuario) values (81, 'Leola', '$2a$04$Z/UJnSan5wSsEf86MU0mZeRRgiCJQ5Sq8CKpTUAJIx4K3NVOf1DKG', '2024-02-07 10:58:32', 'Milesop', '07/21/2024', null, null, 'lmilesop28@ning.com');
insert into Usuarios (id_usuario, nombre_usuario, contrasena_usuario, fecha_creacion, apellido_usuario, fecha_nacimiento_usuario, id_cine, id_cargo, email_usuario) values (82, 'Minette', '$2a$04$9FHUSDlO928KX9dU6ppAwO.8QbW9510FIdGd5rZEvZH.ZOzC6JvnC', '2024-03-22 04:08:05', 'Knowlton', '08/09/2024', null, 33, 'mknowlton29@tmall.com');
insert into Usuarios (id_usuario, nombre_usuario, contrasena_usuario, fecha_creacion, apellido_usuario, fecha_nacimiento_usuario, id_cine, id_cargo, email_usuario) values (83, 'Corabel', '$2a$04$lNC7UTYHc7tqRYcdExPxw.T1CsZCLkh4cEKXWE4DOwuPTx8UhCjPK', '2024-04-18 13:19:14', 'Brimley', '07/14/2024', 96, null, 'cbrimley2a@dedecms.com');
insert into Usuarios (id_usuario, nombre_usuario, contrasena_usuario, fecha_creacion, apellido_usuario, fecha_nacimiento_usuario, id_cine, id_cargo, email_usuario) values (84, 'Nolana', '$2a$04$FwpZfdP844aZoEZCjJ339OTT6s2V6O5awuZRHH69q7knC1Zg4nWa.', '2024-03-11 18:19:31', 'Domm', '02/05/2024', 99, null, 'ndomm2b@nba.com');
insert into Usuarios (id_usuario, nombre_usuario, contrasena_usuario, fecha_creacion, apellido_usuario, fecha_nacimiento_usuario, id_cine, id_cargo, email_usuario) values (85, 'Ravid', '$2a$04$fxpzG11mHNx7LIljyFIR1eTRVHj10mfMde2u/j6n02N8OHQdU5V0y', '2023-12-18 06:50:34', 'Smoughton', '03/19/2024', null, 50, 'rsmoughton2c@goo.ne.jp');
insert into Usuarios (id_usuario, nombre_usuario, contrasena_usuario, fecha_creacion, apellido_usuario, fecha_nacimiento_usuario, id_cine, id_cargo, email_usuario) values (86, 'Sandor', '$2a$04$F30zjVvG6GJIQc9OMB8ZbugCbs/gxTKwJG8rHbl1CtOxWqp37ZF2K', '2023-10-21 21:20:24', 'Clutterham', '01/09/2024', null, null, 'sclutterham2d@istockphoto.com');
insert into Usuarios (id_usuario, nombre_usuario, contrasena_usuario, fecha_creacion, apellido_usuario, fecha_nacimiento_usuario, id_cine, id_cargo, email_usuario) values (87, 'Mariellen', '$2a$04$VEIA4EsmlW4j0phr5iqfB.Ur3UjH0zuwFhq5F37Qs6EpPwCVefobu', '2024-01-26 11:36:55', 'Bennit', '12/15/2023', 92, 40, 'mbennit2e@histats.com');
insert into Usuarios (id_usuario, nombre_usuario, contrasena_usuario, fecha_creacion, apellido_usuario, fecha_nacimiento_usuario, id_cine, id_cargo, email_usuario) values (88, 'Lucretia', '$2a$04$iL5YxRhU8JVPefgDolRtke9CPPd314pMI0ff.edfdBmUxoFx5bc62', '2023-08-26 13:02:42', 'Murdy', '11/27/2023', 67, null, 'lmurdy2f@icio.us');
insert into Usuarios (id_usuario, nombre_usuario, contrasena_usuario, fecha_creacion, apellido_usuario, fecha_nacimiento_usuario, id_cine, id_cargo, email_usuario) values (89, 'Lolly', '$2a$04$TC6jtPfgffX1E3PkFzOIwOUo/qHM1mCaK3KdC2tVt921yElunzyb.', '2024-03-25 00:13:59', 'Pashe', '03/08/2024', 31, 25, 'lpashe2g@ycombinator.com');
insert into Usuarios (id_usuario, nombre_usuario, contrasena_usuario, fecha_creacion, apellido_usuario, fecha_nacimiento_usuario, id_cine, id_cargo, email_usuario) values (90, 'Charmane', '$2a$04$L9dcY46w3fxWuALQ9UEIMeMyg5ZOsqqrjuBiqluYV3g631c1ztqwy', '2024-05-15 13:15:19', 'Dwyr', '03/08/2024', 18, null, 'cdwyr2h@hostgator.com');
insert into Usuarios (id_usuario, nombre_usuario, contrasena_usuario, fecha_creacion, apellido_usuario, fecha_nacimiento_usuario, id_cine, id_cargo, email_usuario) values (91, 'Rubie', '$2a$04$iUm/aWHIsR4uEzbR/nPA2e0qrmPBJf0rqrsRKUq7iNfcDWG66YudK', '2023-11-24 13:37:13', 'Danson', '11/28/2023', 76, null, 'rdanson2i@infoseek.co.jp');
insert into Usuarios (id_usuario, nombre_usuario, contrasena_usuario, fecha_creacion, apellido_usuario, fecha_nacimiento_usuario, id_cine, id_cargo, email_usuario) values (92, 'Hunfredo', '$2a$04$vdPKJSFnpmIi1oUlZKjBHudCJ2cG/TsnRvWQFzmRrMyOLryd/TI96', '2024-04-19 22:17:10', 'Jedrzejczak', '02/23/2024', null, null, 'hjedrzejczak2j@washingtonpost.com');
insert into Usuarios (id_usuario, nombre_usuario, contrasena_usuario, fecha_creacion, apellido_usuario, fecha_nacimiento_usuario, id_cine, id_cargo, email_usuario) values (93, 'Blanche', '$2a$04$8FX4d4ZIdONFcbm0aRQcRuwm8THMEGT1xoxigxyb6Yf71cbS89OES', '2024-05-20 14:41:33', 'Pye', '11/26/2023', 4, 1, 'bpye2k@gmpg.org');
insert into Usuarios (id_usuario, nombre_usuario, contrasena_usuario, fecha_creacion, apellido_usuario, fecha_nacimiento_usuario, id_cine, id_cargo, email_usuario) values (94, 'Rey', '$2a$04$jd17CZCrZ0M35/AY7dk1dOivdn85qzHOW8SQXjCctc.kG9P2YoH3u', '2024-04-17 06:27:09', 'Pierrepont', '02/14/2024', 36, null, 'rpierrepont2l@apache.org');
insert into Usuarios (id_usuario, nombre_usuario, contrasena_usuario, fecha_creacion, apellido_usuario, fecha_nacimiento_usuario, id_cine, id_cargo, email_usuario) values (95, 'Darby', '$2a$04$Nv7jDCDTjR/54B/XwU1Tzut1.VxzrCVOX58YyjGsyDT19maHUDcj2', '2024-03-07 22:14:39', 'Packham', '08/18/2024', 18, 45, 'dpackham2m@ebay.co.uk');
insert into Usuarios (id_usuario, nombre_usuario, contrasena_usuario, fecha_creacion, apellido_usuario, fecha_nacimiento_usuario, id_cine, id_cargo, email_usuario) values (96, 'Austina', '$2a$04$9OQCIJvaepV3R3QbTJlQ9.9EcELyoITMLQkaY5q4CckOjULRyoO4q', '2023-12-12 16:21:39', 'Liston', '09/09/2023', null, 84, 'aliston2n@geocities.com');
insert into Usuarios (id_usuario, nombre_usuario, contrasena_usuario, fecha_creacion, apellido_usuario, fecha_nacimiento_usuario, id_cine, id_cargo, email_usuario) values (97, 'Joycelin', '$2a$04$bgfygB7Puh6NmZL/ci.O1eEs6mDLruAQDhEPedTFnMm67iw1hjq/O', '2023-09-05 13:52:21', 'Tidball', '11/18/2023', 28, null, 'jtidball2o@google.es');
insert into Usuarios (id_usuario, nombre_usuario, contrasena_usuario, fecha_creacion, apellido_usuario, fecha_nacimiento_usuario, id_cine, id_cargo, email_usuario) values (98, 'Kayle', '$2a$04$Ohd7X7zjXIli7LrW7Kr5me22BwsX2TQsqysAqs7HVrWgjBh/futXO', '2024-04-25 15:25:25', 'Gonet', '10/02/2023', null, 79, 'kgonet2p@spotify.com');
insert into Usuarios (id_usuario, nombre_usuario, contrasena_usuario, fecha_creacion, apellido_usuario, fecha_nacimiento_usuario, id_cine, id_cargo, email_usuario) values (99, 'Mara', '$2a$04$V5RazKp75hBtr1CYxZDmuef2bo6Np7yTsDAZsYP7C4upTW3D1xmS2', '2024-03-02 11:32:25', 'Dibson', '05/28/2024', null, 93, 'mdibson2q@time.com');
insert into Usuarios (id_usuario, nombre_usuario, contrasena_usuario, fecha_creacion, apellido_usuario, fecha_nacimiento_usuario, id_cine, id_cargo, email_usuario) values (100, 'Bamby', '$2a$04$OksdpIDA4dqUV.RXX76WFeixKDVdbpZ5.Lge9LgFbu0rIxwsPMiAu', '2023-11-02 22:10:21', 'Burnall', '01/22/2024', null, 40, 'bburnall2r@aboutads.info');

insert into Reservaciones (id_reservacion, id_funcion, id_usuario, cantidad_boletas, fecha_reserva, total_pago) values (1, 42, 62, 1, '7/4/2024', '$13941.92');
insert into Reservaciones (id_reservacion, id_funcion, id_usuario, cantidad_boletas, fecha_reserva, total_pago) values (2, 45, 95, 5, '11/26/2023', '$42955.23');
insert into Reservaciones (id_reservacion, id_funcion, id_usuario, cantidad_boletas, fecha_reserva, total_pago) values (3, 100, 11, 1, '2/20/2024', '$35710.63');
insert into Reservaciones (id_reservacion, id_funcion, id_usuario, cantidad_boletas, fecha_reserva, total_pago) values (4, 50, 88, 5, '9/4/2023', '$9793.31');
insert into Reservaciones (id_reservacion, id_funcion, id_usuario, cantidad_boletas, fecha_reserva, total_pago) values (5, 1, 71, 1, '2/15/2024', '$43803.10');
insert into Reservaciones (id_reservacion, id_funcion, id_usuario, cantidad_boletas, fecha_reserva, total_pago) values (6, 42, 27, 2, '12/5/2023', '$13395.65');
insert into Reservaciones (id_reservacion, id_funcion, id_usuario, cantidad_boletas, fecha_reserva, total_pago) values (7, 16, 51, 3, '3/8/2024', '$36465.35');
insert into Reservaciones (id_reservacion, id_funcion, id_usuario, cantidad_boletas, fecha_reserva, total_pago) values (8, 30, 54, 2, '6/19/2024', '$31651.98');
insert into Reservaciones (id_reservacion, id_funcion, id_usuario, cantidad_boletas, fecha_reserva, total_pago) values (9, 73, 94, 3, '11/28/2023', '$42412.91');
insert into Reservaciones (id_reservacion, id_funcion, id_usuario, cantidad_boletas, fecha_reserva, total_pago) values (10, 25, 86, 3, '4/29/2024', '$14103.01');
insert into Reservaciones (id_reservacion, id_funcion, id_usuario, cantidad_boletas, fecha_reserva, total_pago) values (11, 56, 53, 1, '10/15/2023', '$33752.94');
insert into Reservaciones (id_reservacion, id_funcion, id_usuario, cantidad_boletas, fecha_reserva, total_pago) values (12, 54, 34, 4, '11/12/2023', '$49975.77');
insert into Reservaciones (id_reservacion, id_funcion, id_usuario, cantidad_boletas, fecha_reserva, total_pago) values (13, 64, 27, 5, '8/7/2024', '$49740.53');
insert into Reservaciones (id_reservacion, id_funcion, id_usuario, cantidad_boletas, fecha_reserva, total_pago) values (14, 61, 65, 3, '3/11/2024', '$11616.61');
insert into Reservaciones (id_reservacion, id_funcion, id_usuario, cantidad_boletas, fecha_reserva, total_pago) values (15, 12, 93, 4, '11/12/2023', '$20402.42');
insert into Reservaciones (id_reservacion, id_funcion, id_usuario, cantidad_boletas, fecha_reserva, total_pago) values (16, 18, 72, 2, '7/25/2024', '$42349.97');
insert into Reservaciones (id_reservacion, id_funcion, id_usuario, cantidad_boletas, fecha_reserva, total_pago) values (17, 20, 16, 2, '9/30/2023', '$44005.54');
insert into Reservaciones (id_reservacion, id_funcion, id_usuario, cantidad_boletas, fecha_reserva, total_pago) values (18, 10, 84, 6, '10/3/2023', '$15181.56');
insert into Reservaciones (id_reservacion, id_funcion, id_usuario, cantidad_boletas, fecha_reserva, total_pago) values (19, 36, 38, 2, '7/3/2024', '$37910.81');
insert into Reservaciones (id_reservacion, id_funcion, id_usuario, cantidad_boletas, fecha_reserva, total_pago) values (20, 97, 16, 1, '5/14/2024', '$20729.74');
insert into Reservaciones (id_reservacion, id_funcion, id_usuario, cantidad_boletas, fecha_reserva, total_pago) values (21, 98, 9, 1, '3/15/2024', '$19858.63');
insert into Reservaciones (id_reservacion, id_funcion, id_usuario, cantidad_boletas, fecha_reserva, total_pago) values (22, 88, 88, 5, '1/6/2024', '$14168.82');
insert into Reservaciones (id_reservacion, id_funcion, id_usuario, cantidad_boletas, fecha_reserva, total_pago) values (23, 77, 52, 2, '2/15/2024', '$29145.52');
insert into Reservaciones (id_reservacion, id_funcion, id_usuario, cantidad_boletas, fecha_reserva, total_pago) values (24, 72, 93, 2, '8/14/2024', '$19294.19');
insert into Reservaciones (id_reservacion, id_funcion, id_usuario, cantidad_boletas, fecha_reserva, total_pago) values (25, 37, 40, 6, '10/12/2023', '$26825.06');
insert into Reservaciones (id_reservacion, id_funcion, id_usuario, cantidad_boletas, fecha_reserva, total_pago) values (26, 91, 28, 5, '2/25/2024', '$52045.92');
insert into Reservaciones (id_reservacion, id_funcion, id_usuario, cantidad_boletas, fecha_reserva, total_pago) values (27, 91, 53, 3, '11/20/2023', '$12081.54');
insert into Reservaciones (id_reservacion, id_funcion, id_usuario, cantidad_boletas, fecha_reserva, total_pago) values (28, 66, 2, 4, '11/13/2023', '$9494.77');
insert into Reservaciones (id_reservacion, id_funcion, id_usuario, cantidad_boletas, fecha_reserva, total_pago) values (29, 77, 75, 4, '7/18/2024', '$53631.04');
insert into Reservaciones (id_reservacion, id_funcion, id_usuario, cantidad_boletas, fecha_reserva, total_pago) values (30, 35, 45, 1, '12/9/2023', '$42721.76');
insert into Reservaciones (id_reservacion, id_funcion, id_usuario, cantidad_boletas, fecha_reserva, total_pago) values (31, 30, 69, 6, '10/9/2023', '$46916.85');
insert into Reservaciones (id_reservacion, id_funcion, id_usuario, cantidad_boletas, fecha_reserva, total_pago) values (32, 68, 70, 4, '7/7/2024', '$15482.54');
insert into Reservaciones (id_reservacion, id_funcion, id_usuario, cantidad_boletas, fecha_reserva, total_pago) values (33, 11, 35, 3, '8/9/2024', '$49030.41');
insert into Reservaciones (id_reservacion, id_funcion, id_usuario, cantidad_boletas, fecha_reserva, total_pago) values (34, 67, 88, 6, '2/17/2024', '$23005.15');
insert into Reservaciones (id_reservacion, id_funcion, id_usuario, cantidad_boletas, fecha_reserva, total_pago) values (35, 7, 99, 5, '8/28/2023', '$28554.93');
insert into Reservaciones (id_reservacion, id_funcion, id_usuario, cantidad_boletas, fecha_reserva, total_pago) values (36, 56, 84, 5, '6/12/2024', '$31147.37');
insert into Reservaciones (id_reservacion, id_funcion, id_usuario, cantidad_boletas, fecha_reserva, total_pago) values (37, 10, 85, 2, '5/14/2024', '$38494.72');
insert into Reservaciones (id_reservacion, id_funcion, id_usuario, cantidad_boletas, fecha_reserva, total_pago) values (38, 9, 99, 6, '5/24/2024', '$24451.68');
insert into Reservaciones (id_reservacion, id_funcion, id_usuario, cantidad_boletas, fecha_reserva, total_pago) values (39, 62, 32, 3, '8/10/2024', '$12669.96');
insert into Reservaciones (id_reservacion, id_funcion, id_usuario, cantidad_boletas, fecha_reserva, total_pago) values (40, 93, 90, 1, '7/27/2024', '$41928.52');
insert into Reservaciones (id_reservacion, id_funcion, id_usuario, cantidad_boletas, fecha_reserva, total_pago) values (41, 79, 6, 2, '3/6/2024', '$32448.76');
insert into Reservaciones (id_reservacion, id_funcion, id_usuario, cantidad_boletas, fecha_reserva, total_pago) values (42, 1, 44, 2, '1/30/2024', '$39341.82');
insert into Reservaciones (id_reservacion, id_funcion, id_usuario, cantidad_boletas, fecha_reserva, total_pago) values (43, 87, 14, 3, '9/18/2023', '$15649.73');
insert into Reservaciones (id_reservacion, id_funcion, id_usuario, cantidad_boletas, fecha_reserva, total_pago) values (44, 83, 39, 1, '11/7/2023', '$36319.43');
insert into Reservaciones (id_reservacion, id_funcion, id_usuario, cantidad_boletas, fecha_reserva, total_pago) values (45, 79, 6, 4, '7/13/2024', '$47957.40');
insert into Reservaciones (id_reservacion, id_funcion, id_usuario, cantidad_boletas, fecha_reserva, total_pago) values (46, 55, 34, 1, '6/22/2024', '$14783.66');
insert into Reservaciones (id_reservacion, id_funcion, id_usuario, cantidad_boletas, fecha_reserva, total_pago) values (47, 39, 59, 6, '11/28/2023', '$52457.59');
insert into Reservaciones (id_reservacion, id_funcion, id_usuario, cantidad_boletas, fecha_reserva, total_pago) values (48, 84, 22, 3, '5/31/2024', '$29458.54');
insert into Reservaciones (id_reservacion, id_funcion, id_usuario, cantidad_boletas, fecha_reserva, total_pago) values (49, 76, 31, 2, '11/3/2023', '$14935.68');
insert into Reservaciones (id_reservacion, id_funcion, id_usuario, cantidad_boletas, fecha_reserva, total_pago) values (50, 3, 15, 5, '8/15/2024', '$10089.69');
insert into Reservaciones (id_reservacion, id_funcion, id_usuario, cantidad_boletas, fecha_reserva, total_pago) values (51, 19, 37, 3, '4/26/2024', '$15210.24');
insert into Reservaciones (id_reservacion, id_funcion, id_usuario, cantidad_boletas, fecha_reserva, total_pago) values (52, 63, 39, 2, '6/13/2024', '$12154.20');
insert into Reservaciones (id_reservacion, id_funcion, id_usuario, cantidad_boletas, fecha_reserva, total_pago) values (53, 31, 52, 4, '3/15/2024', '$12836.77');
insert into Reservaciones (id_reservacion, id_funcion, id_usuario, cantidad_boletas, fecha_reserva, total_pago) values (54, 58, 60, 3, '10/23/2023', '$32578.91');
insert into Reservaciones (id_reservacion, id_funcion, id_usuario, cantidad_boletas, fecha_reserva, total_pago) values (55, 45, 56, 5, '9/2/2023', '$32382.49');
insert into Reservaciones (id_reservacion, id_funcion, id_usuario, cantidad_boletas, fecha_reserva, total_pago) values (56, 92, 48, 2, '12/26/2023', '$34930.63');
insert into Reservaciones (id_reservacion, id_funcion, id_usuario, cantidad_boletas, fecha_reserva, total_pago) values (57, 78, 98, 1, '1/10/2024', '$30413.78');
insert into Reservaciones (id_reservacion, id_funcion, id_usuario, cantidad_boletas, fecha_reserva, total_pago) values (58, 91, 33, 3, '7/17/2024', '$11085.37');
insert into Reservaciones (id_reservacion, id_funcion, id_usuario, cantidad_boletas, fecha_reserva, total_pago) values (59, 92, 39, 5, '8/13/2024', '$23267.16');
insert into Reservaciones (id_reservacion, id_funcion, id_usuario, cantidad_boletas, fecha_reserva, total_pago) values (60, 33, 44, 6, '7/31/2024', '$38233.81');
insert into Reservaciones (id_reservacion, id_funcion, id_usuario, cantidad_boletas, fecha_reserva, total_pago) values (61, 22, 35, 2, '4/13/2024', '$40707.46');
insert into Reservaciones (id_reservacion, id_funcion, id_usuario, cantidad_boletas, fecha_reserva, total_pago) values (62, 7, 40, 2, '8/14/2024', '$32688.48');
insert into Reservaciones (id_reservacion, id_funcion, id_usuario, cantidad_boletas, fecha_reserva, total_pago) values (63, 91, 83, 6, '2/27/2024', '$17089.22');
insert into Reservaciones (id_reservacion, id_funcion, id_usuario, cantidad_boletas, fecha_reserva, total_pago) values (64, 27, 60, 2, '11/6/2023', '$53459.08');
insert into Reservaciones (id_reservacion, id_funcion, id_usuario, cantidad_boletas, fecha_reserva, total_pago) values (65, 50, 55, 6, '12/3/2023', '$16143.83');
insert into Reservaciones (id_reservacion, id_funcion, id_usuario, cantidad_boletas, fecha_reserva, total_pago) values (66, 78, 1, 6, '3/9/2024', '$11659.25');
insert into Reservaciones (id_reservacion, id_funcion, id_usuario, cantidad_boletas, fecha_reserva, total_pago) values (67, 16, 24, 4, '10/15/2023', '$21113.74');
insert into Reservaciones (id_reservacion, id_funcion, id_usuario, cantidad_boletas, fecha_reserva, total_pago) values (68, 10, 85, 4, '1/4/2024', '$20353.23');
insert into Reservaciones (id_reservacion, id_funcion, id_usuario, cantidad_boletas, fecha_reserva, total_pago) values (69, 59, 95, 2, '5/6/2024', '$15365.08');
insert into Reservaciones (id_reservacion, id_funcion, id_usuario, cantidad_boletas, fecha_reserva, total_pago) values (70, 1, 50, 5, '7/12/2024', '$43703.33');
insert into Reservaciones (id_reservacion, id_funcion, id_usuario, cantidad_boletas, fecha_reserva, total_pago) values (71, 8, 78, 3, '5/7/2024', '$24634.50');
insert into Reservaciones (id_reservacion, id_funcion, id_usuario, cantidad_boletas, fecha_reserva, total_pago) values (72, 21, 40, 1, '11/3/2023', '$40746.01');
insert into Reservaciones (id_reservacion, id_funcion, id_usuario, cantidad_boletas, fecha_reserva, total_pago) values (73, 52, 47, 5, '8/2/2024', '$40468.46');
insert into Reservaciones (id_reservacion, id_funcion, id_usuario, cantidad_boletas, fecha_reserva, total_pago) values (74, 85, 90, 6, '2/6/2024', '$43947.47');
insert into Reservaciones (id_reservacion, id_funcion, id_usuario, cantidad_boletas, fecha_reserva, total_pago) values (75, 9, 18, 5, '10/11/2023', '$21445.40');
insert into Reservaciones (id_reservacion, id_funcion, id_usuario, cantidad_boletas, fecha_reserva, total_pago) values (76, 53, 87, 1, '10/9/2023', '$31013.25');
insert into Reservaciones (id_reservacion, id_funcion, id_usuario, cantidad_boletas, fecha_reserva, total_pago) values (77, 58, 72, 5, '12/3/2023', '$16649.24');
insert into Reservaciones (id_reservacion, id_funcion, id_usuario, cantidad_boletas, fecha_reserva, total_pago) values (78, 3, 73, 4, '2/2/2024', '$12105.23');
insert into Reservaciones (id_reservacion, id_funcion, id_usuario, cantidad_boletas, fecha_reserva, total_pago) values (79, 58, 32, 5, '1/28/2024', '$27437.74');
insert into Reservaciones (id_reservacion, id_funcion, id_usuario, cantidad_boletas, fecha_reserva, total_pago) values (80, 40, 48, 3, '4/21/2024', '$33815.45');
insert into Reservaciones (id_reservacion, id_funcion, id_usuario, cantidad_boletas, fecha_reserva, total_pago) values (81, 19, 85, 6, '5/22/2024', '$31866.94');
insert into Reservaciones (id_reservacion, id_funcion, id_usuario, cantidad_boletas, fecha_reserva, total_pago) values (82, 24, 58, 5, '1/3/2024', '$28528.24');
insert into Reservaciones (id_reservacion, id_funcion, id_usuario, cantidad_boletas, fecha_reserva, total_pago) values (83, 47, 51, 6, '8/7/2024', '$21519.61');
insert into Reservaciones (id_reservacion, id_funcion, id_usuario, cantidad_boletas, fecha_reserva, total_pago) values (84, 76, 99, 5, '6/25/2024', '$21030.07');
insert into Reservaciones (id_reservacion, id_funcion, id_usuario, cantidad_boletas, fecha_reserva, total_pago) values (85, 42, 66, 1, '3/16/2024', '$17211.34');
insert into Reservaciones (id_reservacion, id_funcion, id_usuario, cantidad_boletas, fecha_reserva, total_pago) values (86, 93, 73, 3, '7/14/2024', '$15067.22');
insert into Reservaciones (id_reservacion, id_funcion, id_usuario, cantidad_boletas, fecha_reserva, total_pago) values (87, 2, 24, 5, '1/20/2024', '$18996.75');
insert into Reservaciones (id_reservacion, id_funcion, id_usuario, cantidad_boletas, fecha_reserva, total_pago) values (88, 76, 14, 6, '9/3/2023', '$50944.30');
insert into Reservaciones (id_reservacion, id_funcion, id_usuario, cantidad_boletas, fecha_reserva, total_pago) values (89, 98, 71, 6, '12/31/2023', '$36756.50');
insert into Reservaciones (id_reservacion, id_funcion, id_usuario, cantidad_boletas, fecha_reserva, total_pago) values (90, 28, 43, 1, '10/14/2023', '$16122.89');
insert into Reservaciones (id_reservacion, id_funcion, id_usuario, cantidad_boletas, fecha_reserva, total_pago) values (91, 79, 75, 5, '12/28/2023', '$43942.53');
insert into Reservaciones (id_reservacion, id_funcion, id_usuario, cantidad_boletas, fecha_reserva, total_pago) values (92, 51, 95, 3, '1/15/2024', '$37751.27');
insert into Reservaciones (id_reservacion, id_funcion, id_usuario, cantidad_boletas, fecha_reserva, total_pago) values (93, 61, 24, 2, '9/24/2023', '$26242.86');
insert into Reservaciones (id_reservacion, id_funcion, id_usuario, cantidad_boletas, fecha_reserva, total_pago) values (94, 30, 78, 4, '7/26/2024', '$12691.77');
insert into Reservaciones (id_reservacion, id_funcion, id_usuario, cantidad_boletas, fecha_reserva, total_pago) values (95, 34, 26, 5, '4/24/2024', '$39136.05');
insert into Reservaciones (id_reservacion, id_funcion, id_usuario, cantidad_boletas, fecha_reserva, total_pago) values (96, 14, 70, 2, '9/9/2023', '$31703.70');
insert into Reservaciones (id_reservacion, id_funcion, id_usuario, cantidad_boletas, fecha_reserva, total_pago) values (97, 64, 62, 1, '10/2/2023', '$42852.95');
insert into Reservaciones (id_reservacion, id_funcion, id_usuario, cantidad_boletas, fecha_reserva, total_pago) values (98, 77, 98, 4, '11/7/2023', '$47329.88');
insert into Reservaciones (id_reservacion, id_funcion, id_usuario, cantidad_boletas, fecha_reserva, total_pago) values (99, 70, 90, 1, '9/10/2023', '$22882.79');
insert into Reservaciones (id_reservacion, id_funcion, id_usuario, cantidad_boletas, fecha_reserva, total_pago) values (100, 65, 95, 3, '3/18/2024', '$32037.73');

insert into Sillas (id_silla, id_sala, nombre_silla) values (1, 70, 'silla 1');
insert into Sillas (id_silla, id_sala, nombre_silla) values (2, 48, 'silla 2');
insert into Sillas (id_silla, id_sala, nombre_silla) values (3, 8, 'silla 3');
insert into Sillas (id_silla, id_sala, nombre_silla) values (4, 37, 'silla 4');
insert into Sillas (id_silla, id_sala, nombre_silla) values (5, 52, 'silla 5');
insert into Sillas (id_silla, id_sala, nombre_silla) values (6, 3, 'silla 6');
insert into Sillas (id_silla, id_sala, nombre_silla) values (7, 41, 'silla 7');
insert into Sillas (id_silla, id_sala, nombre_silla) values (8, 78, 'silla 8');
insert into Sillas (id_silla, id_sala, nombre_silla) values (9, 79, 'silla 9');
insert into Sillas (id_silla, id_sala, nombre_silla) values (10, 94, 'silla 10');
insert into Sillas (id_silla, id_sala, nombre_silla) values (11, 41, 'silla 11');
insert into Sillas (id_silla, id_sala, nombre_silla) values (12, 89, 'silla 12');
insert into Sillas (id_silla, id_sala, nombre_silla) values (13, 95, 'silla 13');
insert into Sillas (id_silla, id_sala, nombre_silla) values (14, 42, 'silla 14');
insert into Sillas (id_silla, id_sala, nombre_silla) values (15, 40, 'silla 15');
insert into Sillas (id_silla, id_sala, nombre_silla) values (16, 98, 'silla 16');
insert into Sillas (id_silla, id_sala, nombre_silla) values (17, 25, 'silla 17');
insert into Sillas (id_silla, id_sala, nombre_silla) values (18, 88, 'silla 18');
insert into Sillas (id_silla, id_sala, nombre_silla) values (19, 8, 'silla 19');
insert into Sillas (id_silla, id_sala, nombre_silla) values (20, 86, 'silla 20');
insert into Sillas (id_silla, id_sala, nombre_silla) values (21, 41, 'silla 21');
insert into Sillas (id_silla, id_sala, nombre_silla) values (22, 8, 'silla 22');
insert into Sillas (id_silla, id_sala, nombre_silla) values (23, 25, 'silla 23');
insert into Sillas (id_silla, id_sala, nombre_silla) values (24, 10, 'silla 24');
insert into Sillas (id_silla, id_sala, nombre_silla) values (25, 50, 'silla 25');
insert into Sillas (id_silla, id_sala, nombre_silla) values (26, 94, 'silla 26');
insert into Sillas (id_silla, id_sala, nombre_silla) values (27, 38, 'silla 27');
insert into Sillas (id_silla, id_sala, nombre_silla) values (28, 92, 'silla 28');
insert into Sillas (id_silla, id_sala, nombre_silla) values (29, 98, 'silla 29');
insert into Sillas (id_silla, id_sala, nombre_silla) values (30, 69, 'silla 30');
insert into Sillas (id_silla, id_sala, nombre_silla) values (31, 40, 'silla 31');
insert into Sillas (id_silla, id_sala, nombre_silla) values (32, 18, 'silla 32');
insert into Sillas (id_silla, id_sala, nombre_silla) values (33, 19, 'silla 33');
insert into Sillas (id_silla, id_sala, nombre_silla) values (34, 69, 'silla 34');
insert into Sillas (id_silla, id_sala, nombre_silla) values (35, 26, 'silla 35');
insert into Sillas (id_silla, id_sala, nombre_silla) values (36, 86, 'silla 36');
insert into Sillas (id_silla, id_sala, nombre_silla) values (37, 83, 'silla 37');
insert into Sillas (id_silla, id_sala, nombre_silla) values (38, 32, 'silla 38');
insert into Sillas (id_silla, id_sala, nombre_silla) values (39, 39, 'silla 39');
insert into Sillas (id_silla, id_sala, nombre_silla) values (40, 41, 'silla 40');
insert into Sillas (id_silla, id_sala, nombre_silla) values (41, 12, 'silla 41');
insert into Sillas (id_silla, id_sala, nombre_silla) values (42, 6, 'silla 42');
insert into Sillas (id_silla, id_sala, nombre_silla) values (43, 89, 'silla 43');
insert into Sillas (id_silla, id_sala, nombre_silla) values (44, 61, 'silla 44');
insert into Sillas (id_silla, id_sala, nombre_silla) values (45, 75, 'silla 45');
insert into Sillas (id_silla, id_sala, nombre_silla) values (46, 70, 'silla 46');
insert into Sillas (id_silla, id_sala, nombre_silla) values (47, 100, 'silla 47');
insert into Sillas (id_silla, id_sala, nombre_silla) values (48, 38, 'silla 48');
insert into Sillas (id_silla, id_sala, nombre_silla) values (49, 20, 'silla 49');
insert into Sillas (id_silla, id_sala, nombre_silla) values (50, 16, 'silla 50');
insert into Sillas (id_silla, id_sala, nombre_silla) values (51, 31, 'silla 51');
insert into Sillas (id_silla, id_sala, nombre_silla) values (52, 95, 'silla 52');
insert into Sillas (id_silla, id_sala, nombre_silla) values (53, 79, 'silla 53');
insert into Sillas (id_silla, id_sala, nombre_silla) values (54, 55, 'silla 54');
insert into Sillas (id_silla, id_sala, nombre_silla) values (55, 21, 'silla 55');
insert into Sillas (id_silla, id_sala, nombre_silla) values (56, 26, 'silla 56');
insert into Sillas (id_silla, id_sala, nombre_silla) values (57, 49, 'silla 57');
insert into Sillas (id_silla, id_sala, nombre_silla) values (58, 6, 'silla 58');
insert into Sillas (id_silla, id_sala, nombre_silla) values (59, 21, 'silla 59');
insert into Sillas (id_silla, id_sala, nombre_silla) values (60, 71, 'silla 60');
insert into Sillas (id_silla, id_sala, nombre_silla) values (61, 8, 'silla 61');
insert into Sillas (id_silla, id_sala, nombre_silla) values (62, 1, 'silla 62');
insert into Sillas (id_silla, id_sala, nombre_silla) values (63, 21, 'silla 63');
insert into Sillas (id_silla, id_sala, nombre_silla) values (64, 57, 'silla 64');
insert into Sillas (id_silla, id_sala, nombre_silla) values (65, 4, 'silla 65');
insert into Sillas (id_silla, id_sala, nombre_silla) values (66, 21, 'silla 66');
insert into Sillas (id_silla, id_sala, nombre_silla) values (67, 6, 'silla 67');
insert into Sillas (id_silla, id_sala, nombre_silla) values (68, 68, 'silla 68');
insert into Sillas (id_silla, id_sala, nombre_silla) values (69, 18, 'silla 69');
insert into Sillas (id_silla, id_sala, nombre_silla) values (70, 83, 'silla 70');
insert into Sillas (id_silla, id_sala, nombre_silla) values (71, 2, 'silla 71');
insert into Sillas (id_silla, id_sala, nombre_silla) values (72, 63, 'silla 72');
insert into Sillas (id_silla, id_sala, nombre_silla) values (73, 71, 'silla 73');
insert into Sillas (id_silla, id_sala, nombre_silla) values (74, 30, 'silla 74');
insert into Sillas (id_silla, id_sala, nombre_silla) values (75, 87, 'silla 75');
insert into Sillas (id_silla, id_sala, nombre_silla) values (76, 89, 'silla 76');
insert into Sillas (id_silla, id_sala, nombre_silla) values (77, 39, 'silla 77');
insert into Sillas (id_silla, id_sala, nombre_silla) values (78, 98, 'silla 78');
insert into Sillas (id_silla, id_sala, nombre_silla) values (79, 26, 'silla 79');
insert into Sillas (id_silla, id_sala, nombre_silla) values (80, 73, 'silla 80');
insert into Sillas (id_silla, id_sala, nombre_silla) values (81, 61, 'silla 81');
insert into Sillas (id_silla, id_sala, nombre_silla) values (82, 46, 'silla 82');
insert into Sillas (id_silla, id_sala, nombre_silla) values (83, 65, 'silla 83');
insert into Sillas (id_silla, id_sala, nombre_silla) values (84, 16, 'silla 84');
insert into Sillas (id_silla, id_sala, nombre_silla) values (85, 54, 'silla 85');
insert into Sillas (id_silla, id_sala, nombre_silla) values (86, 96, 'silla 86');
insert into Sillas (id_silla, id_sala, nombre_silla) values (87, 3, 'silla 87');
insert into Sillas (id_silla, id_sala, nombre_silla) values (88, 56, 'silla 88');
insert into Sillas (id_silla, id_sala, nombre_silla) values (89, 36, 'silla 89');
insert into Sillas (id_silla, id_sala, nombre_silla) values (90, 11, 'silla 90');
insert into Sillas (id_silla, id_sala, nombre_silla) values (91, 74, 'silla 91');
insert into Sillas (id_silla, id_sala, nombre_silla) values (92, 81, 'silla 92');
insert into Sillas (id_silla, id_sala, nombre_silla) values (93, 31, 'silla 93');
insert into Sillas (id_silla, id_sala, nombre_silla) values (94, 83, 'silla 94');
insert into Sillas (id_silla, id_sala, nombre_silla) values (95, 73, 'silla 95');
insert into Sillas (id_silla, id_sala, nombre_silla) values (96, 74, 'silla 96');
insert into Sillas (id_silla, id_sala, nombre_silla) values (97, 62, 'silla 97');
insert into Sillas (id_silla, id_sala, nombre_silla) values (98, 90, 'silla 98');
insert into Sillas (id_silla, id_sala, nombre_silla) values (99, 35, 'silla 99');
insert into Sillas (id_silla, id_sala, nombre_silla) values (100, 8, 'silla 100');

insert into Sillas_reservadas (id_silla_reservada, id_reservacion, id_silla) values (1, 28, 24);
insert into Sillas_reservadas (id_silla_reservada, id_reservacion, id_silla) values (2, 87, 90);
insert into Sillas_reservadas (id_silla_reservada, id_reservacion, id_silla) values (3, 43, 75);
insert into Sillas_reservadas (id_silla_reservada, id_reservacion, id_silla) values (4, 74, 73);
insert into Sillas_reservadas (id_silla_reservada, id_reservacion, id_silla) values (5, 79, 85);
insert into Sillas_reservadas (id_silla_reservada, id_reservacion, id_silla) values (6, 47, 52);
insert into Sillas_reservadas (id_silla_reservada, id_reservacion, id_silla) values (7, 38, 72);
insert into Sillas_reservadas (id_silla_reservada, id_reservacion, id_silla) values (8, 37, 1);
insert into Sillas_reservadas (id_silla_reservada, id_reservacion, id_silla) values (9, 82, 2);
insert into Sillas_reservadas (id_silla_reservada, id_reservacion, id_silla) values (10, 80, 5);
insert into Sillas_reservadas (id_silla_reservada, id_reservacion, id_silla) values (11, 52, 9);
insert into Sillas_reservadas (id_silla_reservada, id_reservacion, id_silla) values (12, 99, 92);
insert into Sillas_reservadas (id_silla_reservada, id_reservacion, id_silla) values (13, 63, 26);
insert into Sillas_reservadas (id_silla_reservada, id_reservacion, id_silla) values (14, 83, 63);
insert into Sillas_reservadas (id_silla_reservada, id_reservacion, id_silla) values (15, 23, 26);
insert into Sillas_reservadas (id_silla_reservada, id_reservacion, id_silla) values (16, 36, 96);
insert into Sillas_reservadas (id_silla_reservada, id_reservacion, id_silla) values (17, 33, 14);
insert into Sillas_reservadas (id_silla_reservada, id_reservacion, id_silla) values (18, 80, 46);
insert into Sillas_reservadas (id_silla_reservada, id_reservacion, id_silla) values (19, 39, 82);
insert into Sillas_reservadas (id_silla_reservada, id_reservacion, id_silla) values (20, 43, 79);
insert into Sillas_reservadas (id_silla_reservada, id_reservacion, id_silla) values (21, 9, 29);
insert into Sillas_reservadas (id_silla_reservada, id_reservacion, id_silla) values (22, 16, 64);
insert into Sillas_reservadas (id_silla_reservada, id_reservacion, id_silla) values (23, 85, 19);
insert into Sillas_reservadas (id_silla_reservada, id_reservacion, id_silla) values (24, 25, 3);
insert into Sillas_reservadas (id_silla_reservada, id_reservacion, id_silla) values (25, 24, 1);
insert into Sillas_reservadas (id_silla_reservada, id_reservacion, id_silla) values (26, 24, 23);
insert into Sillas_reservadas (id_silla_reservada, id_reservacion, id_silla) values (27, 82, 87);
insert into Sillas_reservadas (id_silla_reservada, id_reservacion, id_silla) values (28, 94, 38);
insert into Sillas_reservadas (id_silla_reservada, id_reservacion, id_silla) values (29, 81, 69);
insert into Sillas_reservadas (id_silla_reservada, id_reservacion, id_silla) values (30, 22, 16);
insert into Sillas_reservadas (id_silla_reservada, id_reservacion, id_silla) values (31, 76, 86);
insert into Sillas_reservadas (id_silla_reservada, id_reservacion, id_silla) values (32, 57, 73);
insert into Sillas_reservadas (id_silla_reservada, id_reservacion, id_silla) values (33, 9, 99);
insert into Sillas_reservadas (id_silla_reservada, id_reservacion, id_silla) values (34, 51, 35);
insert into Sillas_reservadas (id_silla_reservada, id_reservacion, id_silla) values (35, 36, 81);
insert into Sillas_reservadas (id_silla_reservada, id_reservacion, id_silla) values (36, 56, 1);
insert into Sillas_reservadas (id_silla_reservada, id_reservacion, id_silla) values (37, 9, 41);
insert into Sillas_reservadas (id_silla_reservada, id_reservacion, id_silla) values (38, 23, 53);
insert into Sillas_reservadas (id_silla_reservada, id_reservacion, id_silla) values (39, 94, 12);
insert into Sillas_reservadas (id_silla_reservada, id_reservacion, id_silla) values (40, 89, 54);
insert into Sillas_reservadas (id_silla_reservada, id_reservacion, id_silla) values (41, 74, 37);
insert into Sillas_reservadas (id_silla_reservada, id_reservacion, id_silla) values (42, 26, 82);
insert into Sillas_reservadas (id_silla_reservada, id_reservacion, id_silla) values (43, 24, 54);
insert into Sillas_reservadas (id_silla_reservada, id_reservacion, id_silla) values (44, 31, 54);
insert into Sillas_reservadas (id_silla_reservada, id_reservacion, id_silla) values (45, 22, 21);
insert into Sillas_reservadas (id_silla_reservada, id_reservacion, id_silla) values (46, 10, 57);
insert into Sillas_reservadas (id_silla_reservada, id_reservacion, id_silla) values (47, 1, 35);
insert into Sillas_reservadas (id_silla_reservada, id_reservacion, id_silla) values (48, 87, 27);
insert into Sillas_reservadas (id_silla_reservada, id_reservacion, id_silla) values (49, 54, 49);
insert into Sillas_reservadas (id_silla_reservada, id_reservacion, id_silla) values (50, 34, 6);
insert into Sillas_reservadas (id_silla_reservada, id_reservacion, id_silla) values (51, 86, 16);
insert into Sillas_reservadas (id_silla_reservada, id_reservacion, id_silla) values (52, 72, 81);
insert into Sillas_reservadas (id_silla_reservada, id_reservacion, id_silla) values (53, 82, 72);
insert into Sillas_reservadas (id_silla_reservada, id_reservacion, id_silla) values (54, 62, 87);
insert into Sillas_reservadas (id_silla_reservada, id_reservacion, id_silla) values (55, 63, 32);
insert into Sillas_reservadas (id_silla_reservada, id_reservacion, id_silla) values (56, 65, 42);
insert into Sillas_reservadas (id_silla_reservada, id_reservacion, id_silla) values (57, 35, 63);
insert into Sillas_reservadas (id_silla_reservada, id_reservacion, id_silla) values (58, 22, 58);
insert into Sillas_reservadas (id_silla_reservada, id_reservacion, id_silla) values (59, 58, 46);
insert into Sillas_reservadas (id_silla_reservada, id_reservacion, id_silla) values (60, 42, 3);
insert into Sillas_reservadas (id_silla_reservada, id_reservacion, id_silla) values (61, 85, 57);
insert into Sillas_reservadas (id_silla_reservada, id_reservacion, id_silla) values (62, 68, 97);
insert into Sillas_reservadas (id_silla_reservada, id_reservacion, id_silla) values (63, 17, 94);
insert into Sillas_reservadas (id_silla_reservada, id_reservacion, id_silla) values (64, 8, 10);
insert into Sillas_reservadas (id_silla_reservada, id_reservacion, id_silla) values (65, 6, 41);
insert into Sillas_reservadas (id_silla_reservada, id_reservacion, id_silla) values (66, 85, 56);
insert into Sillas_reservadas (id_silla_reservada, id_reservacion, id_silla) values (67, 43, 1);
insert into Sillas_reservadas (id_silla_reservada, id_reservacion, id_silla) values (68, 82, 32);
insert into Sillas_reservadas (id_silla_reservada, id_reservacion, id_silla) values (69, 81, 6);
insert into Sillas_reservadas (id_silla_reservada, id_reservacion, id_silla) values (70, 39, 27);
insert into Sillas_reservadas (id_silla_reservada, id_reservacion, id_silla) values (71, 99, 43);
insert into Sillas_reservadas (id_silla_reservada, id_reservacion, id_silla) values (72, 1, 18);
insert into Sillas_reservadas (id_silla_reservada, id_reservacion, id_silla) values (73, 63, 51);
insert into Sillas_reservadas (id_silla_reservada, id_reservacion, id_silla) values (74, 67, 73);
insert into Sillas_reservadas (id_silla_reservada, id_reservacion, id_silla) values (75, 81, 35);
insert into Sillas_reservadas (id_silla_reservada, id_reservacion, id_silla) values (76, 65, 87);
insert into Sillas_reservadas (id_silla_reservada, id_reservacion, id_silla) values (77, 91, 7);
insert into Sillas_reservadas (id_silla_reservada, id_reservacion, id_silla) values (78, 91, 72);
insert into Sillas_reservadas (id_silla_reservada, id_reservacion, id_silla) values (79, 64, 72);
insert into Sillas_reservadas (id_silla_reservada, id_reservacion, id_silla) values (80, 40, 14);
insert into Sillas_reservadas (id_silla_reservada, id_reservacion, id_silla) values (81, 37, 16);
insert into Sillas_reservadas (id_silla_reservada, id_reservacion, id_silla) values (82, 95, 33);
insert into Sillas_reservadas (id_silla_reservada, id_reservacion, id_silla) values (83, 81, 68);
insert into Sillas_reservadas (id_silla_reservada, id_reservacion, id_silla) values (84, 96, 23);
insert into Sillas_reservadas (id_silla_reservada, id_reservacion, id_silla) values (85, 50, 84);
insert into Sillas_reservadas (id_silla_reservada, id_reservacion, id_silla) values (86, 58, 38);
insert into Sillas_reservadas (id_silla_reservada, id_reservacion, id_silla) values (87, 49, 92);
insert into Sillas_reservadas (id_silla_reservada, id_reservacion, id_silla) values (88, 74, 60);
insert into Sillas_reservadas (id_silla_reservada, id_reservacion, id_silla) values (89, 66, 67);
insert into Sillas_reservadas (id_silla_reservada, id_reservacion, id_silla) values (90, 45, 38);
insert into Sillas_reservadas (id_silla_reservada, id_reservacion, id_silla) values (91, 85, 66);
insert into Sillas_reservadas (id_silla_reservada, id_reservacion, id_silla) values (92, 69, 58);
insert into Sillas_reservadas (id_silla_reservada, id_reservacion, id_silla) values (93, 25, 29);
insert into Sillas_reservadas (id_silla_reservada, id_reservacion, id_silla) values (94, 3, 33);
insert into Sillas_reservadas (id_silla_reservada, id_reservacion, id_silla) values (95, 38, 7);
insert into Sillas_reservadas (id_silla_reservada, id_reservacion, id_silla) values (96, 39, 54);
insert into Sillas_reservadas (id_silla_reservada, id_reservacion, id_silla) values (97, 72, 88);
insert into Sillas_reservadas (id_silla_reservada, id_reservacion, id_silla) values (98, 28, 41);
insert into Sillas_reservadas (id_silla_reservada, id_reservacion, id_silla) values (99, 53, 50);
insert into Sillas_reservadas (id_silla_reservada, id_reservacion, id_silla) values (100, 49, 53);

insert into Metodos_de_pago (id_metodo_pago, nombre_pago, descripcion_pago) values (1, 'maestro', 'Alteration of Female Perineum with Nonaut Sub, Perc Approach');
insert into Metodos_de_pago (id_metodo_pago, nombre_pago, descripcion_pago) values (2, 'jcb', 'Restriction of Splenic Artery, Percutaneous Approach');
insert into Metodos_de_pago (id_metodo_pago, nombre_pago, descripcion_pago) values (3, 'jcb', 'Dilate L Ext Carotid, Bifurc, w 2 Intralum Dev, Perc');
insert into Metodos_de_pago (id_metodo_pago, nombre_pago, descripcion_pago) values (4, 'mastercard', 'Occlusion of Pancreat Duct with Intralum Dev, Open Approach');
insert into Metodos_de_pago (id_metodo_pago, nombre_pago, descripcion_pago) values (5, 'diners-club-carte-blanche', 'Range of Motion and Joint Integrity Assessment of Neuro Body');
insert into Metodos_de_pago (id_metodo_pago, nombre_pago, descripcion_pago) values (6, 'jcb', 'Introduce Embr Stem Cell in Cran Cav/Brain, Open');
insert into Metodos_de_pago (id_metodo_pago, nombre_pago, descripcion_pago) values (7, 'diners-club-enroute', 'Drainage of Left Colic Artery, Perc Endo Approach');
insert into Metodos_de_pago (id_metodo_pago, nombre_pago, descripcion_pago) values (8, 'americanexpress', 'Dilate L Axilla Art w 4+ Intralum Dev, Perc Endo');
insert into Metodos_de_pago (id_metodo_pago, nombre_pago, descripcion_pago) values (9, 'diners-club-carte-blanche', 'Revision of Autol Sub in Neck, Perc Endo Approach');
insert into Metodos_de_pago (id_metodo_pago, nombre_pago, descripcion_pago) values (10, 'visa', 'Excision of Head Neck Symp Nrv, Perc Endo Approach, Diagn');
insert into Metodos_de_pago (id_metodo_pago, nombre_pago, descripcion_pago) values (11, 'jcb', 'Reposition Left Wrist Joint, Open Approach');
insert into Metodos_de_pago (id_metodo_pago, nombre_pago, descripcion_pago) values (12, 'switch', 'Supplement Left Neck Muscle with Synth Sub, Open Approach');
insert into Metodos_de_pago (id_metodo_pago, nombre_pago, descripcion_pago) values (13, 'instapayment', 'Fusion Occip Jt w Synth Sub, Post Appr P Col, Perc Endo');
insert into Metodos_de_pago (id_metodo_pago, nombre_pago, descripcion_pago) values (14, 'china-unionpay', 'Bypass L Subclav Vein to Up Vein w Synth Sub, Open');
insert into Metodos_de_pago (id_metodo_pago, nombre_pago, descripcion_pago) values (15, 'jcb', 'Dilate of R Post Tib Art with 4+ Intralum Dev, Open Approach');
insert into Metodos_de_pago (id_metodo_pago, nombre_pago, descripcion_pago) values (16, 'laser', 'Insert of Intralum Dev into L Ulnar Art, Perc Endo Approach');
insert into Metodos_de_pago (id_metodo_pago, nombre_pago, descripcion_pago) values (17, 'jcb', 'Division of Right Rib, Percutaneous Endoscopic Approach');
insert into Metodos_de_pago (id_metodo_pago, nombre_pago, descripcion_pago) values (18, 'jcb', 'Replacement of L Atrium with Synth Sub, Perc Endo Approach');
insert into Metodos_de_pago (id_metodo_pago, nombre_pago, descripcion_pago) values (19, 'jcb', 'Replacement of Hyoid Bone with Nonaut Sub, Perc Approach');
insert into Metodos_de_pago (id_metodo_pago, nombre_pago, descripcion_pago) values (20, 'maestro', 'Revision of Drainage Device in R Up Extrem, Open Approach');
insert into Metodos_de_pago (id_metodo_pago, nombre_pago, descripcion_pago) values (21, 'jcb', 'Removal of Int Fix from L Humeral Shaft, Extern Approach');
insert into Metodos_de_pago (id_metodo_pago, nombre_pago, descripcion_pago) values (22, 'diners-club-carte-blanche', 'Bypass Stomach to Transverse Colon with Synth Sub, Endo');
insert into Metodos_de_pago (id_metodo_pago, nombre_pago, descripcion_pago) values (23, 'jcb', 'Removal of Autol Sub from Nasal Bone, Perc Endo Approach');
insert into Metodos_de_pago (id_metodo_pago, nombre_pago, descripcion_pago) values (24, 'diners-club-carte-blanche', 'Supplement Left Finger Phalanx with Autol Sub, Perc Approach');
insert into Metodos_de_pago (id_metodo_pago, nombre_pago, descripcion_pago) values (25, 'visa', 'Excision of Left Upper Lobe Bronchus, Perc Endo Approach');
insert into Metodos_de_pago (id_metodo_pago, nombre_pago, descripcion_pago) values (26, 'diners-club-enroute', 'Bypass L Subclav Art to R Up Leg Art w Autol Vn, Open');
insert into Metodos_de_pago (id_metodo_pago, nombre_pago, descripcion_pago) values (27, 'visa-electron', 'Reposition Right Breast, Open Approach');
insert into Metodos_de_pago (id_metodo_pago, nombre_pago, descripcion_pago) values (28, 'maestro', 'Dilate 4+ Cor Art, Bifurc, w 3 Drug-elut, Perc');
insert into Metodos_de_pago (id_metodo_pago, nombre_pago, descripcion_pago) values (29, 'jcb', 'CT Scan of Bi Kidney using H Osm Contrast');
insert into Metodos_de_pago (id_metodo_pago, nombre_pago, descripcion_pago) values (30, 'americanexpress', 'Insertion of Infusion Dev into R Basilic Vein, Perc Approach');
insert into Metodos_de_pago (id_metodo_pago, nombre_pago, descripcion_pago) values (31, 'jcb', 'Insertion of Other Device into R Axilla, Perc Endo Approach');
insert into Metodos_de_pago (id_metodo_pago, nombre_pago, descripcion_pago) values (32, 'jcb', 'Bypass Jejunum to Jejunum with Nonaut Sub, Endo');
insert into Metodos_de_pago (id_metodo_pago, nombre_pago, descripcion_pago) values (33, 'jcb', 'Ultrasonography of Portal and Splanchnic Veins, Guidance');
insert into Metodos_de_pago (id_metodo_pago, nombre_pago, descripcion_pago) values (34, 'jcb', 'Replacement of Finger Nail with Synth Sub, Extern Approach');
insert into Metodos_de_pago (id_metodo_pago, nombre_pago, descripcion_pago) values (35, 'jcb', 'Release Right Lower Arm and Wrist Tendon, Open Approach');
insert into Metodos_de_pago (id_metodo_pago, nombre_pago, descripcion_pago) values (36, 'switch', 'Plain Radiography of R Hand/Finger Jt using H Osm Contrast');
insert into Metodos_de_pago (id_metodo_pago, nombre_pago, descripcion_pago) values (37, 'mastercard', 'Bypass L Femor Vein to Low Vein w Autol Sub, Perc Endo');
insert into Metodos_de_pago (id_metodo_pago, nombre_pago, descripcion_pago) values (38, 'jcb', 'Excision of Urethra, External Approach, Diagnostic');
insert into Metodos_de_pago (id_metodo_pago, nombre_pago, descripcion_pago) values (39, 'mastercard', 'Removal of Autol Sub from L Metacarpal, Perc Approach');
insert into Metodos_de_pago (id_metodo_pago, nombre_pago, descripcion_pago) values (40, 'visa-electron', 'Extirpation of Matter from Anus, Percutaneous Approach');
insert into Metodos_de_pago (id_metodo_pago, nombre_pago, descripcion_pago) values (41, 'jcb', 'Bypass R Com Iliac Art to R Ext Ilia w Autol Art, Open');
insert into Metodos_de_pago (id_metodo_pago, nombre_pago, descripcion_pago) values (42, 'mastercard', 'Revision of Autol Sub in Diaphragm, Open Approach');
insert into Metodos_de_pago (id_metodo_pago, nombre_pago, descripcion_pago) values (43, 'jcb', 'Bypass R Axilla Art to R Up Arm Art w Nonaut Sub, Open');
insert into Metodos_de_pago (id_metodo_pago, nombre_pago, descripcion_pago) values (44, 'jcb', 'Dilate L Ext Iliac Art w Drug-elut Intra, Perc Endo');
insert into Metodos_de_pago (id_metodo_pago, nombre_pago, descripcion_pago) values (45, 'jcb', 'Drainage of Lower Artery, Percutaneous Approach');
insert into Metodos_de_pago (id_metodo_pago, nombre_pago, descripcion_pago) values (46, 'jcb', 'Replace R Low Arm & Wrist Tendon w Synth Sub, Perc Endo');
insert into Metodos_de_pago (id_metodo_pago, nombre_pago, descripcion_pago) values (47, 'jcb', 'Repair Left Tarsal Joint, Open Approach');
insert into Metodos_de_pago (id_metodo_pago, nombre_pago, descripcion_pago) values (48, 'switch', 'Inspection of Left Metacarpocarpal Joint, Open Approach');
insert into Metodos_de_pago (id_metodo_pago, nombre_pago, descripcion_pago) values (49, 'jcb', 'Lower Veins, Repair');
insert into Metodos_de_pago (id_metodo_pago, nombre_pago, descripcion_pago) values (50, 'switch', 'Drainage of Bladder, Percutaneous Approach, Diagnostic');
insert into Metodos_de_pago (id_metodo_pago, nombre_pago, descripcion_pago) values (51, 'visa-electron', 'Bypass Ileum to Anus with Synth Sub, Perc Endo Approach');
insert into Metodos_de_pago (id_metodo_pago, nombre_pago, descripcion_pago) values (52, 'mastercard', 'Excision of Right Inner Ear, Open Approach');
insert into Metodos_de_pago (id_metodo_pago, nombre_pago, descripcion_pago) values (53, 'jcb', 'Excision of Right Nipple, Via Natural or Artificial Opening');
insert into Metodos_de_pago (id_metodo_pago, nombre_pago, descripcion_pago) values (54, 'switch', 'Bypass R Int Iliac Art to R Int Ilia, Open Approach');
insert into Metodos_de_pago (id_metodo_pago, nombre_pago, descripcion_pago) values (55, 'mastercard', 'Introduction of Other Anti-infective into Upper GI, Endo');
insert into Metodos_de_pago (id_metodo_pago, nombre_pago, descripcion_pago) values (56, 'americanexpress', 'Insertion of Ring Ext Fix into L Femur Shaft, Perc Approach');
insert into Metodos_de_pago (id_metodo_pago, nombre_pago, descripcion_pago) values (57, 'jcb', 'Resection of Pancreas, Percutaneous Endoscopic Approach');
insert into Metodos_de_pago (id_metodo_pago, nombre_pago, descripcion_pago) values (58, 'jcb', 'Inspection of Peripheral Nerve, Percutaneous Approach');
insert into Metodos_de_pago (id_metodo_pago, nombre_pago, descripcion_pago) values (59, 'jcb', 'Reattachment of Genitalia Skin, External Approach');
insert into Metodos_de_pago (id_metodo_pago, nombre_pago, descripcion_pago) values (60, 'visa', 'Extirpation of Matter from L Lg Intest, Perc Approach');
insert into Metodos_de_pago (id_metodo_pago, nombre_pago, descripcion_pago) values (61, 'diners-club-enroute', 'Removal of Ext Fix from R Metatarsal, Extern Approach');
insert into Metodos_de_pago (id_metodo_pago, nombre_pago, descripcion_pago) values (62, 'jcb', 'Revision of Int Fix in L Metacarpophal Jt, Perc Approach');
insert into Metodos_de_pago (id_metodo_pago, nombre_pago, descripcion_pago) values (63, 'jcb', 'Nuclear Medicine, Central Nervous Sys, Tomo Nucl Med Imag');
insert into Metodos_de_pago (id_metodo_pago, nombre_pago, descripcion_pago) values (64, 'solo', 'Release Left Lower Arm and Wrist Muscle, Perc Endo Approach');
insert into Metodos_de_pago (id_metodo_pago, nombre_pago, descripcion_pago) values (65, 'switch', 'Excision of Left Zygomatic Bone, Percutaneous Approach');
insert into Metodos_de_pago (id_metodo_pago, nombre_pago, descripcion_pago) values (66, 'jcb', 'Drainage of Right Thyroid Gland Lobe, Perc Endo Approach');
insert into Metodos_de_pago (id_metodo_pago, nombre_pago, descripcion_pago) values (67, 'jcb', 'Replacement of Left Ulna with Autol Sub, Open Approach');
insert into Metodos_de_pago (id_metodo_pago, nombre_pago, descripcion_pago) values (68, 'jcb', 'Supplement L Hand Subcu/Fascia w Synth Sub, Open');
insert into Metodos_de_pago (id_metodo_pago, nombre_pago, descripcion_pago) values (69, 'diners-club-international', 'Excision of Neck, Stoma, External Approach');
insert into Metodos_de_pago (id_metodo_pago, nombre_pago, descripcion_pago) values (70, 'jcb', 'Dilation of Esophagus, Percutaneous Approach');
insert into Metodos_de_pago (id_metodo_pago, nombre_pago, descripcion_pago) values (71, 'china-unionpay', 'Destruction of Right Brachial Vein, Percutaneous Approach');
insert into Metodos_de_pago (id_metodo_pago, nombre_pago, descripcion_pago) values (72, 'maestro', 'Occlusion R Ant Tib Art w Extralum Dev, Perc Endo');
insert into Metodos_de_pago (id_metodo_pago, nombre_pago, descripcion_pago) values (73, 'jcb', 'Excision of Right Lower Leg Muscle, Open Approach');
insert into Metodos_de_pago (id_metodo_pago, nombre_pago, descripcion_pago) values (74, 'jcb', 'Fusion Occip Jt w Nonaut Sub, Ant Appr A Col, Perc Endo');
insert into Metodos_de_pago (id_metodo_pago, nombre_pago, descripcion_pago) values (75, 'bankcard', 'LDR Brachytherapy of R Breast using Palladium 103');
insert into Metodos_de_pago (id_metodo_pago, nombre_pago, descripcion_pago) values (76, 'jcb', 'Upper Joints, Release');
insert into Metodos_de_pago (id_metodo_pago, nombre_pago, descripcion_pago) values (77, 'americanexpress', 'Destruction of Sacral Plexus, Percutaneous Approach');
insert into Metodos_de_pago (id_metodo_pago, nombre_pago, descripcion_pago) values (78, 'jcb', 'Drainage of Bilateral Breast, External Approach, Diagnostic');
insert into Metodos_de_pago (id_metodo_pago, nombre_pago, descripcion_pago) values (79, 'laser', 'Bypass Ileum to Cutaneous, Open Approach');
insert into Metodos_de_pago (id_metodo_pago, nombre_pago, descripcion_pago) values (80, 'mastercard', 'Measurement of Respiratory Volume, External Approach');
insert into Metodos_de_pago (id_metodo_pago, nombre_pago, descripcion_pago) values (81, 'jcb', 'Introduction of Liquid Brachy into Periton Cav, Via Opening');
insert into Metodos_de_pago (id_metodo_pago, nombre_pago, descripcion_pago) values (82, 'maestro', 'Revision of Nonaut Sub in Nasal Bone, Open Approach');
insert into Metodos_de_pago (id_metodo_pago, nombre_pago, descripcion_pago) values (83, 'mastercard', 'Dilation of R Com Carotid with 2 Intralum Dev, Open Approach');
insert into Metodos_de_pago (id_metodo_pago, nombre_pago, descripcion_pago) values (84, 'jcb', 'Drainage of Left Middle Ear, Open Approach, Diagnostic');
insert into Metodos_de_pago (id_metodo_pago, nombre_pago, descripcion_pago) values (85, 'diners-club-international', 'Replace of Inf Vena Cava with Synth Sub, Perc Endo Approach');
insert into Metodos_de_pago (id_metodo_pago, nombre_pago, descripcion_pago) values (86, 'jcb', 'Drainage of Left Hip Muscle with Drain Dev, Perc Approach');
insert into Metodos_de_pago (id_metodo_pago, nombre_pago, descripcion_pago) values (87, 'jcb', 'Transfer Optic Nerve to Vagus Nerve, Perc Endo Approach');
insert into Metodos_de_pago (id_metodo_pago, nombre_pago, descripcion_pago) values (88, 'jcb', 'Release Right Pleura, Percutaneous Approach');
insert into Metodos_de_pago (id_metodo_pago, nombre_pago, descripcion_pago) values (89, 'jcb', 'Excision of Left Brachial Vein, Percutaneous Approach, Diagn');
insert into Metodos_de_pago (id_metodo_pago, nombre_pago, descripcion_pago) values (90, 'jcb', 'Bypass R Verteb Vein to Up Vein w Autol Vn, Perc Endo');
insert into Metodos_de_pago (id_metodo_pago, nombre_pago, descripcion_pago) values (91, 'jcb', 'Bypass Bladder to Colocutaneous, Perc Endo Approach');
insert into Metodos_de_pago (id_metodo_pago, nombre_pago, descripcion_pago) values (92, 'switch', 'Excision of Accessory Sinus, Perc Endo Approach');
insert into Metodos_de_pago (id_metodo_pago, nombre_pago, descripcion_pago) values (93, 'jcb', 'Insertion of Radioact Elem into R Elbow, Perc Endo Approach');
insert into Metodos_de_pago (id_metodo_pago, nombre_pago, descripcion_pago) values (94, 'jcb', 'Removal of Autol Sub from Kidney, Open Approach');
insert into Metodos_de_pago (id_metodo_pago, nombre_pago, descripcion_pago) values (95, 'diners-club-enroute', 'Release Perineum Subcu/Fascia, Open Approach');
insert into Metodos_de_pago (id_metodo_pago, nombre_pago, descripcion_pago) values (96, 'diners-club-carte-blanche', 'Division of Left Acetabulum, Percutaneous Approach');
insert into Metodos_de_pago (id_metodo_pago, nombre_pago, descripcion_pago) values (97, 'jcb', 'Restrict of Sup Mesent Art with Extralum Dev, Open Approach');
insert into Metodos_de_pago (id_metodo_pago, nombre_pago, descripcion_pago) values (98, 'jcb', 'Alteration of R Up Arm with Autol Sub, Perc Endo Approach');
insert into Metodos_de_pago (id_metodo_pago, nombre_pago, descripcion_pago) values (99, 'americanexpress', 'Reposition Left Patella with Ext Fix, Perc Approach');
insert into Metodos_de_pago (id_metodo_pago, nombre_pago, descripcion_pago) values (100, 'jcb', 'Supplement R Up Leg Muscle w Synth Sub, Perc Endo');

insert into Pagos (id_pago, id_reserva, id_metodo_pago, fecha_pago, valor_pago) values (1, 93, 46, '3/18/2024', '$28257.03');
insert into Pagos (id_pago, id_reserva, id_metodo_pago, fecha_pago, valor_pago) values (2, 76, 12, '3/6/2024', '$54903.05');
insert into Pagos (id_pago, id_reserva, id_metodo_pago, fecha_pago, valor_pago) values (3, 44, 64, '11/28/2023', '$16167.43');
insert into Pagos (id_pago, id_reserva, id_metodo_pago, fecha_pago, valor_pago) values (4, 47, 20, '7/2/2024', '$14002.76');
insert into Pagos (id_pago, id_reserva, id_metodo_pago, fecha_pago, valor_pago) values (5, 95, 52, '8/10/2024', '$9645.73');
insert into Pagos (id_pago, id_reserva, id_metodo_pago, fecha_pago, valor_pago) values (6, 71, 80, '1/28/2024', '$42344.12');
insert into Pagos (id_pago, id_reserva, id_metodo_pago, fecha_pago, valor_pago) values (7, 26, 6, '8/28/2023', '$10799.22');
insert into Pagos (id_pago, id_reserva, id_metodo_pago, fecha_pago, valor_pago) values (8, 68, 17, '12/3/2023', '$31940.66');
insert into Pagos (id_pago, id_reserva, id_metodo_pago, fecha_pago, valor_pago) values (9, 50, 93, '12/10/2023', '$28668.18');
insert into Pagos (id_pago, id_reserva, id_metodo_pago, fecha_pago, valor_pago) values (10, 50, 88, '5/6/2024', '$11208.34');
insert into Pagos (id_pago, id_reserva, id_metodo_pago, fecha_pago, valor_pago) values (11, 95, 67, '6/20/2024', '$29494.53');
insert into Pagos (id_pago, id_reserva, id_metodo_pago, fecha_pago, valor_pago) values (12, 44, 17, '10/27/2023', '$24605.11');
insert into Pagos (id_pago, id_reserva, id_metodo_pago, fecha_pago, valor_pago) values (13, 23, 13, '12/31/2023', '$47822.62');
insert into Pagos (id_pago, id_reserva, id_metodo_pago, fecha_pago, valor_pago) values (14, 20, 52, '9/14/2023', '$33883.70');
insert into Pagos (id_pago, id_reserva, id_metodo_pago, fecha_pago, valor_pago) values (15, 19, 2, '4/30/2024', '$33825.80');
insert into Pagos (id_pago, id_reserva, id_metodo_pago, fecha_pago, valor_pago) values (16, 61, 54, '8/4/2024', '$24942.07');
insert into Pagos (id_pago, id_reserva, id_metodo_pago, fecha_pago, valor_pago) values (17, 61, 97, '11/15/2023', '$49925.28');
insert into Pagos (id_pago, id_reserva, id_metodo_pago, fecha_pago, valor_pago) values (18, 99, 65, '3/25/2024', '$46638.73');
insert into Pagos (id_pago, id_reserva, id_metodo_pago, fecha_pago, valor_pago) values (19, 18, 61, '1/16/2024', '$27015.92');
insert into Pagos (id_pago, id_reserva, id_metodo_pago, fecha_pago, valor_pago) values (20, 90, 29, '9/30/2023', '$32582.31');
insert into Pagos (id_pago, id_reserva, id_metodo_pago, fecha_pago, valor_pago) values (21, 72, 68, '6/18/2024', '$24989.02');
insert into Pagos (id_pago, id_reserva, id_metodo_pago, fecha_pago, valor_pago) values (22, 57, 60, '1/22/2024', '$14520.13');
insert into Pagos (id_pago, id_reserva, id_metodo_pago, fecha_pago, valor_pago) values (23, 6, 27, '8/3/2024', '$52961.14');
insert into Pagos (id_pago, id_reserva, id_metodo_pago, fecha_pago, valor_pago) values (24, 76, 27, '8/23/2024', '$51097.14');
insert into Pagos (id_pago, id_reserva, id_metodo_pago, fecha_pago, valor_pago) values (25, 5, 61, '2/14/2024', '$20954.76');
insert into Pagos (id_pago, id_reserva, id_metodo_pago, fecha_pago, valor_pago) values (26, 45, 27, '10/25/2023', '$8697.53');
insert into Pagos (id_pago, id_reserva, id_metodo_pago, fecha_pago, valor_pago) values (27, 4, 44, '1/22/2024', '$32997.05');
insert into Pagos (id_pago, id_reserva, id_metodo_pago, fecha_pago, valor_pago) values (28, 93, 1, '10/1/2023', '$19719.59');
insert into Pagos (id_pago, id_reserva, id_metodo_pago, fecha_pago, valor_pago) values (29, 89, 6, '5/22/2024', '$47527.61');
insert into Pagos (id_pago, id_reserva, id_metodo_pago, fecha_pago, valor_pago) values (30, 44, 1, '6/23/2024', '$36718.29');
insert into Pagos (id_pago, id_reserva, id_metodo_pago, fecha_pago, valor_pago) values (31, 12, 100, '11/23/2023', '$48891.00');
insert into Pagos (id_pago, id_reserva, id_metodo_pago, fecha_pago, valor_pago) values (32, 72, 64, '3/7/2024', '$43908.26');
insert into Pagos (id_pago, id_reserva, id_metodo_pago, fecha_pago, valor_pago) values (33, 82, 55, '2/28/2024', '$52057.06');
insert into Pagos (id_pago, id_reserva, id_metodo_pago, fecha_pago, valor_pago) values (34, 46, 62, '2/10/2024', '$47146.20');
insert into Pagos (id_pago, id_reserva, id_metodo_pago, fecha_pago, valor_pago) values (35, 27, 10, '7/30/2024', '$32948.00');
insert into Pagos (id_pago, id_reserva, id_metodo_pago, fecha_pago, valor_pago) values (36, 75, 53, '10/23/2023', '$40470.57');
insert into Pagos (id_pago, id_reserva, id_metodo_pago, fecha_pago, valor_pago) values (37, 84, 65, '2/14/2024', '$37903.40');
insert into Pagos (id_pago, id_reserva, id_metodo_pago, fecha_pago, valor_pago) values (38, 77, 12, '11/26/2023', '$17646.05');
insert into Pagos (id_pago, id_reserva, id_metodo_pago, fecha_pago, valor_pago) values (39, 62, 71, '2/24/2024', '$9599.92');
insert into Pagos (id_pago, id_reserva, id_metodo_pago, fecha_pago, valor_pago) values (40, 51, 46, '1/7/2024', '$54052.57');
insert into Pagos (id_pago, id_reserva, id_metodo_pago, fecha_pago, valor_pago) values (41, 51, 18, '4/20/2024', '$53301.85');
insert into Pagos (id_pago, id_reserva, id_metodo_pago, fecha_pago, valor_pago) values (42, 36, 69, '5/17/2024', '$11949.03');
insert into Pagos (id_pago, id_reserva, id_metodo_pago, fecha_pago, valor_pago) values (43, 29, 18, '4/9/2024', '$40450.77');
insert into Pagos (id_pago, id_reserva, id_metodo_pago, fecha_pago, valor_pago) values (44, 9, 97, '5/28/2024', '$31828.68');
insert into Pagos (id_pago, id_reserva, id_metodo_pago, fecha_pago, valor_pago) values (45, 20, 97, '11/22/2023', '$43949.48');
insert into Pagos (id_pago, id_reserva, id_metodo_pago, fecha_pago, valor_pago) values (46, 80, 63, '8/28/2023', '$16880.34');
insert into Pagos (id_pago, id_reserva, id_metodo_pago, fecha_pago, valor_pago) values (47, 84, 29, '8/26/2023', '$16205.46');
insert into Pagos (id_pago, id_reserva, id_metodo_pago, fecha_pago, valor_pago) values (48, 32, 32, '5/8/2024', '$52170.69');
insert into Pagos (id_pago, id_reserva, id_metodo_pago, fecha_pago, valor_pago) values (49, 4, 11, '8/7/2024', '$20720.51');
insert into Pagos (id_pago, id_reserva, id_metodo_pago, fecha_pago, valor_pago) values (50, 11, 39, '8/20/2024', '$46837.35');
insert into Pagos (id_pago, id_reserva, id_metodo_pago, fecha_pago, valor_pago) values (51, 79, 94, '7/3/2024', '$19139.81');
insert into Pagos (id_pago, id_reserva, id_metodo_pago, fecha_pago, valor_pago) values (52, 85, 56, '8/8/2024', '$35974.85');
insert into Pagos (id_pago, id_reserva, id_metodo_pago, fecha_pago, valor_pago) values (53, 32, 77, '4/20/2024', '$42088.16');
insert into Pagos (id_pago, id_reserva, id_metodo_pago, fecha_pago, valor_pago) values (54, 38, 19, '5/17/2024', '$11868.73');
insert into Pagos (id_pago, id_reserva, id_metodo_pago, fecha_pago, valor_pago) values (55, 4, 86, '5/23/2024', '$22456.44');
insert into Pagos (id_pago, id_reserva, id_metodo_pago, fecha_pago, valor_pago) values (56, 88, 85, '6/18/2024', '$12700.58');
insert into Pagos (id_pago, id_reserva, id_metodo_pago, fecha_pago, valor_pago) values (57, 28, 18, '12/4/2023', '$35169.42');
insert into Pagos (id_pago, id_reserva, id_metodo_pago, fecha_pago, valor_pago) values (58, 65, 51, '9/13/2023', '$28164.91');
insert into Pagos (id_pago, id_reserva, id_metodo_pago, fecha_pago, valor_pago) values (59, 59, 94, '8/15/2024', '$35215.38');
insert into Pagos (id_pago, id_reserva, id_metodo_pago, fecha_pago, valor_pago) values (60, 13, 34, '8/27/2023', '$32396.91');
insert into Pagos (id_pago, id_reserva, id_metodo_pago, fecha_pago, valor_pago) values (61, 1, 50, '7/9/2024', '$49676.64');
insert into Pagos (id_pago, id_reserva, id_metodo_pago, fecha_pago, valor_pago) values (62, 81, 61, '3/25/2024', '$50462.33');
insert into Pagos (id_pago, id_reserva, id_metodo_pago, fecha_pago, valor_pago) values (63, 44, 45, '11/12/2023', '$23550.26');
insert into Pagos (id_pago, id_reserva, id_metodo_pago, fecha_pago, valor_pago) values (64, 56, 96, '8/11/2024', '$18011.83');
insert into Pagos (id_pago, id_reserva, id_metodo_pago, fecha_pago, valor_pago) values (65, 77, 70, '2/8/2024', '$12911.92');
insert into Pagos (id_pago, id_reserva, id_metodo_pago, fecha_pago, valor_pago) values (66, 56, 31, '3/16/2024', '$10371.20');
insert into Pagos (id_pago, id_reserva, id_metodo_pago, fecha_pago, valor_pago) values (67, 74, 51, '7/14/2024', '$44637.66');
insert into Pagos (id_pago, id_reserva, id_metodo_pago, fecha_pago, valor_pago) values (68, 28, 35, '7/31/2024', '$21988.06');
insert into Pagos (id_pago, id_reserva, id_metodo_pago, fecha_pago, valor_pago) values (69, 1, 69, '5/16/2024', '$12825.68');
insert into Pagos (id_pago, id_reserva, id_metodo_pago, fecha_pago, valor_pago) values (70, 65, 33, '8/23/2024', '$42968.87');
insert into Pagos (id_pago, id_reserva, id_metodo_pago, fecha_pago, valor_pago) values (71, 66, 10, '1/9/2024', '$42400.71');
insert into Pagos (id_pago, id_reserva, id_metodo_pago, fecha_pago, valor_pago) values (72, 96, 42, '5/23/2024', '$36923.31');
insert into Pagos (id_pago, id_reserva, id_metodo_pago, fecha_pago, valor_pago) values (73, 3, 83, '4/15/2024', '$53116.08');
insert into Pagos (id_pago, id_reserva, id_metodo_pago, fecha_pago, valor_pago) values (74, 88, 13, '5/28/2024', '$41957.15');
insert into Pagos (id_pago, id_reserva, id_metodo_pago, fecha_pago, valor_pago) values (75, 20, 27, '5/12/2024', '$48056.09');
insert into Pagos (id_pago, id_reserva, id_metodo_pago, fecha_pago, valor_pago) values (76, 2, 94, '4/20/2024', '$53936.49');
insert into Pagos (id_pago, id_reserva, id_metodo_pago, fecha_pago, valor_pago) values (77, 33, 70, '8/15/2024', '$41041.61');
insert into Pagos (id_pago, id_reserva, id_metodo_pago, fecha_pago, valor_pago) values (78, 96, 31, '5/24/2024', '$47463.51');
insert into Pagos (id_pago, id_reserva, id_metodo_pago, fecha_pago, valor_pago) values (79, 61, 70, '5/31/2024', '$9314.73');
insert into Pagos (id_pago, id_reserva, id_metodo_pago, fecha_pago, valor_pago) values (80, 85, 12, '5/24/2024', '$8145.40');
insert into Pagos (id_pago, id_reserva, id_metodo_pago, fecha_pago, valor_pago) values (81, 59, 63, '3/27/2024', '$48213.78');
insert into Pagos (id_pago, id_reserva, id_metodo_pago, fecha_pago, valor_pago) values (82, 81, 43, '12/31/2023', '$25123.80');
insert into Pagos (id_pago, id_reserva, id_metodo_pago, fecha_pago, valor_pago) values (83, 22, 10, '2/20/2024', '$21345.48');
insert into Pagos (id_pago, id_reserva, id_metodo_pago, fecha_pago, valor_pago) values (84, 23, 90, '10/21/2023', '$42795.57');
insert into Pagos (id_pago, id_reserva, id_metodo_pago, fecha_pago, valor_pago) values (85, 77, 43, '4/14/2024', '$36154.89');
insert into Pagos (id_pago, id_reserva, id_metodo_pago, fecha_pago, valor_pago) values (86, 54, 6, '5/18/2024', '$20266.53');
insert into Pagos (id_pago, id_reserva, id_metodo_pago, fecha_pago, valor_pago) values (87, 12, 62, '1/13/2024', '$28054.75');
insert into Pagos (id_pago, id_reserva, id_metodo_pago, fecha_pago, valor_pago) values (88, 79, 82, '8/6/2024', '$40465.79');
insert into Pagos (id_pago, id_reserva, id_metodo_pago, fecha_pago, valor_pago) values (89, 4, 42, '4/19/2024', '$39349.46');
insert into Pagos (id_pago, id_reserva, id_metodo_pago, fecha_pago, valor_pago) values (90, 42, 38, '11/3/2023', '$38443.54');
insert into Pagos (id_pago, id_reserva, id_metodo_pago, fecha_pago, valor_pago) values (91, 63, 100, '2/1/2024', '$28177.84');
insert into Pagos (id_pago, id_reserva, id_metodo_pago, fecha_pago, valor_pago) values (92, 3, 19, '3/16/2024', '$8816.05');
insert into Pagos (id_pago, id_reserva, id_metodo_pago, fecha_pago, valor_pago) values (93, 3, 69, '5/27/2024', '$50488.34');
insert into Pagos (id_pago, id_reserva, id_metodo_pago, fecha_pago, valor_pago) values (94, 86, 65, '12/13/2023', '$37498.78');
insert into Pagos (id_pago, id_reserva, id_metodo_pago, fecha_pago, valor_pago) values (95, 26, 70, '12/29/2023', '$13636.69');
insert into Pagos (id_pago, id_reserva, id_metodo_pago, fecha_pago, valor_pago) values (96, 50, 33, '5/23/2024', '$32318.21');
insert into Pagos (id_pago, id_reserva, id_metodo_pago, fecha_pago, valor_pago) values (97, 54, 40, '5/24/2024', '$51861.94');
insert into Pagos (id_pago, id_reserva, id_metodo_pago, fecha_pago, valor_pago) values (98, 9, 42, '8/4/2024', '$44277.69');
insert into Pagos (id_pago, id_reserva, id_metodo_pago, fecha_pago, valor_pago) values (99, 1, 36, '4/14/2024', '$45575.43');
insert into Pagos (id_pago, id_reserva, id_metodo_pago, fecha_pago, valor_pago) values (100, 58, 27, '2/14/2024', '$22053.85');

insert into Comidas (id_comida, nombre_comida) values (1, 'Doilies - 7, Paper');
insert into Comidas (id_comida, nombre_comida) values (2, 'Juice - Tomato, 48 Oz');
insert into Comidas (id_comida, nombre_comida) values (3, 'Chocolate - Liqueur Cups With Foil');
insert into Comidas (id_comida, nombre_comida) values (4, 'Cookie Trail Mix');
insert into Comidas (id_comida, nombre_comida) values (5, 'Extract - Almond');
insert into Comidas (id_comida, nombre_comida) values (6, 'Liners - Banana, Paper');
insert into Comidas (id_comida, nombre_comida) values (7, 'Hinge W Undercut');
insert into Comidas (id_comida, nombre_comida) values (8, 'Daves Island Stinger');
insert into Comidas (id_comida, nombre_comida) values (9, 'Soupcontfoam16oz 116con');
insert into Comidas (id_comida, nombre_comida) values (10, 'Mushroom - Trumpet, Dry');
insert into Comidas (id_comida, nombre_comida) values (11, 'Bagelers');
insert into Comidas (id_comida, nombre_comida) values (12, 'Bread - Crusty Italian Poly');
insert into Comidas (id_comida, nombre_comida) values (13, 'Potatoes - Parissienne');
insert into Comidas (id_comida, nombre_comida) values (14, 'Irish Cream - Baileys');
insert into Comidas (id_comida, nombre_comida) values (15, 'Dc - Frozen Momji');
insert into Comidas (id_comida, nombre_comida) values (16, 'Cleaner - Lime Away');
insert into Comidas (id_comida, nombre_comida) values (17, 'Pumpkin - Seed');
insert into Comidas (id_comida, nombre_comida) values (18, 'Sauce - Ranch Dressing');
insert into Comidas (id_comida, nombre_comida) values (19, 'Mushrooms - Black, Dried');
insert into Comidas (id_comida, nombre_comida) values (20, 'Soap - Hand Soap');
insert into Comidas (id_comida, nombre_comida) values (21, 'Tea - Decaf 1 Cup');
insert into Comidas (id_comida, nombre_comida) values (22, 'Beef Tenderloin Aaa');
insert into Comidas (id_comida, nombre_comida) values (23, 'Soup Campbells Turkey Veg.');
insert into Comidas (id_comida, nombre_comida) values (24, 'Pear - Packum');
insert into Comidas (id_comida, nombre_comida) values (25, 'Rice - Sushi');
insert into Comidas (id_comida, nombre_comida) values (26, 'Cup - 8oz Coffee Perforated');
insert into Comidas (id_comida, nombre_comida) values (27, 'Gelatine Leaves - Bulk');
insert into Comidas (id_comida, nombre_comida) values (28, 'Turkey - Breast, Smoked');
insert into Comidas (id_comida, nombre_comida) values (29, 'Trout - Rainbow, Frozen');
insert into Comidas (id_comida, nombre_comida) values (30, 'Soup - Verve - Chipotle Chicken');
insert into Comidas (id_comida, nombre_comida) values (31, 'French Pastries');
insert into Comidas (id_comida, nombre_comida) values (32, 'Wine - Prem Select Charddonany');
insert into Comidas (id_comida, nombre_comida) values (33, 'Lotus Leaves');
insert into Comidas (id_comida, nombre_comida) values (34, 'Carbonated Water - Lemon Lime');
insert into Comidas (id_comida, nombre_comida) values (35, 'Chevere Logs');
insert into Comidas (id_comida, nombre_comida) values (36, 'Lobster - Base');
insert into Comidas (id_comida, nombre_comida) values (37, 'Shrimp - 100 / 200 Cold Water');
insert into Comidas (id_comida, nombre_comida) values (38, 'Shrimp - Baby, Cold Water');
insert into Comidas (id_comida, nombre_comida) values (39, 'Coffee - French Vanilla Frothy');
insert into Comidas (id_comida, nombre_comida) values (40, 'Gelatine Leaves - Envelopes');
insert into Comidas (id_comida, nombre_comida) values (41, 'Nut - Cashews, Whole, Raw');
insert into Comidas (id_comida, nombre_comida) values (42, 'Sole - Iqf');
insert into Comidas (id_comida, nombre_comida) values (43, 'Wine - Segura Viudas Aria Brut');
insert into Comidas (id_comida, nombre_comida) values (44, 'Gingerale - Diet - Schweppes');
insert into Comidas (id_comida, nombre_comida) values (45, 'Fennel - Seeds');
insert into Comidas (id_comida, nombre_comida) values (46, 'Ice Cream - Fudge Bars');
insert into Comidas (id_comida, nombre_comida) values (47, 'Wine - Gato Negro Cabernet');
insert into Comidas (id_comida, nombre_comida) values (48, 'Coffee - Beans, Whole');
insert into Comidas (id_comida, nombre_comida) values (49, 'Wine - Mondavi Coastal Private');
insert into Comidas (id_comida, nombre_comida) values (50, 'Chick Peas - Canned');
insert into Comidas (id_comida, nombre_comida) values (51, 'Cookies Oatmeal Raisin');
insert into Comidas (id_comida, nombre_comida) values (52, 'Tuna - Bluefin');
insert into Comidas (id_comida, nombre_comida) values (53, 'Pastry - French Mini Assorted');
insert into Comidas (id_comida, nombre_comida) values (54, 'Crab - Imitation Flakes');
insert into Comidas (id_comida, nombre_comida) values (55, 'Huck White Towels');
insert into Comidas (id_comida, nombre_comida) values (56, 'Garbage Bags - Clear');
insert into Comidas (id_comida, nombre_comida) values (57, 'Juice - Clamato, 341 Ml');
insert into Comidas (id_comida, nombre_comida) values (58, 'Ice Cream - Vanilla');
insert into Comidas (id_comida, nombre_comida) values (59, 'Garlic - Primerba, Paste');
insert into Comidas (id_comida, nombre_comida) values (60, 'Kiwi Gold Zespri');
insert into Comidas (id_comida, nombre_comida) values (61, 'Clementine');
insert into Comidas (id_comida, nombre_comida) values (62, 'Grapes - Green');
insert into Comidas (id_comida, nombre_comida) values (63, 'Steam Pan Full Lid');
insert into Comidas (id_comida, nombre_comida) values (64, 'Wine - Prem Select Charddonany');
insert into Comidas (id_comida, nombre_comida) values (65, 'Yogurt - Plain');
insert into Comidas (id_comida, nombre_comida) values (66, 'Fudge - Cream Fudge');
insert into Comidas (id_comida, nombre_comida) values (67, 'Blueberries - Frozen');
insert into Comidas (id_comida, nombre_comida) values (68, 'Parsley - Dried');
insert into Comidas (id_comida, nombre_comida) values (69, 'Glass Clear 8 Oz');
insert into Comidas (id_comida, nombre_comida) values (70, 'Vegetable - Base');
insert into Comidas (id_comida, nombre_comida) values (71, 'Peach - Halves');
insert into Comidas (id_comida, nombre_comida) values (72, 'Beef - Shank');
insert into Comidas (id_comida, nombre_comida) values (73, 'Cake - Box Window 10x10x2.5');
insert into Comidas (id_comida, nombre_comida) values (74, 'Ostrich - Prime Cut');
insert into Comidas (id_comida, nombre_comida) values (75, 'Duck - Legs');
insert into Comidas (id_comida, nombre_comida) values (76, 'Mushroom - Portebello');
insert into Comidas (id_comida, nombre_comida) values (77, 'Foil Wrap');
insert into Comidas (id_comida, nombre_comida) values (78, 'Sauce - Apple, Unsweetened');
insert into Comidas (id_comida, nombre_comida) values (79, 'Egg - Salad Premix');
insert into Comidas (id_comida, nombre_comida) values (80, 'Figs');
insert into Comidas (id_comida, nombre_comida) values (81, 'Tomato Paste');
insert into Comidas (id_comida, nombre_comida) values (82, 'Pepper - Black, Crushed');
insert into Comidas (id_comida, nombre_comida) values (83, 'Papayas');
insert into Comidas (id_comida, nombre_comida) values (84, 'Veal - Inside, Choice');
insert into Comidas (id_comida, nombre_comida) values (85, 'Nut - Pistachio, Shelled');
insert into Comidas (id_comida, nombre_comida) values (86, 'The Pop Shoppe - Black Cherry');
insert into Comidas (id_comida, nombre_comida) values (87, 'Jameson Irish Whiskey');
insert into Comidas (id_comida, nombre_comida) values (88, 'Huck White Towels');
insert into Comidas (id_comida, nombre_comida) values (89, 'Gingerale - Diet - Schweppes');
insert into Comidas (id_comida, nombre_comida) values (90, 'Honey - Liquid');
insert into Comidas (id_comida, nombre_comida) values (91, 'Cheese - Le Cheve Noir');
insert into Comidas (id_comida, nombre_comida) values (92, 'Sprouts - Alfalfa');
insert into Comidas (id_comida, nombre_comida) values (93, 'Island Oasis - Raspberry');
insert into Comidas (id_comida, nombre_comida) values (94, 'Bread Country Roll');
insert into Comidas (id_comida, nombre_comida) values (95, 'Tortillas - Flour, 8');
insert into Comidas (id_comida, nombre_comida) values (96, 'Tabasco Sauce, 2 Oz');
insert into Comidas (id_comida, nombre_comida) values (97, 'Wine - Beringer Founders Estate');
insert into Comidas (id_comida, nombre_comida) values (98, 'Salami - Genova');
insert into Comidas (id_comida, nombre_comida) values (99, 'Wine - Remy Pannier Rose');
insert into Comidas (id_comida, nombre_comida) values (100, 'Tahini Paste');

insert into Menu_cine (id_menu_cine, id_comida, id_cine, precio, disponibilidad) values (1, 81, 66, '$34903.32', true);
insert into Menu_cine (id_menu_cine, id_comida, id_cine, precio, disponibilidad) values (2, 94, 64, '$68210.36', false);
insert into Menu_cine (id_menu_cine, id_comida, id_cine, precio, disponibilidad) values (3, 31, 43, '$43772.71', false);
insert into Menu_cine (id_menu_cine, id_comida, id_cine, precio, disponibilidad) values (4, 54, 84, '$44974.14', true);
insert into Menu_cine (id_menu_cine, id_comida, id_cine, precio, disponibilidad) values (5, 79, 32, '$58190.76', true);
insert into Menu_cine (id_menu_cine, id_comida, id_cine, precio, disponibilidad) values (6, 52, 56, '$26623.27', false);
insert into Menu_cine (id_menu_cine, id_comida, id_cine, precio, disponibilidad) values (7, 82, 17, '$11375.30', true);
insert into Menu_cine (id_menu_cine, id_comida, id_cine, precio, disponibilidad) values (8, 43, 32, '$16433.98', false);
insert into Menu_cine (id_menu_cine, id_comida, id_cine, precio, disponibilidad) values (9, 43, 56, '$86889.81', false);
insert into Menu_cine (id_menu_cine, id_comida, id_cine, precio, disponibilidad) values (10, 22, 24, '$25760.04', false);
insert into Menu_cine (id_menu_cine, id_comida, id_cine, precio, disponibilidad) values (11, 51, 11, '$79405.25', true);
insert into Menu_cine (id_menu_cine, id_comida, id_cine, precio, disponibilidad) values (12, 50, 47, '$90820.33', true);
insert into Menu_cine (id_menu_cine, id_comida, id_cine, precio, disponibilidad) values (13, 36, 9, '$83501.80', false);
insert into Menu_cine (id_menu_cine, id_comida, id_cine, precio, disponibilidad) values (14, 75, 86, '$57899.08', true);
insert into Menu_cine (id_menu_cine, id_comida, id_cine, precio, disponibilidad) values (15, 76, 87, '$58627.84', false);
insert into Menu_cine (id_menu_cine, id_comida, id_cine, precio, disponibilidad) values (16, 72, 24, '$59147.17', false);
insert into Menu_cine (id_menu_cine, id_comida, id_cine, precio, disponibilidad) values (17, 42, 91, '$43836.64', true);
insert into Menu_cine (id_menu_cine, id_comida, id_cine, precio, disponibilidad) values (18, 29, 57, '$89353.71', false);
insert into Menu_cine (id_menu_cine, id_comida, id_cine, precio, disponibilidad) values (19, 47, 26, '$78709.79', true);
insert into Menu_cine (id_menu_cine, id_comida, id_cine, precio, disponibilidad) values (20, 39, 70, '$26482.51', false);
insert into Menu_cine (id_menu_cine, id_comida, id_cine, precio, disponibilidad) values (21, 43, 19, '$30688.91', false);
insert into Menu_cine (id_menu_cine, id_comida, id_cine, precio, disponibilidad) values (22, 77, 7, '$53911.00', true);
insert into Menu_cine (id_menu_cine, id_comida, id_cine, precio, disponibilidad) values (23, 85, 77, '$91409.67', false);
insert into Menu_cine (id_menu_cine, id_comida, id_cine, precio, disponibilidad) values (24, 24, 4, '$86095.01', true);
insert into Menu_cine (id_menu_cine, id_comida, id_cine, precio, disponibilidad) values (25, 36, 91, '$79054.89', false);
insert into Menu_cine (id_menu_cine, id_comida, id_cine, precio, disponibilidad) values (26, 16, 17, '$42594.74', true);
insert into Menu_cine (id_menu_cine, id_comida, id_cine, precio, disponibilidad) values (27, 26, 34, '$69189.88', true);
insert into Menu_cine (id_menu_cine, id_comida, id_cine, precio, disponibilidad) values (28, 98, 34, '$44065.91', true);
insert into Menu_cine (id_menu_cine, id_comida, id_cine, precio, disponibilidad) values (29, 34, 69, '$85249.89', false);
insert into Menu_cine (id_menu_cine, id_comida, id_cine, precio, disponibilidad) values (30, 70, 52, '$35059.66', false);
insert into Menu_cine (id_menu_cine, id_comida, id_cine, precio, disponibilidad) values (31, 85, 51, '$47853.89', false);
insert into Menu_cine (id_menu_cine, id_comida, id_cine, precio, disponibilidad) values (32, 71, 80, '$58891.73', false);
insert into Menu_cine (id_menu_cine, id_comida, id_cine, precio, disponibilidad) values (33, 26, 43, '$79660.71', false);
insert into Menu_cine (id_menu_cine, id_comida, id_cine, precio, disponibilidad) values (34, 89, 28, '$78815.30', true);
insert into Menu_cine (id_menu_cine, id_comida, id_cine, precio, disponibilidad) values (35, 77, 12, '$86834.02', true);
insert into Menu_cine (id_menu_cine, id_comida, id_cine, precio, disponibilidad) values (36, 28, 3, '$75018.75', false);
insert into Menu_cine (id_menu_cine, id_comida, id_cine, precio, disponibilidad) values (37, 31, 66, '$53508.64', true);
insert into Menu_cine (id_menu_cine, id_comida, id_cine, precio, disponibilidad) values (38, 7, 52, '$63422.70', true);
insert into Menu_cine (id_menu_cine, id_comida, id_cine, precio, disponibilidad) values (39, 11, 30, '$26371.99', true);
insert into Menu_cine (id_menu_cine, id_comida, id_cine, precio, disponibilidad) values (40, 57, 7, '$64980.36', true);
insert into Menu_cine (id_menu_cine, id_comida, id_cine, precio, disponibilidad) values (41, 79, 77, '$39070.73', true);
insert into Menu_cine (id_menu_cine, id_comida, id_cine, precio, disponibilidad) values (42, 6, 30, '$71774.82', true);
insert into Menu_cine (id_menu_cine, id_comida, id_cine, precio, disponibilidad) values (43, 12, 2, '$30065.09', false);
insert into Menu_cine (id_menu_cine, id_comida, id_cine, precio, disponibilidad) values (44, 16, 74, '$17782.25', true);
insert into Menu_cine (id_menu_cine, id_comida, id_cine, precio, disponibilidad) values (45, 38, 74, '$96168.69', false);
insert into Menu_cine (id_menu_cine, id_comida, id_cine, precio, disponibilidad) values (46, 48, 1, '$78161.41', false);
insert into Menu_cine (id_menu_cine, id_comida, id_cine, precio, disponibilidad) values (47, 97, 96, '$48632.40', true);
insert into Menu_cine (id_menu_cine, id_comida, id_cine, precio, disponibilidad) values (48, 14, 71, '$23826.19', false);
insert into Menu_cine (id_menu_cine, id_comida, id_cine, precio, disponibilidad) values (49, 42, 90, '$82788.62', true);
insert into Menu_cine (id_menu_cine, id_comida, id_cine, precio, disponibilidad) values (50, 37, 37, '$99839.77', true);
insert into Menu_cine (id_menu_cine, id_comida, id_cine, precio, disponibilidad) values (51, 20, 52, '$45861.26', true);
insert into Menu_cine (id_menu_cine, id_comida, id_cine, precio, disponibilidad) values (52, 8, 74, '$6506.15', true);
insert into Menu_cine (id_menu_cine, id_comida, id_cine, precio, disponibilidad) values (53, 17, 44, '$99307.32', true);
insert into Menu_cine (id_menu_cine, id_comida, id_cine, precio, disponibilidad) values (54, 94, 58, '$39689.94', false);
insert into Menu_cine (id_menu_cine, id_comida, id_cine, precio, disponibilidad) values (55, 7, 96, '$54289.89', true);
insert into Menu_cine (id_menu_cine, id_comida, id_cine, precio, disponibilidad) values (56, 16, 41, '$8070.64', true);
insert into Menu_cine (id_menu_cine, id_comida, id_cine, precio, disponibilidad) values (57, 4, 8, '$91242.72', false);
insert into Menu_cine (id_menu_cine, id_comida, id_cine, precio, disponibilidad) values (58, 89, 16, '$45059.43', true);
insert into Menu_cine (id_menu_cine, id_comida, id_cine, precio, disponibilidad) values (59, 81, 83, '$44209.05', false);
insert into Menu_cine (id_menu_cine, id_comida, id_cine, precio, disponibilidad) values (60, 82, 15, '$66536.17', false);
insert into Menu_cine (id_menu_cine, id_comida, id_cine, precio, disponibilidad) values (61, 39, 15, '$97155.97', true);
insert into Menu_cine (id_menu_cine, id_comida, id_cine, precio, disponibilidad) values (62, 45, 5, '$13259.81', true);
insert into Menu_cine (id_menu_cine, id_comida, id_cine, precio, disponibilidad) values (63, 58, 13, '$71299.99', false);
insert into Menu_cine (id_menu_cine, id_comida, id_cine, precio, disponibilidad) values (64, 72, 53, '$55912.93', false);
insert into Menu_cine (id_menu_cine, id_comida, id_cine, precio, disponibilidad) values (65, 94, 22, '$66757.62', false);
insert into Menu_cine (id_menu_cine, id_comida, id_cine, precio, disponibilidad) values (66, 36, 61, '$79767.92', false);
insert into Menu_cine (id_menu_cine, id_comida, id_cine, precio, disponibilidad) values (67, 87, 26, '$22142.90', false);
insert into Menu_cine (id_menu_cine, id_comida, id_cine, precio, disponibilidad) values (68, 45, 51, '$66584.64', true);
insert into Menu_cine (id_menu_cine, id_comida, id_cine, precio, disponibilidad) values (69, 14, 79, '$43418.49', false);
insert into Menu_cine (id_menu_cine, id_comida, id_cine, precio, disponibilidad) values (70, 40, 51, '$10335.59', true);
insert into Menu_cine (id_menu_cine, id_comida, id_cine, precio, disponibilidad) values (71, 86, 95, '$57186.28', true);
insert into Menu_cine (id_menu_cine, id_comida, id_cine, precio, disponibilidad) values (72, 87, 94, '$41545.18', false);
insert into Menu_cine (id_menu_cine, id_comida, id_cine, precio, disponibilidad) values (73, 99, 19, '$98218.30', false);
insert into Menu_cine (id_menu_cine, id_comida, id_cine, precio, disponibilidad) values (74, 80, 92, '$15946.78', false);
insert into Menu_cine (id_menu_cine, id_comida, id_cine, precio, disponibilidad) values (75, 1, 31, '$48342.68', true);
insert into Menu_cine (id_menu_cine, id_comida, id_cine, precio, disponibilidad) values (76, 89, 91, '$85441.72', true);
insert into Menu_cine (id_menu_cine, id_comida, id_cine, precio, disponibilidad) values (77, 9, 38, '$6609.63', true);
insert into Menu_cine (id_menu_cine, id_comida, id_cine, precio, disponibilidad) values (78, 34, 36, '$72392.88', false);
insert into Menu_cine (id_menu_cine, id_comida, id_cine, precio, disponibilidad) values (79, 69, 69, '$43093.35', true);
insert into Menu_cine (id_menu_cine, id_comida, id_cine, precio, disponibilidad) values (80, 34, 81, '$17396.89', true);
insert into Menu_cine (id_menu_cine, id_comida, id_cine, precio, disponibilidad) values (81, 6, 78, '$62450.07', false);
insert into Menu_cine (id_menu_cine, id_comida, id_cine, precio, disponibilidad) values (82, 32, 66, '$99986.42', false);
insert into Menu_cine (id_menu_cine, id_comida, id_cine, precio, disponibilidad) values (83, 90, 55, '$93014.48', false);
insert into Menu_cine (id_menu_cine, id_comida, id_cine, precio, disponibilidad) values (84, 88, 11, '$73979.16', false);
insert into Menu_cine (id_menu_cine, id_comida, id_cine, precio, disponibilidad) values (85, 73, 32, '$38007.88', true);
insert into Menu_cine (id_menu_cine, id_comida, id_cine, precio, disponibilidad) values (86, 97, 57, '$16207.77', false);
insert into Menu_cine (id_menu_cine, id_comida, id_cine, precio, disponibilidad) values (87, 36, 59, '$56652.91', true);
insert into Menu_cine (id_menu_cine, id_comida, id_cine, precio, disponibilidad) values (88, 15, 48, '$14054.64', false);
insert into Menu_cine (id_menu_cine, id_comida, id_cine, precio, disponibilidad) values (89, 47, 35, '$29672.92', true);
insert into Menu_cine (id_menu_cine, id_comida, id_cine, precio, disponibilidad) values (90, 85, 66, '$85479.39', true);
insert into Menu_cine (id_menu_cine, id_comida, id_cine, precio, disponibilidad) values (91, 100, 53, '$25434.71', false);
insert into Menu_cine (id_menu_cine, id_comida, id_cine, precio, disponibilidad) values (92, 1, 15, '$83968.69', true);
insert into Menu_cine (id_menu_cine, id_comida, id_cine, precio, disponibilidad) values (93, 42, 51, '$99081.63', true);
insert into Menu_cine (id_menu_cine, id_comida, id_cine, precio, disponibilidad) values (94, 97, 90, '$97514.49', false);
insert into Menu_cine (id_menu_cine, id_comida, id_cine, precio, disponibilidad) values (95, 38, 63, '$35442.62', false);
insert into Menu_cine (id_menu_cine, id_comida, id_cine, precio, disponibilidad) values (96, 74, 29, '$14438.31', true);
insert into Menu_cine (id_menu_cine, id_comida, id_cine, precio, disponibilidad) values (97, 55, 77, '$47547.47', true);
insert into Menu_cine (id_menu_cine, id_comida, id_cine, precio, disponibilidad) values (98, 56, 70, '$35322.65', true);
insert into Menu_cine (id_menu_cine, id_comida, id_cine, precio, disponibilidad) values (99, 4, 89, '$12688.03', false);
insert into Menu_cine (id_menu_cine, id_comida, id_cine, precio, disponibilidad) values (100, 71, 11, '$77025.53', false);
